event,team_id,reason
5089893,20,starter identity incomplete
5089895,2,starter identity incomplete
5089895,18,starter identity incomplete
5089900,7,cannot identify lineup side
5089901,13,starter identity incomplete
5089904,10,starter identity incomplete
5089905,17,starter identity incomplete
5089907,3,starter identity incomplete
5089909,1,cannot identify lineup side
5089910,11,starter identity incomplete
5089915,4,starter identity incomplete
5089921,8,starter identity incomplete
5089922,6,starter identity incomplete
5089922,14,cannot identify lineup side
5135161,10,starter identity incomplete
5135162,6,starter identity incomplete
5135166,1,starter identity incomplete
5135167,7,cannot identify lineup side
5135169,19,starter identity incomplete
5135170,3,starter identity incomplete
5135173,20,starter identity incomplete
5135175,13,starter identity incomplete
5135177,11,starter identity incomplete
5186378,10,starter identity incomplete
5186379,17,starter identity incomplete
5186380,13,starter identity incomplete
5186381,11,starter identity incomplete
5186382,1,starter identity incomplete
5186383,20,cannot identify lineup side
5186384,7,cannot identify lineup side
5186385,5,starter identity incomplete
5186385,19,starter identity incomplete
5231045,1,starter identity incomplete
5231046,7,starter identity incomplete
5231047,13,starter identity incomplete
5231346,11,starter identity incomplete
5231346,19,starter identity incomplete
5293793,13,starter identity incomplete
5293794,7,cannot identify lineup side
5293794,11,starter identity incomplete
5315746,7,cannot identify lineup side
5315746,13,starter identity incomplete
