team,variant,n,brier,log_loss,xmins_mae,xmins_rmse
afc-bournemouth,role_control,760,0.041354394869268354,0.15261172740436046,7.18275366801309,14.548856038035852
afc-bournemouth,workload_start,760,0.03982766817952898,0.14402886243320706,6.947541152394864,14.267528634748214
afc-bournemouth,role_decomposition,760,0.041354394869268354,0.15261172740436046,8.008790817398175,14.768106123611343
afc-bournemouth,workload_decomposition,760,0.03982766817952898,0.14402886243320706,7.6929845046382,14.497284304255114
afc-bournemouth,pl_only_start,760,0.040078056678645696,0.1463552946667391,7.169813530013208,14.28139824882273
arsenal,role_control,612,0.11663079975248436,0.36279301789131974,14.766607613156179,25.08852031355158
arsenal,workload_start,612,0.11503563789005437,0.3562819914078953,14.43229988079648,24.930632207981255
arsenal,role_decomposition,612,0.11663079975248436,0.36279301789131974,15.014347768874446,24.571938001408554
arsenal,workload_decomposition,612,0.11503563789005437,0.3562819914078953,14.684741849555817,24.422077044694475
arsenal,pl_only_start,612,0.1157782235993056,0.3595846206883057,14.470206339558159,25.064776075811356
aston-villa,role_control,815,0.10497521722022025,0.3200663878691366,14.257690154477173,26.38000927866769
aston-villa,workload_start,815,0.10123942534302184,0.31035697747708635,13.764526195851856,25.9796789551602
aston-villa,role_decomposition,815,0.10497521722022025,0.3200663878691366,14.650948645000412,25.96540625356604
aston-villa,workload_decomposition,815,0.10123942534302184,0.31035697747708635,13.921769583195767,25.524220555489062
aston-villa,pl_only_start,815,0.10182450769007056,0.31136135877063664,13.931027891756415,25.95786981923507
brentford,role_control,712,0.053185761202575475,0.18568081817575025,9.03235842505301,18.21107881665631
brentford,workload_start,712,0.05007952894104755,0.17232517402490263,8.613935197181428,17.784524738231877
brentford,role_decomposition,712,0.053185761202575475,0.18568081817575025,9.841144605927541,18.039352892742947
brentford,workload_decomposition,712,0.05007952894104755,0.17232517402490263,9.38916322437935,17.579529831330493
brentford,pl_only_start,712,0.05042013571367891,0.17616048089395764,8.693025025244044,17.762719711702054
brighton-hove-albion,role_control,797,0.06621841659187998,0.2172023077279459,10.582075530369114,20.703241362077506
brighton-hove-albion,workload_start,797,0.06404578220981455,0.20795919056390524,10.309763800312604,20.26883759263953
brighton-hove-albion,role_decomposition,797,0.06621841659187998,0.2172023077279459,11.282401758666305,20.506556537807548
brighton-hove-albion,workload_decomposition,797,0.06404578220981455,0.20795919056390524,11.012971721250256,20.228727213577788
brighton-hove-albion,pl_only_start,797,0.06399644160027364,0.21073847906670085,10.458452091696818,20.25746232507391
burnley,role_control,756,0.06336750261272715,0.21780579801359132,10.628691124390603,20.054956917912396
burnley,workload_start,756,0.06188815224968382,0.20976978080735675,10.338834372898152,19.67272595409143
burnley,role_decomposition,756,0.06336750261272715,0.21780579801359132,11.505025722800688,20.323646060035955
burnley,workload_decomposition,756,0.06188815224968382,0.20976978080735675,11.158752070014156,20.034824928196993
burnley,pl_only_start,756,0.06182188754769203,0.21219868778545575,10.523945205566646,19.66287349798721
chelsea,role_control,628,0.11295220909542956,0.3487551054843493,15.812895287154053,26.70884602385692
chelsea,workload_start,628,0.1097430413463153,0.3353395646887954,15.463255809656852,26.5065137132829
chelsea,role_decomposition,628,0.11295220909542956,0.3487551054843493,16.21436454566722,26.188061961175507
chelsea,workload_decomposition,628,0.1097430413463153,0.3353395646887954,15.61131576154774,25.861661862011996
chelsea,pl_only_start,628,0.11372870935873153,0.3486019402145279,15.835965337266739,26.807628022131208
crystal-palace,role_control,743,0.09001986880116572,0.28263351642572115,12.762136432325983,23.496935520228906
crystal-palace,workload_start,743,0.08848768674288054,0.27558117095337725,12.202801360751932,23.159744155861308
crystal-palace,role_decomposition,743,0.09001986880116572,0.28263351642572115,12.967372506300377,22.985848677888242
crystal-palace,workload_decomposition,743,0.08848768674288054,0.27558117095337725,12.387297961367045,22.68860479978588
crystal-palace,pl_only_start,743,0.08820484660167342,0.27914850818439757,12.319866165163528,23.094481770645082
everton,role_control,626,0.06571572462838604,0.22097264190163055,11.20567924391145,21.311710541626358
everton,workload_start,626,0.06589187214480187,0.2165192468657581,10.92264335336995,21.312963829381772
everton,role_decomposition,626,0.06571572462838604,0.22097264190163055,12.298275247556562,21.432012211776257
everton,workload_decomposition,626,0.06589187214480187,0.2165192468657581,11.797067075046677,21.455678143327958
everton,pl_only_start,626,0.06628612567111179,0.21801789119048715,11.139392002300047,21.340995081632112
fulham,role_control,527,0.09387003829665232,0.3061190870077797,14.423502267423085,23.196454380373524
fulham,workload_start,527,0.09395690790414123,0.30277661839672715,14.160883802154196,22.971518923894607
fulham,role_decomposition,527,0.09387003829665232,0.3061190870077797,15.325132309460274,23.475621255521265
fulham,workload_decomposition,527,0.09395690790414123,0.30277661839672715,14.941519470383549,23.224816022496505
fulham,pl_only_start,527,0.09456055713192735,0.3028828447783738,14.369834458137545,22.94445924756893
leeds-united,role_control,620,0.06929620943542936,0.23125115490459122,11.9675887473128,21.523238500534408
leeds-united,workload_start,620,0.06951240325761134,0.2281127257986262,11.724672866397706,21.37678065218329
leeds-united,role_decomposition,620,0.06929620943542936,0.23125115490459122,12.311483230419606,20.96059162423882
leeds-united,workload_decomposition,620,0.06951240325761134,0.2281127257986262,11.935960410354824,20.92527969979892
leeds-united,pl_only_start,620,0.07001931419940693,0.2306395909591935,11.985056365014943,21.43319139771849
liverpool,role_control,638,0.08287092397385076,0.26579720144299807,12.829232277480857,23.144113142702047
liverpool,workload_start,638,0.0807696661117012,0.25369665994661833,12.377675309395233,22.77702500401892
liverpool,role_decomposition,638,0.08287092397385076,0.26579720144299807,13.362212887835948,22.915449403140066
liverpool,workload_decomposition,638,0.0807696661117012,0.25369665994661833,12.914533542595322,22.61348419333253
liverpool,pl_only_start,638,0.0821303344921483,0.25744049270001773,12.34842001036882,22.831619650491756
manchester-city,role_control,650,0.09419119471369282,0.30538467824359555,13.736188364457,24.328741913396247
manchester-city,workload_start,650,0.09382651560114981,0.3037095463069227,13.584978892144024,24.201611043243616
manchester-city,role_decomposition,650,0.09419119471369282,0.30538467824359555,14.53135886820094,24.439333048973857
manchester-city,workload_decomposition,650,0.09382651560114981,0.3037095463069227,14.294954989187136,24.389409585333173
manchester-city,pl_only_start,650,0.09510495141487062,0.30438498562864186,13.810590337294391,24.418802911252445
manchester-united,role_control,737,0.06243993682178615,0.2101369021100478,10.43894700810022,20.38691834990198
manchester-united,workload_start,737,0.0611089414642179,0.2031489581944683,10.166639878822716,20.113839289549002
manchester-united,role_decomposition,737,0.06243993682178615,0.2101369021100478,11.071910777124044,20.394125392055027
manchester-united,workload_decomposition,737,0.0611089414642179,0.2031489581944683,10.718615340249832,20.1058243077211
manchester-united,pl_only_start,737,0.060523076945473736,0.20265577617911312,10.35305493912495,20.01922707362896
newcastle-united,role_control,663,0.1115977859140097,0.3401868749793337,15.5465097290878,26.161575949676212
newcastle-united,workload_start,663,0.10563041444240755,0.31825580250037566,14.550147901863463,25.438047172161358
newcastle-united,role_decomposition,663,0.1115977859140097,0.3401868749793337,15.686023064013808,25.523823574187407
newcastle-united,workload_decomposition,663,0.10563041444240755,0.31825580250037566,14.557755042761658,24.759618893183546
newcastle-united,pl_only_start,663,0.10904192709971922,0.3281273372429011,15.060552789496278,25.80445341223848
nottingham-forest,role_control,664,0.07129895764495081,0.2496959854185417,12.097662867256549,20.224351865392286
nottingham-forest,workload_start,664,0.07122167958817668,0.24894045128480738,11.909213973170253,20.149252529094085
nottingham-forest,role_decomposition,664,0.07129895764495081,0.2496959854185417,12.49985232103059,20.122119826038766
nottingham-forest,workload_decomposition,664,0.07122167958817668,0.24894045128480738,12.468458200208628,20.159418427254895
nottingham-forest,pl_only_start,664,0.07167928987523488,0.2521807715592683,12.137790570830251,20.203431789812715
sunderland,role_control,861,0.05111288308121271,0.18559934374594497,9.565976344353519,19.14723699096579
sunderland,workload_start,861,0.047803347683288304,0.17248608212849853,9.026385981179757,18.45907892099532
sunderland,role_decomposition,861,0.05111288308121271,0.18559934374594497,10.28453941539164,19.182312407399575
sunderland,workload_decomposition,861,0.047803347683288304,0.17248608212849853,9.702424019107001,18.51959741266414
sunderland,pl_only_start,861,0.047551277710457605,0.1710327685199572,9.070020526374824,18.37338914785993
tottenham-hotspur,role_control,756,0.08355238776768036,0.2704442227665005,11.900334182815316,21.982750959339477
tottenham-hotspur,workload_start,756,0.08008477376670853,0.253364380785971,11.377831329695379,21.478752276874488
tottenham-hotspur,role_decomposition,756,0.08355238776768036,0.2704442227665005,12.937796741325691,22.148452087282298
tottenham-hotspur,workload_decomposition,756,0.08008477376670853,0.253364380785971,12.239624310755381,21.5654161751292
tottenham-hotspur,pl_only_start,756,0.08136367415878987,0.26010060906298726,11.700703532721159,21.70291186299728
west-ham-united,role_control,686,0.048077718067910856,0.17729108949605582,9.49432792181402,17.730608791784423
west-ham-united,workload_start,686,0.04858676707961687,0.1830366144218637,9.444090701597917,17.77315157594764
west-ham-united,role_decomposition,686,0.048077718067910856,0.17729108949605582,10.361716650386537,17.969339845305267
west-ham-united,workload_decomposition,686,0.04858676707961687,0.1830366144218637,10.340628639014831,18.033952561162643
west-ham-united,pl_only_start,686,0.04829927408631473,0.18360751569837647,9.676834889505926,17.759677086994984
wolverhampton-wanderers,role_control,736,0.07082859313205979,0.23705126875248111,10.896141827466598,20.846774090935533
wolverhampton-wanderers,workload_start,736,0.07356712000811362,0.251511773735511,10.867050047575395,21.02073500153445
wolverhampton-wanderers,role_decomposition,736,0.07082859313205979,0.23705126875248111,11.838638656611524,21.077591691848593
wolverhampton-wanderers,workload_decomposition,736,0.07356712000811362,0.251511773735511,11.709350330914802,21.367577163464333
wolverhampton-wanderers,pl_only_start,736,0.07431360122634974,0.25348744494599956,11.112975911785577,21.063771460482418
