fixture_uuid,player_uuid,gw,cutoff,fpl_element_id,canonical_name,decision_gw,id,xpts_mean,p_play,legacy_current_gw_forecast_present
89e2194a-5d18-5d77-8037-92733cd9c97f,f7819d5a-97b7-5cd3-b00d-4a24f02de6d0,22,2026-01-17T11:00:00+00:00,797,Kaye Furo,22,797,1.44,0.465773239541107,True
de9a09f3-6021-5322-bb75-a6a0dc72d91d,e68c597b-f82a-5110-a6b0-2ac05e79459f,22,2026-01-17T11:00:00+00:00,798,Danny Imray,22,798,1.3775,0.465773239541107,True
01b894d5-057a-530b-917f-9397231a3249,a6bdefcf-d1cc-5cf5-b107-5db1175ae6d7,22,2026-01-17T11:00:00+00:00,799,Charlie Stevens,22,799,1.735,0.465773239541107,True
cf2cfda2-d007-5839-984a-e3c0650fa9de,0bbf4c7c-2ef0-50b5-9f1d-7be9fb72ecfd,23,2026-01-24T11:00:00+00:00,803,Teddy Sharman-Lowe,23,803,1.1475,0.465773239541107,True
30cc90ed-8f7d-5817-97c3-29b9acd76a4c,ab1bd1a1-7e46-5a2e-b6df-3f90bac73f90,24,2026-01-31T13:30:00+00:00,809,Jerome Abbey,24,809,1.46,0.465773239541107,True
6f555168-6fa4-5bdb-ad1e-d646c8e0f78a,264b0f60-fa6c-50b7-8ef3-421507dcd83e,24,2026-01-31T13:30:00+00:00,810,Luka Bentt,24,810,1.41,0.465773239541107,True
f2500cd6-3213-514b-bc50-11600f2a02df,6584a157-53e2-59c9-b7cd-10dfd78c4956,24,2026-01-31T13:30:00+00:00,811,Rio Kyerematen,24,811,1.4125,0.465773239541107,True
c24850ac-b48a-5ac5-91e3-bc422c2e52a4,71b42af1-caa4-5720-9bcf-3d24a9ee0c81,27,2026-02-21T13:30:00+00:00,818,James Wilson,27,818,1.0275,0.465773239541107,True
47e684ca-483b-5eca-8ec1-c94a86f9452a,bb2b3164-02e8-5f8e-a60c-627d9ed7a85b,28,2026-02-27T18:30:00+00:00,819,Ollie Shield,28,819,1.6875,0.465773239541107,True
1e6f4756-7e43-5162-a518-806522137b05,d5a6f92e-7e3e-5c28-ab87-193b5bdcf225,29,2026-03-03T18:00:00+00:00,820,Kian McMahon-Brown,29,820,1.3175,0.465773239541107,True
7729aaf4-dd5e-5f38-a0a4-430fccf34c7c,68f4401f-2df4-5fca-a67e-3dc99572dc52,30,2026-03-14T13:30:00+00:00,822,Jaydon Jones,30,822,1.675,0.465773239541107,True
7729aaf4-dd5e-5f38-a0a4-430fccf34c7c,b810772c-a39d-5e4e-98c0-8186441eb52c,30,2026-03-14T13:30:00+00:00,821,Jack Whittaker,30,821,1.305,0.465773239541107,True
09eed520-5d17-51e8-8b91-f6b3a3579507,84a81438-2d6f-5b57-9f53-a19eb89da5ec,31,2026-03-20T18:30:00+00:00,824,Conor McManus,31,824,1.5175,0.465773239541107,True
09eed520-5d17-51e8-8b91-f6b3a3579507,a6ed8ddf-dbbe-57e0-85cb-f4de4f26a559,31,2026-03-20T18:30:00+00:00,823,Joshua Stephenson,31,823,1.58,0.465773239541107,True
1ce47acb-bab6-57a0-b8fc-b4936d9f71f7,f5aa8296-17cf-55f8-94a2-fa0e2ef64071,31,2026-03-20T18:30:00+00:00,825,Finlay Herrick,31,825,1.2575,0.465773239541107,True
875862ec-2f61-5965-8e94-d3ed55e4bf3f,49be184d-c700-5f44-b645-1ba5d87d644b,32,2026-04-10T17:30:00+00:00,826,Riley Owen,32,826,1.595,0.465773239541107,True
bd6a2d47-5dc1-5837-8700-c916a4a9191c,5ef88ee7-67ce-5ea6-9f7d-768590a17478,33,2026-04-18T10:00:00+00:00,828,Alfie Brooks,33,828,1.2825,0.465773239541107,True
14980272-dff9-5025-a8ef-deeed283d4ce,33ac99dd-6169-5c59-bc88-cc17620c7707,33,2026-04-18T10:00:00+00:00,829,Jesse Derry,33,829,3.12,0.7146017684095967,True
14980272-dff9-5025-a8ef-deeed283d4ce,90d13749-3400-5b29-97ac-80155b4b938a,33,2026-04-18T10:00:00+00:00,827,Jim Thwaites,33,827,1.4,0.465773239541107,True
16495e99-1e75-5b2f-a337-1dfde9ddfe08,33ac99dd-6169-5c59-bc88-cc17620c7707,33,2026-04-18T10:00:00+00:00,829,Jesse Derry,33,829,3.12,0.7146017684095967,True
35e69758-b8a6-5f8b-9c26-dc2813d81978,e4e14fae-4616-5bcb-8b8f-ada565c92ea4,34,2026-04-24T17:30:00+00:00,830,Will Wright,34,830,1.23,0.465773239541107,True
1b47cbbf-a45e-55fb-ad9b-c13fd7e12a53,96b97687-bd96-58d8-8dfd-1851ec2fee31,35,2026-05-01T17:30:00+00:00,831,Josh Gracey,35,831,1.185,0.465773239541107,True
b1b0e185-0108-508b-aa08-e3732938787f,ca26a4ce-2ced-5022-9763-3d7960d87d9c,35,2026-05-01T17:30:00+00:00,832,Talla Ndiaye,35,832,1.2975,0.465773239541107,True
4969d7af-c9d1-5c54-8620-d87f0b49cff8,45e56d29-fbb6-5964-afdf-bc8805b99518,36,2026-05-09T10:00:00+00:00,834,Ryan Kavuma-McQueen,36,834,1.5025,0.465773239541107,True
4969d7af-c9d1-5c54-8620-d87f0b49cff8,fe9a1543-b64c-5f41-9c1e-8ceab47a9679,36,2026-05-09T10:00:00+00:00,833,Mathis Eboué,36,833,1.5075,0.465773239541107,True
3b0bba38-af04-5460-b39f-e5c32eaf27ff,4e72762a-5c28-5795-936d-65cb49191866,36,2026-05-09T10:00:00+00:00,836,Jimmy Sinclair,36,836,1.37,0.465773239541107,True
3b0bba38-af04-5460-b39f-e5c32eaf27ff,898f1b7b-a9b5-5b6f-a89b-cd0242564fee,36,2026-05-09T10:00:00+00:00,835,Archie Whitehall,36,835,1.7425,0.465773239541107,True
ca09b971-bf08-55a8-9cf4-b93f3c0604e1,224e0505-bb1f-5108-9049-89f41bbc562d,36,2026-05-09T10:00:00+00:00,838,Rhys Chadwick,36,838,1.34,0.465773239541107,True
ca09b971-bf08-55a8-9cf4-b93f3c0604e1,75309ae5-7034-59b3-88da-c65d78251de3,36,2026-05-09T10:00:00+00:00,837,Jayden Lienou,36,837,1.4975,0.465773239541107,True
58063874-83a0-58d3-88f4-272c896d19f4,8aed7572-0495-5ac2-820c-f11d789d946b,37,2026-05-15T17:30:00+00:00,839,Alfie Cresswell,37,839,1.2125,0.465773239541107,True
ba89faf8-3800-548a-951b-e5d7ed60ed05,e193642b-a6b4-53a0-9d0e-1e71ab70a347,37,2026-05-15T17:30:00+00:00,840,Shumaira Mheuka,37,840,1.605,0.465773239541107,True
b301f28c-fc51-5c77-a542-a88c0f632cb3,2f9b6017-607a-59e7-b6c2-0babd2f20952,38,2026-05-24T13:30:00+00:00,841,Lamin Sillah,38,841,1.5475,0.465773239541107,True
