gw,score_old,score_v2,delta,cum_delta,chip_old,chip_v2,transfers_old,transfers_v2,hit_cost_old,hit_cost_v2,captain_old,captain_v2
1,47,47,0,0,,,0,0,0,0,M.Salah,M.Salah
2,59,59,0,0,,,5,5,16,16,Palmer,Palmer
3,45,45,0,0,,,4,4,12,12,Watkins,Watkins
4,51,51,0,0,,,1,1,0,0,M.Salah,M.Salah
5,29,29,0,0,,,2,2,4,4,M.Salah,M.Salah
6,58,58,0,0,wildcard,wildcard,0,0,0,0,Haaland,Haaland
7,86,76,-10,-10,bench_boost,,3,3,4,4,Haaland,Haaland
8,80,82,2,-8,,,0,1,0,0,Haaland,Haaland
9,52,49,-3,-11,,,1,1,0,0,B.Fernandes,B.Fernandes
10,77,77,0,-11,,,1,1,0,0,Mateta,Mateta
11,38,35,-3,-14,,,1,1,0,0,Mateta,Mateta
12,46,51,5,-9,,bench_boost,2,1,0,0,J.Timber,Calafiori
13,56,67,11,2,,,1,1,0,0,Thiago,Thiago
14,52,36,-16,-14,,,2,2,4,4,Mateta,Mateta
15,43,50,7,-7,,,2,2,4,4,Haaland,Haaland
16,58,48,-10,-17,,,1,1,0,0,Calafiori,Calafiori
17,72,79,7,-10,,free_hit,1,0,0,0,Haaland,Haaland
18,39,21,-18,-28,free_hit,,0,3,0,4,Haaland,Haaland
19,50,41,-9,-37,,,3,3,4,8,J.Timber,Schade
20,74,91,17,-20,,,2,1,4,0,Haaland,Haaland
21,43,51,8,-12,,,1,1,0,0,Haaland,Haaland
22,54,63,9,-3,,,3,2,8,4,Wirtz,Wirtz
23,34,23,-11,-14,,,1,1,0,0,Thiago,Thiago
24,62,58,-4,-18,,,1,1,0,0,Enzo,Enzo
25,49,61,12,-6,,,2,2,4,4,J.Timber,J.Timber
26,54,55,1,-5,wildcard,,0,1,0,0,J.Timber,J.Timber
27,37,36,-1,-6,,,1,3,0,8,Enzo,Palmer
28,100,61,-39,-45,bench_boost,wildcard,2,0,0,0,B.Fernandes,B.Fernandes
29,58,75,17,-28,,,1,2,0,0,Thiago,Semenyo
30,59,75,16,-12,,,1,1,0,0,B.Fernandes,B.Fernandes
31,27,52,25,13,,,4,1,12,0,Palmer,Gordon
32,71,72,1,14,,,1,1,0,0,B.Fernandes,B.Fernandes
33,75,99,24,38,,bench_boost,1,1,0,0,Palmer,Palmer
34,38,18,-20,18,,,3,4,8,12,B.Fernandes,B.Fernandes
35,54,52,-2,16,,,1,1,0,0,Thiago,Calvert-Lewin
36,74,78,4,20,free_hit,free_hit,0,0,0,0,Haaland,Haaland
37,81,68,-13,7,,,2,2,0,0,B.Fernandes,Gabriel
38,31,49,18,25,,,1,0,0,0,Haaland,Palmer
