gw,score,cumulative,chip,transfers,hit_cost,free_transfers_next,bank,captain,autosubs,transfer_moves,projected_transfer_gain,projected_transfer_net_gain,forecast_source,no_transfer_control_score,no_transfer_control_cumulative,chip_sequence_plan,chip_sequence_projected_score
1,47,47,,0,0,1,0.5,M.Salah,507,,0.0,0.0,Phase 5Q cold start,47,47,"WC:save, FH:save, BB:save",354.68598570693075
2,59,106,,5,16,1,0.0,Palmer,337,Luís Hemir -> Evanilson; Wright -> Pickford; Tuanzebe -> Diakité; Madueke -> Tavernier; Wissa -> Foster,47.01,20.85,Phase 5Q cold start,47,94,"WC:GW6, FH:save, BB:GW7",338.12619270436886
3,45,151,,4,12,1,1.2,Watkins,,Gvardiol -> Schär; Kiwior -> Kerkez; Palmer -> Sarr; Raúl -> Watkins,30.497500000000002,10.3375,Phase 5Q cold start,33,127,"WC:GW6, FH:save, BB:GW8",365.59250174342833
4,51,202,,1,0,1,0.2,M.Salah,"371,64,107",Aina -> Aït-Nouri,3.24,1.08,Phase 5Q cold start,46,173,"WC:save, FH:save, BB:GW6",383.6249791944129
5,29,231,,2,4,1,0.0,M.Salah,,Kerkez -> Virgil; Diakité -> Milosavljević,15.115000000000004,6.955000000000004,Phase 5Q cold start,23,196,"WC:GW6, FH:save, BB:save",370.40122590624077
6,58,289,wildcard,0,0,2,0.5,Haaland,226,,0.0,0.0,rolling Phase 5Q/v1.1,32,228,"WC:GW6, FH:save, BB:GW11",434.6318052008662
7,76,365,,3,4,1,0.9,Haaland,,Marc Guiu -> Calvert-Lewin; Amad -> Minteh; Chalobah -> Rodon,27.571960815178365,17.251960815178364,rolling Phase 5Q/v1.1,32,260,"FH:save, BB:save",410.57210761457384
8,82,447,,1,0,1,0.3,Haaland,283,L.Paquetá -> Szoboszlai,2.1713571158309986,0.01135711583099841,rolling Phase 5Q/v1.1,31,291,"FH:save, BB:GW11",414.87293330633463
9,49,496,,1,0,1,0.4,B.Fernandes,,Enzo -> Ndiaye,6.092139003123819,3.932139003123819,rolling Phase 5Q/v1.1,26,317,"FH:save, BB:GW12",429.9969250035515
10,77,573,,1,0,1,1.0,Mateta,,Burn -> Bogle,2.434610038666955,0.274610038666955,rolling Phase 5Q/v1.1,42,359,"FH:save, BB:GW14",428.3669088752397
11,35,608,,1,0,1,0.3,Mateta,,Calvert-Lewin -> Thiago,6.711922615019462,4.551922615019462,rolling Phase 5Q/v1.1,20,379,"FH:save, BB:GW15",393.82102235863584
12,51,659,bench_boost,1,0,1,0.3,Calafiori,,Bogle -> Richards,3.779168710919393,1.6191687109193929,rolling Phase 5Q/v1.1,37,416,"FH:save, BB:GW12",412.67470903739695
13,67,726,,1,0,1,0.6,Thiago,,Semenyo -> Gakpo,7.392354618388,5.232354618387999,rolling Phase 5Q/v1.1,42,458,FH:save,393.36655558718553
14,36,762,,2,4,1,2.1,Mateta,136,Calafiori -> Thiaw; Pope -> Verbruggen,16.48011996307068,8.320119963070681,rolling Phase 5Q/v1.1,18,476,FH:GW16,394.80710760214924
15,50,812,,2,4,1,2.0,Haaland,,Senesi -> Calafiori; Gakpo -> Enzo,17.84423822205652,9.684238222056521,rolling Phase 5Q/v1.1,40,516,FH:GW17,309.140936438631
16,48,860,,1,0,1,1.9,Calafiori,261,Minteh -> O.Dango,5.0338787464806565,2.8738787464806563,rolling Phase 5Q/v1.1,39,555,FH:GW17,252.94636905646968
17,79,939,free_hit,0,0,2,1.9,Haaland,"342,295",,0.0,0.0,rolling Phase 5Q/v1.1,51,606,FH:GW17,192.45290450019573
18,21,960,,3,4,1,0.4,Haaland,"348,684,414",O.Dango -> Cunha; Ndiaye -> Foden; B.Fernandes -> Yeremy,23.59204792396982,13.272047923969819,rolling Phase 5Q/v1.1,27,633,,116.30419602243595
19,41,1001,,3,8,1,0.2,Schade,,Rodon -> Collins; Szoboszlai -> Schade; Calafiori -> Dalot,29.29830375830278,15.138303758302781,rolling Phase 5Q/v1.1,44,677,,56.84240699181496
20,91,1092,,1,0,1,0.2,Haaland,,Richards -> Krejčí,8.08668705767073,5.92668705767073,rolling Phase 5Q/v1.1,42,719,"WC:save, FH:save, BB:save",385.03179321794744
21,51,1143,,1,0,1,0.4,Haaland,,Schade -> Cherki,3.841733441199132,1.6817334411991318,rolling Phase 5Q/v1.1,27,746,"WC:save, FH:save, BB:save",404.655736104413
22,63,1206,,2,4,1,0.2,Wirtz,,Cherki -> Wirtz; Thiaw -> Gudmundsson,14.668494922509037,6.508494922509037,rolling Phase 5Q/v1.1,39,785,"WC:save, FH:save, BB:save",372.6088746657232
23,23,1229,,1,0,1,1.4,Thiago,709,Foden -> Rice,9.59718065849639,7.4371806584963895,rolling Phase 5Q/v1.1,42,827,"WC:save, FH:save, BB:GW28",394.3068010172225
24,58,1287,,1,0,1,0.9,Enzo,"106,450",Gudmundsson -> Mosquera,9.472167497090918,7.312167497090918,rolling Phase 5Q/v1.1,49,876,"WC:GW28, FH:save, BB:GW29",398.3680277570579
25,61,1348,,2,4,1,2.7,J.Timber,,Mateta -> Calvert-Lewin; Krejčí -> H.Bueno,14.699343345146943,6.539343345146943,rolling Phase 5Q/v1.1,45,921,"WC:GW28, FH:save, BB:GW29",402.7399528329149
26,55,1403,,1,0,1,2.8,J.Timber,382,Collins -> Senesi,8.37833438651251,6.21833438651251,rolling Phase 5Q/v1.1,58,979,"WC:GW28, FH:save, BB:GW29",410.15133602318724
27,36,1439,,3,8,1,1.7,Palmer,450,Yeremy -> Palmer; Calvert-Lewin -> Ekitiké; Haaland -> João Pedro,22.50497442024901,8.34497442024901,rolling Phase 5Q/v1.1,30,1009,"WC:GW28, FH:save, BB:GW29",380.8466349459278
28,61,1500,wildcard,0,0,2,0.0,B.Fernandes,237,,0.0,0.0,rolling Phase 5Q/v1.1,20,1029,"WC:GW28, FH:save, BB:GW33",420.17145571120534
29,75,1575,,2,0,1,6.2,Semenyo,,Haaland -> João Pedro; Guéhi -> Virgil,14.0623924462212,9.7423924462212,rolling Phase 5Q/v1.1,44,1073,"FH:GW34, BB:GW33",401.4214111630897
30,75,1650,,1,0,1,7.2,B.Fernandes,,Semenyo -> Gordon,5.36887803087923,3.20887803087923,rolling Phase 5Q/v1.1,36,1109,"FH:GW34, BB:GW33",412.52875130589456
31,52,1702,,1,0,1,8.2,Gordon,,Leno -> Darlow,2.7177117387317136,0.5577117387317134,rolling Phase 5Q/v1.1,26,1135,"FH:GW36, BB:GW33",417.9109742170767
32,72,1774,,1,0,1,6.0,B.Fernandes,90,Thiaw -> Gabriel,3.2689071635359834,1.1089071635359833,rolling Phase 5Q/v1.1,29,1164,"FH:GW36, BB:GW33",411.3664886931859
33,99,1873,bench_boost,1,0,1,7.1,Palmer,,Enzo -> Tavernier,6.996962609391611,4.836962609391611,rolling Phase 5Q/v1.1,34,1198,"FH:GW36, BB:GW33",404.19678222116545
34,18,1891,,4,12,1,4.4,B.Fernandes,,João Pedro -> Haaland; Gordon -> Sarr; Palmer -> Rice; Senesi -> Guéhi,36.281454610542504,16.1214546105425,rolling Phase 5Q/v1.1,30,1228,FH:GW36,282.4611070927068
35,52,1943,,1,0,1,5.3,Calvert-Lewin,,Virgil -> O'Reilly,6.620714173801144,4.4607141738011435,rolling Phase 5Q/v1.1,33,1261,FH:GW36,266.0425343420316
36,78,2021,free_hit,0,0,2,5.3,Haaland,,,0.0,0.0,rolling Phase 5Q/v1.1,30,1291,FH:GW36,204.0952956260727
37,68,2089,,2,0,1,0.3,Gabriel,,Sarr -> Palmer; O'Reilly -> Saliba,5.920084642490773,1.6000846424907724,rolling Phase 5Q/v1.1,31,1322,,108.6483110363574
38,49,2138,,0,0,2,0.3,Palmer,148,,0.0,0.0,rolling Phase 5Q/v1.1,45,1367,,56.24544179853549
