match_id,team_id,competition,kickoff,opponent_elo,gameweek
25-26-prem-wolverhampton-wanderers-vs-manchester-city,20,prem,2025-08-16 16:30:00+00:00,1959.96,1.0
25-26-prem-wolverhampton-wanderers-vs-manchester-city,13,prem,2025-08-16 16:30:00+00:00,1735.78,1.0
25-26-prem-manchester-united-vs-arsenal,14,prem,2025-08-17 15:30:00+00:00,1993.36,1.0
25-26-prem-manchester-united-vs-arsenal,1,prem,2025-08-17 15:30:00+00:00,1799.46,1.0
25-26-prem-sunderland-vs-west-ham-united,17,prem,2025-08-16 14:00:00+00:00,1750.14,1.0
25-26-prem-sunderland-vs-west-ham-united,19,prem,2025-08-16 14:00:00+00:00,1547.12,1.0
25-26-prem-nottingham-forest-vs-brentford,16,prem,2025-08-17 13:00:00+00:00,1811.3,1.0
25-26-prem-nottingham-forest-vs-brentford,5,prem,2025-08-17 13:00:00+00:00,1802.85,1.0
25-26-prem-liverpool-vs-afc-bournemouth,12,prem,2025-08-15 19:00:00+00:00,1808.1,1.0
25-26-prem-liverpool-vs-afc-bournemouth,4,prem,2025-08-15 19:00:00+00:00,1993.42,1.0
25-26-prem-aston-villa-vs-newcastle-united,2,prem,2025-08-16 11:30:00+00:00,1868.57,1.0
25-26-prem-aston-villa-vs-newcastle-united,15,prem,2025-08-16 11:30:00+00:00,1872.85,1.0
25-26-prem-brighton-hove-albion-vs-fulham,6,prem,2025-08-16 14:00:00+00:00,1781.73,1.0
25-26-prem-brighton-hove-albion-vs-fulham,10,prem,2025-08-16 14:00:00+00:00,1827.14,1.0
25-26-prem-chelsea-vs-crystal-palace,7,prem,2025-08-17 13:00:00+00:00,1835.05,1.0
25-26-prem-chelsea-vs-crystal-palace,8,prem,2025-08-17 13:00:00+00:00,1902.82,1.0
25-26-prem-tottenham-hotspur-vs-burnley,18,prem,2025-08-16 14:00:00+00:00,1729.6,1.0
25-26-prem-tottenham-hotspur-vs-burnley,3,prem,2025-08-16 14:00:00+00:00,1774.01,1.0
25-26-prem-leeds-united-vs-everton,11,prem,2025-08-18 19:00:00+00:00,1794.0,1.0
25-26-prem-leeds-united-vs-everton,9,prem,2025-08-18 19:00:00+00:00,1722.37,1.0
25-26-conference-league-az-alkmaar-vs-crystal-palace,8,conference-league,2025-11-06 20:00:00+00:00,,10.0
25-26-champions-league-real-madrid-vs-liverpool,12,champions-league,2025-11-04 20:00:00+00:00,,10.0
25-26-champions-league-fc-københavn-vs-tottenham-hotspur,18,champions-league,2025-11-04 20:00:00+00:00,,10.0
25-26-europa-league-maccabi-tel-aviv-vs-aston-villa,2,europa-league,2025-11-06 20:00:00+00:00,,10.0
25-26-champions-league-arsenal-vs-slavia-prague,1,champions-league,2025-11-04 17:45:00+00:00,,10.0
25-26-champions-league-chelsea-vs-qarabag-fk,7,champions-league,2025-11-05 17:45:00+00:00,,10.0
25-26-efl-cup-tottenham-hotspur-vs-newcastle-united,18,efl-cup,2025-10-29 20:00:00+00:00,1871.77,10.0
25-26-efl-cup-tottenham-hotspur-vs-newcastle-united,15,efl-cup,2025-10-29 20:00:00+00:00,1819.97,10.0
25-26-champions-league-athletic-club-vs-newcastle-united,15,champions-league,2025-11-05 20:00:00+00:00,,10.0
25-26-prem-brighton-hove-albion-vs-leeds-united,6,prem,2025-11-01 15:00:00+00:00,1732.75,10.0
25-26-prem-brighton-hove-albion-vs-leeds-united,11,prem,2025-11-01 15:00:00+00:00,1832.26,10.0
25-26-prem-sunderland-vs-everton,17,prem,2025-11-03 20:00:00+00:00,1792.02,10.0
25-26-prem-sunderland-vs-everton,9,prem,2025-11-03 20:00:00+00:00,1634.46,10.0
25-26-prem-fulham-vs-wolverhampton-wanderers,10,prem,2025-11-01 15:00:00+00:00,1690.02,10.0
25-26-prem-fulham-vs-wolverhampton-wanderers,20,prem,2025-11-01 15:00:00+00:00,1775.26,10.0
25-26-prem-west-ham-united-vs-newcastle-united,19,prem,2025-11-02 14:00:00+00:00,1884.94,10.0
25-26-prem-west-ham-united-vs-newcastle-united,15,prem,2025-11-02 14:00:00+00:00,1710.39,10.0
25-26-prem-burnley-vs-arsenal,3,prem,2025-11-01 15:00:00+00:00,2032.83,10.0
25-26-prem-burnley-vs-arsenal,1,prem,2025-11-01 15:00:00+00:00,1734.8,10.0
25-26-prem-nottingham-forest-vs-manchester-united,16,prem,2025-11-01 15:00:00+00:00,1828.63,10.0
25-26-prem-nottingham-forest-vs-manchester-united,14,prem,2025-11-01 15:00:00+00:00,1753.99,10.0
25-26-prem-liverpool-vs-aston-villa,12,prem,2025-11-01 20:00:00+00:00,1873.86,10.0
25-26-prem-liverpool-vs-aston-villa,2,prem,2025-11-01 20:00:00+00:00,1974.46,10.0
25-26-prem-tottenham-hotspur-vs-chelsea,18,prem,2025-11-01 17:30:00+00:00,1896.62,10.0
25-26-prem-tottenham-hotspur-vs-chelsea,7,prem,2025-11-01 17:30:00+00:00,1829.71,10.0
25-26-prem-crystal-palace-vs-brentford,8,prem,2025-11-01 15:00:00+00:00,1821.6,10.0
25-26-prem-crystal-palace-vs-brentford,5,prem,2025-11-01 15:00:00+00:00,1842.23,10.0
25-26-prem-manchester-city-vs-afc-bournemouth,13,prem,2025-11-02 16:30:00+00:00,1847.42,10.0
25-26-prem-manchester-city-vs-afc-bournemouth,4,prem,2025-11-02 16:30:00+00:00,1969.44,10.0
25-26-europa-league-nottingham-forest-vs-sturm-graz,16,europa-league,2025-11-06 17:45:00+00:00,,10.0
25-26-champions-league-borussia-dortmund-vs-manchester-city,13,champions-league,2025-11-05 20:00:00+00:00,,10.0
25-26-prem-sunderland-vs-arsenal,17,prem,2025-11-08 17:30:00+00:00,2046.11,11.0
25-26-prem-sunderland-vs-arsenal,1,prem,2025-11-08 17:30:00+00:00,1642.51,11.0
25-26-prem-chelsea-vs-wolverhampton-wanderers,7,prem,2025-11-08 20:00:00+00:00,1686.77,11.0
25-26-prem-chelsea-vs-wolverhampton-wanderers,20,prem,2025-11-08 20:00:00+00:00,1902.66,11.0
25-26-prem-manchester-city-vs-liverpool,13,prem,2025-11-09 16:30:00+00:00,1990.92,11.0
25-26-prem-manchester-city-vs-liverpool,12,prem,2025-11-09 16:30:00+00:00,1985.6,11.0
25-26-prem-brentford-vs-newcastle-united,5,prem,2025-11-09 14:00:00+00:00,1878.56,11.0
25-26-prem-brentford-vs-newcastle-united,15,prem,2025-11-09 14:00:00+00:00,1817.65,11.0
25-26-prem-tottenham-hotspur-vs-manchester-united,18,prem,2025-11-08 12:30:00+00:00,1832.85,11.0
25-26-prem-tottenham-hotspur-vs-manchester-united,14,prem,2025-11-08 12:30:00+00:00,1831.65,11.0
25-26-prem-west-ham-united-vs-burnley,19,prem,2025-11-08 15:00:00+00:00,1735.84,11.0
25-26-prem-west-ham-united-vs-burnley,3,prem,2025-11-08 15:00:00+00:00,1731.11,11.0
25-26-prem-everton-vs-fulham,9,prem,2025-11-08 15:00:00+00:00,1788.52,11.0
25-26-prem-everton-vs-fulham,10,prem,2025-11-08 15:00:00+00:00,1793.99,11.0
25-26-prem-nottingham-forest-vs-leeds-united,16,prem,2025-11-09 14:00:00+00:00,1730.14,11.0
25-26-prem-nottingham-forest-vs-leeds-united,11,prem,2025-11-09 14:00:00+00:00,1755.38,11.0
25-26-prem-crystal-palace-vs-brighton-hove-albion,8,prem,2025-11-09 14:00:00+00:00,1844.89,11.0
25-26-prem-crystal-palace-vs-brighton-hove-albion,6,prem,2025-11-09 14:00:00+00:00,1858.85,11.0
25-26-prem-aston-villa-vs-afc-bournemouth,2,prem,2025-11-09 14:00:00+00:00,1846.75,11.0
25-26-prem-aston-villa-vs-afc-bournemouth,4,prem,2025-11-09 14:00:00+00:00,1873.84,11.0
25-26-champions-league-tottenham-hotspur-vs-paris-saint-germain,18,champions-league,2025-11-26 20:00:00+00:00,,12.0
25-26-champions-league-newcastle-united-vs-marseille,15,champions-league,2025-11-25 20:00:00+00:00,,12.0
25-26-champions-league-barcelona-vs-chelsea,7,champions-league,2025-11-25 20:00:00+00:00,,12.0
25-26-prem-manchester-united-vs-everton,14,prem,2025-11-24 20:00:00+00:00,1803.58,12.0
25-26-prem-manchester-united-vs-everton,9,prem,2025-11-24 20:00:00+00:00,1834.22,12.0
25-26-prem-brighton-hove-albion-vs-brentford,6,prem,2025-11-22 15:00:00+00:00,1829.36,12.0
25-26-prem-brighton-hove-albion-vs-brentford,5,prem,2025-11-22 15:00:00+00:00,1846.72,12.0
25-26-prem-leeds-united-vs-aston-villa,11,prem,2025-11-23 14:00:00+00:00,1886.16,12.0
25-26-prem-leeds-united-vs-aston-villa,2,prem,2025-11-23 14:00:00+00:00,1721.38,12.0
25-26-europa-league-malmö-ff-vs-nottingham-forest,16,europa-league,2025-11-27 20:00:00+00:00,,12.0
25-26-europa-league-young-boys-vs-aston-villa,2,europa-league,2025-11-27 17:45:00+00:00,,12.0
25-26-conference-league-crystal-palace-vs-strasbourg,8,conference-league,2025-11-27 20:00:00+00:00,,12.0
25-26-prem-liverpool-vs-nottingham-forest,12,prem,2025-11-22 15:00:00+00:00,1764.14,12.0
25-26-prem-liverpool-vs-nottingham-forest,16,prem,2025-11-22 15:00:00+00:00,1979.06,12.0
25-26-champions-league-bayer-leverkusen-vs-manchester-city,13,champions-league,2025-11-25 20:00:00+00:00,,12.0
25-26-champions-league-bayern-münchen-vs-arsenal,1,champions-league,2025-11-26 20:00:00+00:00,,12.0
25-26-prem-fulham-vs-sunderland,10,prem,2025-11-22 15:00:00+00:00,1650.21,12.0
25-26-prem-fulham-vs-sunderland,17,prem,2025-11-22 15:00:00+00:00,1778.93,12.0
25-26-prem-burnley-vs-chelsea,3,prem,2025-11-22 12:30:00+00:00,1906.94,12.0
25-26-prem-burnley-vs-chelsea,7,prem,2025-11-22 12:30:00+00:00,1728.85,12.0
25-26-prem-afc-bournemouth-vs-west-ham-united,4,prem,2025-11-22 15:00:00+00:00,1738.1,12.0
25-26-prem-afc-bournemouth-vs-west-ham-united,19,prem,2025-11-22 15:00:00+00:00,1834.43,12.0
25-26-prem-wolverhampton-wanderers-vs-crystal-palace,20,prem,2025-11-22 15:00:00+00:00,1857.01,12.0
25-26-prem-wolverhampton-wanderers-vs-crystal-palace,8,prem,2025-11-22 15:00:00+00:00,1682.49,12.0
25-26-prem-newcastle-united-vs-manchester-city,15,prem,2025-11-22 17:30:00+00:00,1997.46,12.0
25-26-prem-newcastle-united-vs-manchester-city,13,prem,2025-11-22 17:30:00+00:00,1866.85,12.0
25-26-prem-arsenal-vs-tottenham-hotspur,1,prem,2025-11-23 16:30:00+00:00,1830.28,12.0
25-26-prem-arsenal-vs-tottenham-hotspur,18,prem,2025-11-23 16:30:00+00:00,2038.41,12.0
25-26-champions-league-psv-eindhoven-vs-liverpool,12,champions-league,2025-11-26 20:00:00+00:00,,12.0
25-26-prem-sunderland-vs-afc-bournemouth,17,prem,2025-11-29 15:00:00+00:00,1817.7,13.0
25-26-prem-sunderland-vs-afc-bournemouth,4,prem,2025-11-29 15:00:00+00:00,1633.62,13.0
25-26-prem-chelsea-vs-arsenal,7,prem,2025-11-30 16:30:00+00:00,2037.35,13.0
25-26-prem-chelsea-vs-arsenal,1,prem,2025-11-30 16:30:00+00:00,1912.06,13.0
25-26-prem-manchester-city-vs-leeds-united,13,prem,2025-11-29 15:00:00+00:00,1703.44,13.0
25-26-prem-manchester-city-vs-leeds-united,11,prem,2025-11-29 15:00:00+00:00,1956.28,13.0
25-26-prem-west-ham-united-vs-liverpool,19,prem,2025-11-30 14:05:00+00:00,1918.49,13.0
25-26-prem-west-ham-united-vs-liverpool,12,prem,2025-11-30 14:05:00+00:00,1729.46,13.0
25-26-prem-everton-vs-newcastle-united,9,prem,2025-11-29 17:30:00+00:00,1855.71,13.0
25-26-prem-everton-vs-newcastle-united,15,prem,2025-11-29 17:30:00+00:00,1801.13,13.0
25-26-prem-crystal-palace-vs-manchester-united,8,prem,2025-11-30 12:00:00+00:00,1811.29,13.0
25-26-prem-crystal-palace-vs-manchester-united,14,prem,2025-11-30 12:00:00+00:00,1841.87,13.0
25-26-prem-aston-villa-vs-wolverhampton-wanderers,2,prem,2025-11-30 14:05:00+00:00,1662.71,13.0
25-26-prem-aston-villa-vs-wolverhampton-wanderers,20,prem,2025-11-30 14:05:00+00:00,1879.55,13.0
25-26-prem-brentford-vs-burnley,5,prem,2025-11-29 15:00:00+00:00,1709.13,13.0
25-26-prem-brentford-vs-burnley,3,prem,2025-11-29 15:00:00+00:00,1810.51,13.0
25-26-prem-tottenham-hotspur-vs-fulham,18,prem,2025-11-29 20:00:00+00:00,1770.13,13.0
25-26-prem-tottenham-hotspur-vs-fulham,10,prem,2025-11-29 20:00:00+00:00,1809.21,13.0
25-26-prem-nottingham-forest-vs-brighton-hove-albion,16,prem,2025-11-30 14:05:00+00:00,1840.19,13.0
25-26-prem-nottingham-forest-vs-brighton-hove-albion,6,prem,2025-11-30 14:05:00+00:00,1777.99,13.0
25-26-prem-afc-bournemouth-vs-everton,4,prem,2025-12-02 19:30:00+00:00,1787.19,14.0
25-26-prem-afc-bournemouth-vs-everton,9,prem,2025-12-02 19:30:00+00:00,1806.24,14.0
25-26-prem-fulham-vs-manchester-city,10,prem,2025-12-02 19:30:00+00:00,1958.29,14.0
25-26-prem-fulham-vs-manchester-city,13,prem,2025-12-02 19:30:00+00:00,1780.63,14.0
25-26-prem-liverpool-vs-sunderland,12,prem,2025-12-03 20:15:00+00:00,1645.08,14.0
25-26-prem-liverpool-vs-sunderland,17,prem,2025-12-03 20:15:00+00:00,1925.0,14.0
25-26-prem-manchester-united-vs-west-ham-united,14,prem,2025-12-04 20:00:00+00:00,1722.95,14.0
25-26-prem-manchester-united-vs-west-ham-united,19,prem,2025-12-04 20:00:00+00:00,1821.47,14.0
25-26-prem-arsenal-vs-brentford,1,prem,2025-12-03 19:30:00+00:00,1816.66,14.0
25-26-prem-arsenal-vs-brentford,5,prem,2025-12-03 19:30:00+00:00,2035.26,14.0
25-26-prem-newcastle-united-vs-tottenham-hotspur,15,prem,2025-12-02 20:15:00+00:00,1798.71,14.0
25-26-prem-newcastle-united-vs-tottenham-hotspur,18,prem,2025-12-02 20:15:00+00:00,1869.65,14.0
25-26-prem-wolverhampton-wanderers-vs-nottingham-forest,20,prem,2025-12-03 19:30:00+00:00,1767.17,14.0
25-26-prem-wolverhampton-wanderers-vs-nottingham-forest,16,prem,2025-12-03 19:30:00+00:00,1660.26,14.0
25-26-prem-brighton-hove-albion-vs-aston-villa,6,prem,2025-12-03 19:30:00+00:00,1882.01,14.0
25-26-prem-brighton-hove-albion-vs-aston-villa,2,prem,2025-12-03 19:30:00+00:00,1851.01,14.0
25-26-prem-leeds-united-vs-chelsea,11,prem,2025-12-03 20:15:00+00:00,1914.14,14.0
25-26-prem-leeds-united-vs-chelsea,7,prem,2025-12-03 20:15:00+00:00,1701.43,14.0
25-26-prem-burnley-vs-crystal-palace,3,prem,2025-12-03 19:30:00+00:00,1831.69,14.0
25-26-prem-burnley-vs-crystal-palace,8,prem,2025-12-03 19:30:00+00:00,1702.98,14.0
25-26-prem-leeds-united-vs-liverpool,11,prem,2025-12-06 17:30:00+00:00,1917.61,15.0
25-26-prem-leeds-united-vs-liverpool,12,prem,2025-12-06 17:30:00+00:00,1718.7,15.0
25-26-prem-fulham-vs-crystal-palace,10,prem,2025-12-07 16:30:00+00:00,1837.82,15.0
25-26-prem-fulham-vs-crystal-palace,8,prem,2025-12-07 16:30:00+00:00,1775.79,15.0
25-26-prem-aston-villa-vs-arsenal,2,prem,2025-12-06 12:30:00+00:00,2038.72,15.0
25-26-prem-aston-villa-vs-arsenal,1,prem,2025-12-06 12:30:00+00:00,1890.53,15.0
25-26-prem-everton-vs-nottingham-forest,9,prem,2025-12-06 15:00:00+00:00,1773.69,15.0
25-26-prem-everton-vs-nottingham-forest,16,prem,2025-12-06 15:00:00+00:00,1797.06,15.0
25-26-prem-afc-bournemouth-vs-chelsea,4,prem,2025-12-06 15:00:00+00:00,1896.87,15.0
25-26-prem-afc-bournemouth-vs-chelsea,7,prem,2025-12-06 15:00:00+00:00,1796.38,15.0
25-26-prem-manchester-city-vs-sunderland,13,prem,2025-12-06 15:00:00+00:00,1652.47,15.0
25-26-prem-manchester-city-vs-sunderland,17,prem,2025-12-06 15:00:00+00:00,1963.13,15.0
25-26-prem-tottenham-hotspur-vs-brentford,18,prem,2025-12-06 15:00:00+00:00,1813.2,15.0
25-26-prem-tottenham-hotspur-vs-brentford,5,prem,2025-12-06 15:00:00+00:00,1802.07,15.0
25-26-prem-newcastle-united-vs-burnley,15,prem,2025-12-06 15:00:00+00:00,1696.85,15.0
25-26-prem-newcastle-united-vs-burnley,3,prem,2025-12-06 15:00:00+00:00,1866.28,15.0
25-26-prem-brighton-hove-albion-vs-west-ham-united,6,prem,2025-12-07 14:00:00+00:00,1726.95,15.0
25-26-prem-brighton-hove-albion-vs-west-ham-united,19,prem,2025-12-07 14:00:00+00:00,1842.47,15.0
25-26-prem-wolverhampton-wanderers-vs-manchester-united,20,prem,2025-12-08 20:00:00+00:00,1817.47,15.0
25-26-prem-wolverhampton-wanderers-vs-manchester-united,14,prem,2025-12-08 20:00:00+00:00,1653.75,15.0
25-26-europa-league-nottingham-forest-vs-fc-utrecht,16,europa-league,2025-12-11 17:45:00+00:00,,15.0
25-26-conference-league-crystal-palace-vs-shelbourne,8,conference-league,2025-12-11 20:00:00+00:00,,15.0
25-26-champions-league-chelsea-vs-atalanta,7,champions-league,2025-12-09 20:00:00+00:00,,15.0
25-26-champions-league-newcastle-united-vs-bayer-leverkusen,15,champions-league,2025-12-10 20:00:00+00:00,,15.0
25-26-champions-league-slavia-prague-vs-tottenham-hotspur,18,champions-league,2025-12-09 20:00:00+00:00,,15.0
25-26-europa-league-aston-villa-vs-basel,2,europa-league,2025-12-11 20:00:00+00:00,,15.0
25-26-champions-league-liverpool-vs-inter,12,champions-league,2025-12-09 20:00:00+00:00,,15.0
25-26-champions-league-arsenal-vs-club-brugge,1,champions-league,2025-12-10 20:00:00+00:00,,15.0
25-26-prem-crystal-palace-vs-manchester-city,8,prem,2025-12-14 14:00:00+00:00,1983.81,16.0
25-26-prem-crystal-palace-vs-manchester-city,13,prem,2025-12-14 14:00:00+00:00,1855.57,16.0
25-26-prem-manchester-united-vs-afc-bournemouth,14,prem,2025-12-15 20:00:00+00:00,1806.95,16.0
25-26-prem-manchester-united-vs-afc-bournemouth,4,prem,2025-12-15 20:00:00+00:00,1835.53,16.0
25-26-prem-chelsea-vs-everton,7,prem,2025-12-13 15:00:00+00:00,1817.24,16.0
25-26-prem-chelsea-vs-everton,9,prem,2025-12-13 15:00:00+00:00,1895.75,16.0
25-26-prem-liverpool-vs-brighton-hove-albion,12,prem,2025-12-13 15:00:00+00:00,1847.02,16.0
25-26-prem-liverpool-vs-brighton-hove-albion,6,prem,2025-12-13 15:00:00+00:00,1933.28,16.0
25-26-prem-brentford-vs-leeds-united,5,prem,2025-12-14 16:30:00+00:00,1731.86,16.0
25-26-prem-brentford-vs-leeds-united,11,prem,2025-12-14 16:30:00+00:00,1812.33,16.0
25-26-prem-burnley-vs-fulham,3,prem,2025-12-13 17:30:00+00:00,1777.06,16.0
25-26-prem-burnley-vs-fulham,10,prem,2025-12-13 17:30:00+00:00,1702.69,16.0
25-26-prem-sunderland-vs-newcastle-united,17,prem,2025-12-14 14:00:00+00:00,1880.38,16.0
25-26-prem-sunderland-vs-newcastle-united,15,prem,2025-12-14 14:00:00+00:00,1658.87,16.0
25-26-prem-west-ham-united-vs-aston-villa,19,prem,2025-12-14 14:00:00+00:00,1912.17,16.0
25-26-prem-west-ham-united-vs-aston-villa,2,prem,2025-12-14 14:00:00+00:00,1740.52,16.0
25-26-conference-league-kups-vs-crystal-palace,8,conference-league,2025-12-18 20:00:00+00:00,,16.0
25-26-efl-cup-chelsea-vs-cardiff-city,7,efl-cup,2025-12-16 20:00:00+00:00,,16.0
25-26-efl-cup-fulham-vs-newcastle-united,10,efl-cup,2025-12-17 20:15:00+00:00,1837.53,16.0
25-26-efl-cup-fulham-vs-newcastle-united,15,efl-cup,2025-12-17 20:15:00+00:00,1813.1,16.0
25-26-efl-cup-brentford-vs-manchester-city,5,efl-cup,2025-12-17 19:30:00+00:00,1970.85,16.0
25-26-efl-cup-brentford-vs-manchester-city,13,efl-cup,2025-12-17 19:30:00+00:00,1836.59,16.0
25-26-prem-arsenal-vs-wolverhampton-wanderers,1,prem,2025-12-13 20:00:00+00:00,1653.79,16.0
25-26-prem-arsenal-vs-wolverhampton-wanderers,20,prem,2025-12-13 20:00:00+00:00,2042.27,16.0
25-26-prem-nottingham-forest-vs-tottenham-hotspur,16,prem,2025-12-14 14:00:00+00:00,1826.74,16.0
25-26-prem-nottingham-forest-vs-tottenham-hotspur,18,prem,2025-12-14 14:00:00+00:00,1776.16,16.0
25-26-prem-manchester-city-vs-west-ham-united,13,prem,2025-12-20 15:00:00+00:00,1735.41,17.0
25-26-prem-manchester-city-vs-west-ham-united,19,prem,2025-12-20 15:00:00+00:00,1994.5,17.0
25-26-prem-newcastle-united-vs-chelsea,15,prem,2025-12-20 12:30:00+00:00,1902.66,17.0
25-26-prem-newcastle-united-vs-chelsea,7,prem,2025-12-20 12:30:00+00:00,1868.0,17.0
25-26-prem-wolverhampton-wanderers-vs-brentford,20,prem,2025-12-20 15:00:00+00:00,1808.6,17.0
25-26-prem-wolverhampton-wanderers-vs-brentford,5,prem,2025-12-20 15:00:00+00:00,1652.87,17.0
25-26-prem-everton-vs-arsenal,9,prem,2025-12-20 20:00:00+00:00,2043.19,17.0
25-26-prem-everton-vs-arsenal,1,prem,2025-12-20 20:00:00+00:00,1810.32,17.0
25-26-prem-afc-bournemouth-vs-burnley,4,prem,2025-12-20 15:00:00+00:00,1695.19,17.0
25-26-prem-afc-bournemouth-vs-burnley,3,prem,2025-12-20 15:00:00+00:00,1809.34,17.0
25-26-prem-tottenham-hotspur-vs-liverpool,18,prem,2025-12-20 17:30:00+00:00,1939.62,17.0
25-26-prem-tottenham-hotspur-vs-liverpool,12,prem,2025-12-20 17:30:00+00:00,1813.06,17.0
25-26-prem-aston-villa-vs-manchester-united,2,prem,2025-12-21 16:30:00+00:00,1833.14,17.0
25-26-prem-aston-villa-vs-manchester-united,14,prem,2025-12-21 16:30:00+00:00,1917.28,17.0
25-26-prem-fulham-vs-nottingham-forest,10,prem,2025-12-22 20:00:00+00:00,1789.85,17.0
25-26-prem-fulham-vs-nottingham-forest,16,prem,2025-12-22 20:00:00+00:00,1784.56,17.0
25-26-prem-leeds-united-vs-crystal-palace,11,prem,2025-12-20 20:00:00+00:00,1844.89,17.0
25-26-prem-leeds-united-vs-crystal-palace,8,prem,2025-12-20 20:00:00+00:00,1735.59,17.0
25-26-prem-brighton-hove-albion-vs-sunderland,6,prem,2025-12-20 15:00:00+00:00,1671.25,17.0
25-26-prem-brighton-hove-albion-vs-sunderland,17,prem,2025-12-20 15:00:00+00:00,1840.67,17.0
25-26-efl-cup-crystal-palace-vs-arsenal,8,efl-cup,2025-12-23 20:00:00+00:00,2063.76,17.0
25-26-efl-cup-crystal-palace-vs-arsenal,1,efl-cup,2025-12-23 20:00:00+00:00,1803.82,17.0
25-26-prem-arsenal-vs-brighton-hove-albion,1,prem,2025-12-27 15:00:00+00:00,1834.97,18.0
25-26-prem-arsenal-vs-brighton-hove-albion,6,prem,2025-12-27 15:00:00+00:00,2047.2,18.0
25-26-prem-chelsea-vs-aston-villa,7,prem,2025-12-27 17:30:00+00:00,1921.72,18.0
25-26-prem-chelsea-vs-aston-villa,2,prem,2025-12-27 17:30:00+00:00,1903.27,18.0
25-26-prem-liverpool-vs-wolverhampton-wanderers,12,prem,2025-12-27 15:00:00+00:00,1645.19,18.0
25-26-prem-liverpool-vs-wolverhampton-wanderers,20,prem,2025-12-27 15:00:00+00:00,1945.69,18.0
25-26-prem-nottingham-forest-vs-manchester-city,16,prem,2025-12-27 12:30:00+00:00,1997.73,18.0
25-26-prem-nottingham-forest-vs-manchester-city,13,prem,2025-12-27 12:30:00+00:00,1783.23,18.0
25-26-prem-burnley-vs-everton,3,prem,2025-12-27 15:00:00+00:00,1806.31,18.0
25-26-prem-burnley-vs-everton,9,prem,2025-12-27 15:00:00+00:00,1699.72,18.0
25-26-prem-sunderland-vs-leeds-united,17,prem,2025-12-28 14:00:00+00:00,1751.88,18.0
25-26-prem-sunderland-vs-leeds-united,11,prem,2025-12-28 14:00:00+00:00,1676.95,18.0
25-26-prem-manchester-united-vs-newcastle-united,14,prem,2025-12-26 20:00:00+00:00,1867.39,18.0
25-26-prem-manchester-united-vs-newcastle-united,15,prem,2025-12-26 20:00:00+00:00,1828.69,18.0
25-26-prem-brentford-vs-afc-bournemouth,5,prem,2025-12-27 15:00:00+00:00,1804.81,18.0
25-26-prem-brentford-vs-afc-bournemouth,4,prem,2025-12-27 15:00:00+00:00,1816.27,18.0
25-26-prem-west-ham-united-vs-fulham,19,prem,2025-12-27 15:00:00+00:00,1791.18,18.0
25-26-prem-west-ham-united-vs-fulham,10,prem,2025-12-27 15:00:00+00:00,1732.18,18.0
25-26-prem-crystal-palace-vs-tottenham-hotspur,8,prem,2025-12-28 16:30:00+00:00,1806.99,18.0
25-26-prem-crystal-palace-vs-tottenham-hotspur,18,prem,2025-12-28 16:30:00+00:00,1828.6,18.0
25-26-prem-manchester-united-vs-wolverhampton-wanderers,14,prem,2025-12-30 20:15:00+00:00,1643.74,19.0
25-26-prem-manchester-united-vs-wolverhampton-wanderers,20,prem,2025-12-30 20:15:00+00:00,1836.06,19.0
25-26-prem-liverpool-vs-leeds-united,12,prem,2026-01-01 17:30:00+00:00,1748.41,19.0
25-26-prem-liverpool-vs-leeds-united,11,prem,2026-01-01 17:30:00+00:00,1944.39,19.0
25-26-prem-chelsea-vs-afc-bournemouth,7,prem,2025-12-30 19:30:00+00:00,1794.22,19.0
25-26-prem-chelsea-vs-afc-bournemouth,4,prem,2025-12-30 19:30:00+00:00,1894.07,19.0
25-26-prem-arsenal-vs-aston-villa,1,prem,2025-12-30 20:15:00+00:00,1930.92,19.0
25-26-prem-arsenal-vs-aston-villa,2,prem,2025-12-30 20:15:00+00:00,2049.59,19.0
25-26-prem-west-ham-united-vs-brighton-hove-albion,19,prem,2025-12-30 19:30:00+00:00,1832.58,19.0
25-26-prem-west-ham-united-vs-brighton-hove-albion,6,prem,2025-12-30 19:30:00+00:00,1724.14,19.0
25-26-prem-nottingham-forest-vs-everton,16,prem,2025-12-30 19:30:00+00:00,1805.03,19.0
25-26-prem-nottingham-forest-vs-everton,9,prem,2025-12-30 19:30:00+00:00,1778.9,19.0
25-26-prem-burnley-vs-newcastle-united,3,prem,2025-12-30 19:30:00+00:00,1860.02,19.0
25-26-prem-burnley-vs-newcastle-united,15,prem,2025-12-30 19:30:00+00:00,1701.0,19.0
25-26-prem-brentford-vs-tottenham-hotspur,5,prem,2026-01-01 20:00:00+00:00,1814.06,19.0
25-26-prem-brentford-vs-tottenham-hotspur,18,prem,2026-01-01 20:00:00+00:00,1824.11,19.0
25-26-prem-sunderland-vs-manchester-city,17,prem,2026-01-01 20:00:00+00:00,1999.3,19.0
25-26-prem-sunderland-vs-manchester-city,13,prem,2026-01-01 20:00:00+00:00,1674.57,19.0
25-26-prem-crystal-palace-vs-fulham,8,prem,2026-01-01 17:30:00+00:00,1796.45,19.0
25-26-prem-crystal-palace-vs-fulham,10,prem,2026-01-01 17:30:00+00:00,1806.82,19.0
25-26-efl-cup-bristol-city-vs-fulham,10,efl-cup,2025-08-27 18:45:00+00:00,,2.0
25-26-prem-brentford-vs-aston-villa,5,prem,2025-08-23 14:00:00+00:00,1845.85,2.0
25-26-prem-brentford-vs-aston-villa,2,prem,2025-08-23 14:00:00+00:00,1799.19,2.0
25-26-prem-everton-vs-brighton-hove-albion,9,prem,2025-08-24 13:00:00+00:00,1824.43,2.0
25-26-prem-everton-vs-brighton-hove-albion,6,prem,2025-08-24 13:00:00+00:00,1785.15,2.0
25-26-prem-fulham-vs-manchester-united,10,prem,2025-08-24 15:30:00+00:00,1794.97,2.0
25-26-prem-fulham-vs-manchester-united,14,prem,2025-08-24 15:30:00+00:00,1784.41,2.0
25-26-prem-afc-bournemouth-vs-wolverhampton-wanderers,4,prem,2025-08-23 14:00:00+00:00,1727.97,2.0
25-26-prem-afc-bournemouth-vs-wolverhampton-wanderers,20,prem,2025-08-23 14:00:00+00:00,1804.01,2.0
25-26-prem-manchester-city-vs-tottenham-hotspur,13,prem,2025-08-23 11:30:00+00:00,1783.94,2.0
25-26-prem-manchester-city-vs-tottenham-hotspur,18,prem,2025-08-23 11:30:00+00:00,1967.75,2.0
25-26-prem-newcastle-united-vs-liverpool,15,prem,2025-08-25 19:00:00+00:00,1997.5,2.0
25-26-prem-newcastle-united-vs-liverpool,12,prem,2025-08-25 19:00:00+00:00,1870.13,2.0
25-26-prem-arsenal-vs-leeds-united,1,prem,2025-08-23 16:30:00+00:00,1731.2,2.0
25-26-prem-arsenal-vs-leeds-united,11,prem,2025-08-23 16:30:00+00:00,1997.87,2.0
25-26-prem-burnley-vs-sunderland,3,prem,2025-08-23 14:00:00+00:00,1567.98,2.0
25-26-prem-burnley-vs-sunderland,17,prem,2025-08-23 14:00:00+00:00,1719.67,2.0
25-26-prem-west-ham-united-vs-chelsea,19,prem,2025-08-22 19:00:00+00:00,1899.58,2.0
25-26-prem-west-ham-united-vs-chelsea,7,prem,2025-08-22 19:00:00+00:00,1729.26,2.0
25-26-prem-crystal-palace-vs-nottingham-forest,8,prem,2025-08-24 13:00:00+00:00,1812.67,2.0
25-26-prem-crystal-palace-vs-nottingham-forest,16,prem,2025-08-24 13:00:00+00:00,1838.23,2.0
25-26-efl-cup-brentford-vs-afc-bournemouth,5,efl-cup,2025-08-26 18:45:00+00:00,1871.97,2.0
25-26-efl-cup-brentford-vs-afc-bournemouth,4,efl-cup,2025-08-26 18:45:00+00:00,1836.59,2.0
25-26-prem-afc-bournemouth-vs-arsenal,4,prem,2026-01-03 17:30:00+00:00,2046.83,20.0
25-26-prem-afc-bournemouth-vs-arsenal,1,prem,2026-01-03 17:30:00+00:00,1791.45,20.0
25-26-prem-everton-vs-brentford,9,prem,2026-01-04 15:00:00+00:00,1824.11,20.0
25-26-prem-everton-vs-brentford,5,prem,2026-01-04 15:00:00+00:00,1802.27,20.0
25-26-prem-newcastle-united-vs-crystal-palace,15,prem,2026-01-04 15:00:00+00:00,1806.82,20.0
25-26-prem-newcastle-united-vs-crystal-palace,8,prem,2026-01-04 15:00:00+00:00,1857.27,20.0
25-26-prem-aston-villa-vs-nottingham-forest,2,prem,2026-01-03 12:30:00+00:00,1776.14,20.0
25-26-prem-aston-villa-vs-nottingham-forest,16,prem,2026-01-03 12:30:00+00:00,1928.17,20.0
25-26-prem-leeds-united-vs-manchester-united,11,prem,2026-01-04 12:30:00+00:00,1833.3,20.0
25-26-prem-leeds-united-vs-manchester-united,14,prem,2026-01-04 12:30:00+00:00,1748.41,20.0
25-26-prem-tottenham-hotspur-vs-sunderland,18,prem,2026-01-04 15:00:00+00:00,1674.57,20.0
25-26-prem-tottenham-hotspur-vs-sunderland,17,prem,2026-01-04 15:00:00+00:00,1814.06,20.0
25-26-prem-fulham-vs-liverpool,10,prem,2026-01-04 15:15:00+00:00,1944.39,20.0
25-26-prem-fulham-vs-liverpool,12,prem,2026-01-04 15:15:00+00:00,1796.45,20.0
25-26-prem-manchester-city-vs-chelsea,13,prem,2026-01-04 17:30:00+00:00,1891.31,20.0
25-26-prem-manchester-city-vs-chelsea,7,prem,2026-01-04 17:30:00+00:00,1999.3,20.0
25-26-prem-wolverhampton-wanderers-vs-west-ham-united,20,prem,2026-01-03 15:00:00+00:00,1721.38,20.0
25-26-prem-wolverhampton-wanderers-vs-west-ham-united,19,prem,2026-01-03 15:00:00+00:00,1640.97,20.0
25-26-prem-brighton-hove-albion-vs-burnley,6,prem,2026-01-03 15:00:00+00:00,1698.24,20.0
25-26-prem-brighton-hove-albion-vs-burnley,3,prem,2026-01-03 15:00:00+00:00,1829.82,20.0
25-26-prem-west-ham-united-vs-nottingham-forest,19,prem,2026-01-06 20:00:00+00:00,1758.73,21.0
25-26-prem-west-ham-united-vs-nottingham-forest,16,prem,2026-01-06 20:00:00+00:00,1708.14,21.0
25-26-prem-manchester-city-vs-brighton-hove-albion,13,prem,2026-01-07 19:30:00+00:00,1833.44,21.0
25-26-prem-manchester-city-vs-brighton-hove-albion,6,prem,2026-01-07 19:30:00+00:00,1988.38,21.0
25-26-prem-crystal-palace-vs-aston-villa,8,prem,2026-01-07 19:30:00+00:00,1925.89,21.0
25-26-prem-crystal-palace-vs-aston-villa,2,prem,2026-01-07 19:30:00+00:00,1797.64,21.0
25-26-prem-everton-vs-wolverhampton-wanderers,9,prem,2026-01-07 19:30:00+00:00,1661.81,21.0
25-26-prem-everton-vs-wolverhampton-wanderers,20,prem,2026-01-07 19:30:00+00:00,1801.65,21.0
25-26-prem-newcastle-united-vs-leeds-united,15,prem,2026-01-07 20:15:00+00:00,1754.98,21.0
25-26-prem-newcastle-united-vs-leeds-united,11,prem,2026-01-07 20:15:00+00:00,1872.37,21.0
25-26-prem-fulham-vs-chelsea,10,prem,2026-01-07 19:30:00+00:00,1891.47,21.0
25-26-prem-fulham-vs-chelsea,7,prem,2026-01-07 19:30:00+00:00,1800.63,21.0
25-26-prem-arsenal-vs-liverpool,1,prem,2026-01-08 20:00:00+00:00,1935.92,21.0
25-26-prem-arsenal-vs-liverpool,12,prem,2026-01-08 20:00:00+00:00,2057.15,21.0
25-26-prem-burnley-vs-manchester-united,3,prem,2026-01-07 20:15:00+00:00,1826.75,21.0
25-26-prem-burnley-vs-manchester-united,14,prem,2026-01-07 20:15:00+00:00,1685.38,21.0
25-26-prem-afc-bournemouth-vs-tottenham-hotspur,4,prem,2026-01-07 19:30:00+00:00,1810.89,21.0
25-26-prem-afc-bournemouth-vs-tottenham-hotspur,18,prem,2026-01-07 19:30:00+00:00,1792.22,21.0
25-26-prem-brentford-vs-sunderland,5,prem,2026-01-07 19:30:00+00:00,1686.13,21.0
25-26-prem-brentford-vs-sunderland,17,prem,2026-01-07 19:30:00+00:00,1835.7,21.0
25-26-prem-brighton-hove-albion-vs-afc-bournemouth,6,prem,2026-01-19 20:00:00+00:00,1799.18,22.0
25-26-prem-brighton-hove-albion-vs-afc-bournemouth,4,prem,2026-01-19 20:00:00+00:00,1838.92,22.0
25-26-prem-sunderland-vs-crystal-palace,17,prem,2026-01-17 15:00:00+00:00,1799.6,22.0
25-26-prem-sunderland-vs-crystal-palace,8,prem,2026-01-17 15:00:00+00:00,1680.29,22.0
25-26-efl-cup-arsenal-vs-chelsea,1,efl-cup,2026-01-14 20:00:00+00:00,1831.1,22.0
25-26-efl-cup-arsenal-vs-chelsea,7,efl-cup,2026-01-14 20:00:00+00:00,2063.76,22.0
25-26-prem-chelsea-vs-brentford,7,prem,2026-01-17 15:00:00+00:00,1841.53,22.0
25-26-prem-chelsea-vs-brentford,5,prem,2026-01-17 15:00:00+00:00,1882.61,22.0
25-26-prem-liverpool-vs-burnley,12,prem,2026-01-17 15:00:00+00:00,1687.71,22.0
25-26-prem-liverpool-vs-burnley,3,prem,2026-01-17 15:00:00+00:00,1940.72,22.0
25-26-prem-leeds-united-vs-fulham,11,prem,2026-01-17 15:00:00+00:00,1809.49,22.0
25-26-prem-leeds-united-vs-fulham,10,prem,2026-01-17 15:00:00+00:00,1751.15,22.0
25-26-prem-manchester-united-vs-manchester-city,14,prem,2026-01-17 12:30:00+00:00,1982.9,22.0
25-26-prem-manchester-united-vs-manchester-city,13,prem,2026-01-17 12:30:00+00:00,1824.43,22.0
25-26-prem-wolverhampton-wanderers-vs-newcastle-united,20,prem,2026-01-18 14:00:00+00:00,1876.21,22.0
25-26-prem-wolverhampton-wanderers-vs-newcastle-united,15,prem,2026-01-18 14:00:00+00:00,1666.98,22.0
25-26-prem-aston-villa-vs-everton,2,prem,2026-01-18 16:30:00+00:00,1796.48,22.0
25-26-prem-aston-villa-vs-everton,9,prem,2026-01-18 16:30:00+00:00,1923.92,22.0
25-26-prem-nottingham-forest-vs-arsenal,16,prem,2026-01-17 17:30:00+00:00,2052.35,22.0
25-26-prem-nottingham-forest-vs-arsenal,1,prem,2026-01-17 17:30:00+00:00,1767.03,22.0
25-26-prem-tottenham-hotspur-vs-west-ham-united,18,prem,2026-01-17 15:00:00+00:00,1699.84,22.0
25-26-prem-tottenham-hotspur-vs-west-ham-united,19,prem,2026-01-17 15:00:00+00:00,1803.93,22.0
25-26-efl-cup-manchester-city-vs-newcastle-united,13,efl-cup,2026-01-13 20:00:00+00:00,1837.53,22.0
25-26-efl-cup-manchester-city-vs-newcastle-united,15,efl-cup,2026-01-13 20:00:00+00:00,1970.85,22.0
25-26-champions-league-liverpool-vs-marseille,12,champions-league,2026-01-21 20:00:00+00:00,,23.0
25-26-europa-league-aston-villa-vs-fenerbahçe,2,europa-league,2026-01-22 17:45:00+00:00,,23.0
25-26-champions-league-manchester-city-vs-bodø/glimt,13,champions-league,2026-01-20 17:45:00+00:00,,23.0
25-26-prem-afc-bournemouth-vs-liverpool,4,prem,2026-01-24 17:30:00+00:00,1948.88,23.0
25-26-prem-afc-bournemouth-vs-liverpool,12,prem,2026-01-24 17:30:00+00:00,1806.9,23.0
25-26-prem-brentford-vs-nottingham-forest,5,prem,2026-01-25 14:00:00+00:00,1769.28,23.0
25-26-prem-brentford-vs-nottingham-forest,16,prem,2026-01-25 14:00:00+00:00,1838.74,23.0
25-26-champions-league-arsenal-vs-inter,1,champions-league,2026-01-20 20:00:00+00:00,,23.0
25-26-prem-west-ham-united-vs-sunderland,19,prem,2026-01-24 12:30:00+00:00,1695.04,23.0
25-26-prem-west-ham-united-vs-sunderland,17,prem,2026-01-24 12:30:00+00:00,1716.78,23.0
25-26-prem-burnley-vs-tottenham-hotspur,3,prem,2026-01-24 15:00:00+00:00,1807.61,23.0
25-26-prem-burnley-vs-tottenham-hotspur,18,prem,2026-01-24 15:00:00+00:00,1699.84,23.0
25-26-prem-fulham-vs-brighton-hove-albion,10,prem,2026-01-24 15:00:00+00:00,1841.15,23.0
25-26-prem-fulham-vs-brighton-hove-albion,6,prem,2026-01-24 15:00:00+00:00,1806.5,23.0
25-26-prem-crystal-palace-vs-chelsea,8,prem,2026-01-25 14:00:00+00:00,1896.35,23.0
25-26-prem-crystal-palace-vs-chelsea,7,prem,2026-01-25 14:00:00+00:00,1794.81,23.0
25-26-champions-league-psv-eindhoven-vs-newcastle-united,15,champions-league,2026-01-21 20:00:00+00:00,,23.0
25-26-prem-everton-vs-leeds-united,9,prem,2026-01-26 20:00:00+00:00,1764.09,23.0
25-26-prem-everton-vs-leeds-united,11,prem,2026-01-26 20:00:00+00:00,1814.36,23.0
25-26-prem-manchester-city-vs-wolverhampton-wanderers,13,prem,2026-01-24 15:00:00+00:00,1676.03,23.0
25-26-prem-manchester-city-vs-wolverhampton-wanderers,20,prem,2026-01-24 15:00:00+00:00,1953.93,23.0
25-26-prem-newcastle-united-vs-aston-villa,15,prem,2026-01-25 14:00:00+00:00,1920.99,23.0
25-26-prem-newcastle-united-vs-aston-villa,2,prem,2026-01-25 14:00:00+00:00,1884.41,23.0
25-26-prem-arsenal-vs-manchester-united,1,prem,2026-01-25 16:30:00+00:00,1844.18,23.0
25-26-prem-arsenal-vs-manchester-united,14,prem,2026-01-25 16:30:00+00:00,2061.98,23.0
25-26-europa-league-nottingham-forest-vs-braga,16,europa-league,2026-01-22 20:00:00+00:00,,23.0
25-26-champions-league-pafos-fc-vs-chelsea,7,champions-league,2026-01-21 20:00:00+00:00,,23.0
25-26-champions-league-borussia-dortmund-vs-tottenham-hotspur,18,champions-league,2026-01-20 20:00:00+00:00,,23.0
25-26-champions-league-kairat-almaty-vs-arsenal,1,champions-league,2026-01-28 20:00:00+00:00,,24.0
25-26-champions-league-chelsea-vs-napoli,7,champions-league,2026-01-28 20:00:00+00:00,,24.0
25-26-champions-league-newcastle-united-vs-paris-saint-germain,15,champions-league,2026-01-28 20:00:00+00:00,,24.0
25-26-prem-liverpool-vs-newcastle-united,12,prem,2026-01-31 20:00:00+00:00,1885.6,24.0
25-26-prem-liverpool-vs-newcastle-united,15,prem,2026-01-31 20:00:00+00:00,1949.25,24.0
25-26-prem-sunderland-vs-burnley,17,prem,2026-02-02 20:00:00+00:00,1710.05,24.0
25-26-prem-sunderland-vs-burnley,3,prem,2026-02-02 20:00:00+00:00,1694.92,24.0
25-26-prem-tottenham-hotspur-vs-manchester-city,18,prem,2026-02-01 16:30:00+00:00,1967.46,24.0
25-26-prem-tottenham-hotspur-vs-manchester-city,13,prem,2026-02-01 16:30:00+00:00,1824.88,24.0
25-26-prem-manchester-united-vs-fulham,14,prem,2026-02-01 14:00:00+00:00,1822.68,24.0
25-26-prem-manchester-united-vs-fulham,10,prem,2026-02-01 14:00:00+00:00,1867.16,24.0
25-26-prem-brighton-hove-albion-vs-everton,6,prem,2026-01-31 15:00:00+00:00,1820.12,24.0
25-26-prem-brighton-hove-albion-vs-everton,9,prem,2026-01-31 15:00:00+00:00,1842.34,24.0
25-26-prem-chelsea-vs-west-ham-united,7,prem,2026-01-31 17:30:00+00:00,1734.27,24.0
25-26-prem-chelsea-vs-west-ham-united,19,prem,2026-01-31 17:30:00+00:00,1922.71,24.0
25-26-europa-league-ferencvaros-vs-nottingham-forest,16,europa-league,2026-01-29 20:00:00+00:00,,24.0
25-26-champions-league-tottenham-hotspur-vs-eintracht-frankfurt,18,champions-league,2026-01-28 20:00:00+00:00,,24.0
25-26-champions-league-galatasaray-vs-manchester-city,13,champions-league,2026-01-28 20:00:00+00:00,,24.0
25-26-prem-leeds-united-vs-arsenal,11,prem,2026-01-31 15:00:00+00:00,2056.45,24.0
25-26-prem-leeds-united-vs-arsenal,1,prem,2026-01-31 15:00:00+00:00,1775.71,24.0
25-26-champions-league-qarabag-fk-vs-liverpool,12,champions-league,2026-01-28 20:00:00+00:00,,24.0
25-26-europa-league-salzburg-vs-aston-villa,2,europa-league,2026-01-29 20:00:00+00:00,,24.0
25-26-prem-nottingham-forest-vs-crystal-palace,16,prem,2026-02-01 14:00:00+00:00,1793.58,24.0
25-26-prem-nottingham-forest-vs-crystal-palace,8,prem,2026-02-01 14:00:00+00:00,1796.75,24.0
25-26-prem-aston-villa-vs-brentford,2,prem,2026-02-01 14:00:00+00:00,1831.43,24.0
25-26-prem-aston-villa-vs-brentford,5,prem,2026-02-01 14:00:00+00:00,1942.46,24.0
25-26-prem-wolverhampton-wanderers-vs-afc-bournemouth,20,prem,2026-01-31 15:00:00+00:00,1825.76,24.0
25-26-prem-wolverhampton-wanderers-vs-afc-bournemouth,4,prem,2026-01-31 15:00:00+00:00,1682.27,24.0
25-26-prem-brighton-hove-albion-vs-crystal-palace,6,prem,2026-02-08 14:00:00+00:00,1795.08,25.0
25-26-prem-brighton-hove-albion-vs-crystal-palace,8,prem,2026-02-08 14:00:00+00:00,1840.2,25.0
25-26-prem-arsenal-vs-sunderland,1,prem,2026-02-07 15:00:00+00:00,1707.78,25.0
25-26-prem-arsenal-vs-sunderland,17,prem,2026-02-07 15:00:00+00:00,2062.52,25.0
25-26-prem-wolverhampton-wanderers-vs-chelsea,20,prem,2026-02-07 15:00:00+00:00,1925.49,25.0
25-26-prem-wolverhampton-wanderers-vs-chelsea,7,prem,2026-02-07 15:00:00+00:00,1674.27,25.0
25-26-efl-cup-chelsea-vs-arsenal,7,efl-cup,2026-02-03 20:00:00+00:00,2063.76,25.0
25-26-efl-cup-chelsea-vs-arsenal,1,efl-cup,2026-02-03 20:00:00+00:00,1831.1,25.0
25-26-prem-liverpool-vs-manchester-city,12,prem,2026-02-08 16:30:00+00:00,1964.84,25.0
25-26-prem-liverpool-vs-manchester-city,13,prem,2026-02-08 16:30:00+00:00,1958.14,25.0
25-26-prem-afc-bournemouth-vs-aston-villa,4,prem,2026-02-07 15:00:00+00:00,1930.51,25.0
25-26-prem-afc-bournemouth-vs-aston-villa,2,prem,2026-02-07 15:00:00+00:00,1833.76,25.0
25-26-prem-fulham-vs-everton,10,prem,2026-02-07 15:00:00+00:00,1822.26,25.0
25-26-prem-fulham-vs-everton,9,prem,2026-02-07 15:00:00+00:00,1817.03,25.0
25-26-prem-newcastle-united-vs-brentford,15,prem,2026-02-07 17:30:00+00:00,1843.37,25.0
25-26-prem-newcastle-united-vs-brentford,5,prem,2026-02-07 17:30:00+00:00,1876.72,25.0
25-26-prem-leeds-united-vs-nottingham-forest,11,prem,2026-02-06 20:00:00+00:00,1795.25,25.0
25-26-prem-leeds-united-vs-nottingham-forest,16,prem,2026-02-06 20:00:00+00:00,1769.64,25.0
25-26-prem-manchester-united-vs-tottenham-hotspur,14,prem,2026-02-07 12:30:00+00:00,1827.5,25.0
25-26-prem-manchester-united-vs-tottenham-hotspur,18,prem,2026-02-07 12:30:00+00:00,1872.81,25.0
25-26-prem-burnley-vs-west-ham-united,3,prem,2026-02-07 15:00:00+00:00,1731.5,25.0
25-26-prem-burnley-vs-west-ham-united,19,prem,2026-02-07 15:00:00+00:00,1697.18,25.0
25-26-efl-cup-newcastle-united-vs-manchester-city,15,efl-cup,2026-02-04 20:00:00+00:00,1970.85,25.0
25-26-efl-cup-newcastle-united-vs-manchester-city,13,efl-cup,2026-02-04 20:00:00+00:00,1837.53,25.0
25-26-prem-crystal-palace-vs-burnley,8,prem,2026-02-11 19:40:00+00:00,1685.09,26.0
25-26-prem-crystal-palace-vs-burnley,3,prem,2026-02-11 19:40:00+00:00,1805.77,26.0
25-26-prem-chelsea-vs-leeds-united,7,prem,2026-02-10 19:30:00+00:00,1780.19,26.0
25-26-prem-chelsea-vs-leeds-united,11,prem,2026-02-10 19:30:00+00:00,1930.44,26.0
25-26-prem-brentford-vs-arsenal,5,prem,2026-02-12 20:00:00+00:00,2064.57,26.0
25-26-prem-brentford-vs-arsenal,1,prem,2026-02-12 20:00:00+00:00,1853.47,26.0
25-26-prem-nottingham-forest-vs-wolverhampton-wanderers,16,prem,2026-02-11 19:30:00+00:00,1669.32,26.0
25-26-prem-nottingham-forest-vs-wolverhampton-wanderers,20,prem,2026-02-11 19:30:00+00:00,1784.7,26.0
25-26-prem-tottenham-hotspur-vs-newcastle-united,18,prem,2026-02-10 19:30:00+00:00,1866.62,26.0
25-26-prem-tottenham-hotspur-vs-newcastle-united,15,prem,2026-02-10 19:30:00+00:00,1819.66,26.0
25-26-prem-wolverhampton-wanderers-vs-arsenal,20,prem,2026-02-18 20:00:00+00:00,2064.57,26.0
25-26-prem-wolverhampton-wanderers-vs-arsenal,1,prem,2026-02-18 20:00:00+00:00,1669.32,26.0
25-26-prem-everton-vs-afc-bournemouth,9,prem,2026-02-10 19:30:00+00:00,1835.06,26.0
25-26-prem-everton-vs-afc-bournemouth,4,prem,2026-02-10 19:30:00+00:00,1831.61,26.0
25-26-prem-sunderland-vs-liverpool,17,prem,2026-02-11 20:15:00+00:00,1949.06,26.0
25-26-prem-sunderland-vs-liverpool,12,prem,2026-02-11 20:15:00+00:00,1705.73,26.0
25-26-prem-west-ham-united-vs-manchester-united,19,prem,2026-02-10 20:15:00+00:00,1880.65,26.0
25-26-prem-west-ham-united-vs-manchester-united,14,prem,2026-02-10 20:15:00+00:00,1743.59,26.0
25-26-prem-manchester-city-vs-fulham,13,prem,2026-02-11 19:30:00+00:00,1807.68,26.0
25-26-prem-manchester-city-vs-fulham,10,prem,2026-02-11 19:30:00+00:00,1973.92,26.0
25-26-prem-aston-villa-vs-brighton-hove-albion,2,prem,2026-02-11 19:30:00+00:00,1829.52,26.0
25-26-prem-aston-villa-vs-brighton-hove-albion,6,prem,2026-02-11 19:30:00+00:00,1929.21,26.0
25-26-europa-league-nottingham-forest-vs-fenerbahçe,16,europa-league,,,27.0
25-26-champions-league-newcastle-united-vs-qarabag-fk,15,champions-league,,,27.0
25-26-prem-sunderland-vs-fulham,17,prem,2026-02-22 14:00:00+00:00,1807.68,27.0
25-26-prem-sunderland-vs-fulham,10,prem,2026-02-22 14:00:00+00:00,1705.73,27.0
25-26-conference-league-crystal-palace-vs-zrinjski-mostar,8,conference-league,,,27.0
25-26-prem-nottingham-forest-vs-liverpool,16,prem,2026-02-22 14:00:00+00:00,1949.06,27.0
25-26-prem-nottingham-forest-vs-liverpool,12,prem,2026-02-22 14:00:00+00:00,1784.7,27.0
25-26-prem-aston-villa-vs-leeds-united,2,prem,2026-02-21 15:00:00+00:00,1780.19,27.0
25-26-prem-aston-villa-vs-leeds-united,11,prem,2026-02-21 15:00:00+00:00,1929.21,27.0
25-26-prem-crystal-palace-vs-wolverhampton-wanderers,8,prem,2026-02-22 14:00:00+00:00,1669.32,27.0
25-26-prem-crystal-palace-vs-wolverhampton-wanderers,20,prem,2026-02-22 14:00:00+00:00,1805.77,27.0
25-26-prem-tottenham-hotspur-vs-arsenal,18,prem,2026-02-22 16:30:00+00:00,2064.57,27.0
25-26-prem-tottenham-hotspur-vs-arsenal,1,prem,2026-02-22 16:30:00+00:00,1819.66,27.0
25-26-prem-west-ham-united-vs-afc-bournemouth,19,prem,2026-02-21 17:30:00+00:00,1835.06,27.0
25-26-prem-west-ham-united-vs-afc-bournemouth,4,prem,2026-02-21 17:30:00+00:00,1743.59,27.0
25-26-prem-chelsea-vs-burnley,7,prem,2026-02-21 15:00:00+00:00,1685.09,27.0
25-26-prem-chelsea-vs-burnley,3,prem,2026-02-21 15:00:00+00:00,1930.44,27.0
25-26-prem-manchester-city-vs-newcastle-united,13,prem,2026-02-21 20:00:00+00:00,1866.62,27.0
25-26-prem-manchester-city-vs-newcastle-united,15,prem,2026-02-21 20:00:00+00:00,1973.92,27.0
25-26-prem-brentford-vs-brighton-hove-albion,5,prem,2026-02-21 15:00:00+00:00,1829.52,27.0
25-26-prem-brentford-vs-brighton-hove-albion,6,prem,2026-02-21 15:00:00+00:00,1853.47,27.0
25-26-prem-everton-vs-manchester-united,9,prem,2026-02-23 20:00:00+00:00,1880.65,27.0
25-26-prem-everton-vs-manchester-united,14,prem,2026-02-23 20:00:00+00:00,1831.61,27.0
25-26-prem-arsenal-vs-chelsea,1,prem,2026-03-01 16:30:00+00:00,1930.44,28.0
25-26-prem-arsenal-vs-chelsea,7,prem,2026-03-01 16:30:00+00:00,2064.57,28.0
25-26-conference-league-zrinjski-mostar-vs-crystal-palace,8,conference-league,,,28.0
25-26-prem-newcastle-united-vs-everton,15,prem,2026-02-28 15:00:00+00:00,1831.61,28.0
25-26-prem-newcastle-united-vs-everton,9,prem,2026-02-28 15:00:00+00:00,1866.62,28.0
25-26-prem-wolverhampton-wanderers-vs-aston-villa,20,prem,2026-02-27 20:00:00+00:00,1929.21,28.0
25-26-prem-wolverhampton-wanderers-vs-aston-villa,2,prem,2026-02-27 20:00:00+00:00,1669.32,28.0
25-26-prem-afc-bournemouth-vs-sunderland,4,prem,2026-02-28 12:30:00+00:00,1705.73,28.0
25-26-prem-afc-bournemouth-vs-sunderland,17,prem,2026-02-28 12:30:00+00:00,1835.06,28.0
25-26-europa-league-fenerbahçe-vs-nottingham-forest,16,europa-league,,,28.0
25-26-prem-burnley-vs-brentford,3,prem,2026-02-28 15:00:00+00:00,1853.47,28.0
25-26-prem-burnley-vs-brentford,5,prem,2026-02-28 15:00:00+00:00,1685.09,28.0
25-26-prem-leeds-united-vs-manchester-city,11,prem,2026-02-28 17:30:00+00:00,1973.92,28.0
25-26-prem-leeds-united-vs-manchester-city,13,prem,2026-02-28 17:30:00+00:00,1780.19,28.0
25-26-prem-manchester-united-vs-crystal-palace,14,prem,2026-03-01 14:00:00+00:00,1805.77,28.0
25-26-prem-manchester-united-vs-crystal-palace,8,prem,2026-03-01 14:00:00+00:00,1880.65,28.0
25-26-prem-brighton-hove-albion-vs-nottingham-forest,6,prem,2026-03-01 14:00:00+00:00,1784.7,28.0
25-26-prem-brighton-hove-albion-vs-nottingham-forest,16,prem,2026-03-01 14:00:00+00:00,1829.52,28.0
25-26-prem-fulham-vs-tottenham-hotspur,10,prem,2026-03-01 14:00:00+00:00,1819.66,28.0
25-26-prem-fulham-vs-tottenham-hotspur,18,prem,2026-03-01 14:00:00+00:00,1807.68,28.0
25-26-prem-liverpool-vs-west-ham-united,12,prem,2026-02-28 15:00:00+00:00,1743.59,28.0
25-26-prem-liverpool-vs-west-ham-united,19,prem,2026-02-28 15:00:00+00:00,1949.06,28.0
25-26-champions-league-qarabag-fk-vs-newcastle-united,15,champions-league,,,28.0
25-26-prem-afc-bournemouth-vs-brentford,4,prem,2026-03-03 19:30:00+00:00,1853.47,29.0
25-26-prem-afc-bournemouth-vs-brentford,5,prem,2026-03-03 19:30:00+00:00,1835.06,29.0
25-26-prem-newcastle-united-vs-manchester-united,15,prem,2026-03-04 20:15:00+00:00,1880.65,29.0
25-26-prem-newcastle-united-vs-manchester-united,14,prem,2026-03-04 20:15:00+00:00,1866.62,29.0
25-26-prem-everton-vs-burnley,9,prem,2026-03-03 19:30:00+00:00,1685.09,29.0
25-26-prem-everton-vs-burnley,3,prem,2026-03-03 19:30:00+00:00,1831.61,29.0
25-26-prem-aston-villa-vs-chelsea,2,prem,2026-03-04 19:30:00+00:00,1930.44,29.0
25-26-prem-aston-villa-vs-chelsea,7,prem,2026-03-04 19:30:00+00:00,1929.21,29.0
25-26-prem-tottenham-hotspur-vs-crystal-palace,18,prem,2026-03-05 20:00:00+00:00,1805.77,29.0
25-26-prem-tottenham-hotspur-vs-crystal-palace,8,prem,2026-03-05 20:00:00+00:00,1819.66,29.0
25-26-prem-wolverhampton-wanderers-vs-liverpool,20,prem,2026-03-03 20:15:00+00:00,1949.06,29.0
25-26-prem-wolverhampton-wanderers-vs-liverpool,12,prem,2026-03-03 20:15:00+00:00,1669.32,29.0
25-26-prem-manchester-city-vs-nottingham-forest,13,prem,2026-03-04 19:30:00+00:00,1784.7,29.0
25-26-prem-manchester-city-vs-nottingham-forest,16,prem,2026-03-04 19:30:00+00:00,1973.92,29.0
25-26-prem-leeds-united-vs-sunderland,11,prem,2026-03-03 19:30:00+00:00,1705.73,29.0
25-26-prem-leeds-united-vs-sunderland,17,prem,2026-03-03 19:30:00+00:00,1780.19,29.0
25-26-prem-brighton-hove-albion-vs-arsenal,6,prem,2026-03-04 19:30:00+00:00,2064.57,29.0
25-26-prem-brighton-hove-albion-vs-arsenal,1,prem,2026-03-04 19:30:00+00:00,1829.52,29.0
25-26-prem-fulham-vs-west-ham-united,10,prem,2026-03-04 19:30:00+00:00,1743.59,29.0
25-26-prem-fulham-vs-west-ham-united,19,prem,2026-03-04 19:30:00+00:00,1807.68,29.0
25-26-efl-cup-derby-county-vs-burnley,3,efl-cup,2025-08-26 18:45:00+00:00,,3.0
25-26-efl-cup-west-ham-united-vs-wolverhampton-wanderers,19,efl-cup,2025-08-26 18:30:00+00:00,1647.01,3.0
25-26-efl-cup-west-ham-united-vs-wolverhampton-wanderers,20,efl-cup,2025-08-26 18:30:00+00:00,1733.74,3.0
25-26-efl-cup-manchester-united-vs-grimsby-town,14,efl-cup,2025-08-27 19:00:00+00:00,,3.0
25-26-efl-cup-leeds-united-vs-sheffield-wednesday,11,efl-cup,2025-08-26 19:00:00+00:00,,3.0
25-26-efl-cup-brighton-hove-albion-vs-oxford-united,6,efl-cup,2025-08-27 18:45:00+00:00,,3.0
25-26-efl-cup-mansfield-town-vs-everton,9,efl-cup,2025-08-27 18:45:00+00:00,,3.0
25-26-efl-cup-huddersfield-town-vs-sunderland,17,efl-cup,2025-08-26 18:45:00+00:00,,3.0
25-26-prem-manchester-united-vs-burnley,14,prem,2025-08-30 14:00:00+00:00,1724.97,3.0
25-26-prem-manchester-united-vs-burnley,3,prem,2025-08-30 14:00:00+00:00,1796.21,3.0
25-26-prem-brighton-hove-albion-vs-manchester-city,6,prem,2025-08-31 13:00:00+00:00,1949.15,3.0
25-26-prem-brighton-hove-albion-vs-manchester-city,13,prem,2025-08-31 13:00:00+00:00,1813.37,3.0
25-26-prem-aston-villa-vs-crystal-palace,2,prem,2025-08-31 18:00:00+00:00,1836.96,3.0
25-26-prem-aston-villa-vs-crystal-palace,8,prem,2025-08-31 18:00:00+00:00,1862.87,3.0
25-26-prem-chelsea-vs-fulham,7,prem,2025-08-30 11:30:00+00:00,1783.55,3.0
25-26-prem-chelsea-vs-fulham,10,prem,2025-08-30 11:30:00+00:00,1909.72,3.0
25-26-prem-nottingham-forest-vs-west-ham-united,16,prem,2025-08-31 13:00:00+00:00,1719.5,3.0
25-26-prem-nottingham-forest-vs-west-ham-united,19,prem,2025-08-31 13:00:00+00:00,1814.92,3.0
25-26-prem-liverpool-vs-arsenal,12,prem,2025-08-31 15:30:00+00:00,2002.38,3.0
25-26-prem-liverpool-vs-arsenal,1,prem,2025-08-31 15:30:00+00:00,2003.53,3.0
25-26-prem-wolverhampton-wanderers-vs-everton,20,prem,2025-08-30 14:00:00+00:00,1805.92,3.0
25-26-prem-wolverhampton-wanderers-vs-everton,9,prem,2025-08-30 14:00:00+00:00,1714.15,3.0
25-26-prem-tottenham-hotspur-vs-afc-bournemouth,18,prem,2025-08-30 14:00:00+00:00,1809.2,3.0
25-26-prem-tottenham-hotspur-vs-afc-bournemouth,4,prem,2025-08-30 14:00:00+00:00,1802.91,3.0
25-26-prem-sunderland-vs-brentford,17,prem,2025-08-30 14:00:00+00:00,1810.23,3.0
25-26-prem-sunderland-vs-brentford,5,prem,2025-08-30 14:00:00+00:00,1563.05,3.0
25-26-prem-leeds-united-vs-newcastle-united,11,prem,2025-08-30 16:30:00+00:00,1864.48,3.0
25-26-prem-leeds-united-vs-newcastle-united,15,prem,2025-08-30 16:30:00+00:00,1727.07,3.0
25-26-prem-nottingham-forest-vs-fulham,16,prem,2026-03-15 14:00:00+00:00,1807.68,30.0
25-26-prem-nottingham-forest-vs-fulham,10,prem,2026-03-15 14:00:00+00:00,1784.7,30.0
25-26-champions-league-tottenham-hotspur-vs-atletico-madrid,18,champions-league,,,30.0
25-26-prem-west-ham-united-vs-manchester-city,19,prem,2026-03-14 20:00:00+00:00,1973.92,30.0
25-26-prem-west-ham-united-vs-manchester-city,13,prem,2026-03-14 20:00:00+00:00,1743.59,30.0
25-26-europa-league-fc-midtjylland-vs-nottingham-forest,16,europa-league,2025-10-02 19:00:00+00:00,,30.0
25-26-champions-league-barcelona-vs-newcastle-united,15,champions-league,2025-09-18 19:00:00+00:00,,30.0
25-26-champions-league-chelsea-vs-paris-saint-germain,7,champions-league,,,30.0
25-26-europa-league-aston-villa-vs-lille,2,europa-league,,,30.0
25-26-prem-arsenal-vs-everton,1,prem,2026-03-14 17:30:00+00:00,1831.61,30.0
25-26-prem-arsenal-vs-everton,9,prem,2026-03-14 17:30:00+00:00,2064.57,30.0
25-26-prem-burnley-vs-afc-bournemouth,3,prem,2026-03-14 15:00:00+00:00,1835.06,30.0
25-26-prem-burnley-vs-afc-bournemouth,4,prem,2026-03-14 15:00:00+00:00,1685.09,30.0
25-26-prem-sunderland-vs-brighton-hove-albion,17,prem,2026-03-14 15:00:00+00:00,1829.52,30.0
25-26-prem-sunderland-vs-brighton-hove-albion,6,prem,2026-03-14 15:00:00+00:00,1705.73,30.0
25-26-prem-brentford-vs-wolverhampton-wanderers,5,prem,2026-03-16 20:00:00+00:00,1669.32,30.0
25-26-prem-brentford-vs-wolverhampton-wanderers,20,prem,2026-03-16 20:00:00+00:00,1853.47,30.0
25-26-prem-manchester-united-vs-aston-villa,14,prem,2026-03-15 14:00:00+00:00,1929.21,30.0
25-26-prem-manchester-united-vs-aston-villa,2,prem,2026-03-15 14:00:00+00:00,1880.65,30.0
25-26-champions-league-liverpool-vs-galatasaray,12,champions-league,2025-09-30 19:00:00+00:00,,30.0
25-26-prem-chelsea-vs-newcastle-united,7,prem,2026-03-14 17:30:00+00:00,1866.62,30.0
25-26-prem-chelsea-vs-newcastle-united,15,prem,2026-03-14 17:30:00+00:00,1930.44,30.0
25-26-prem-liverpool-vs-tottenham-hotspur,12,prem,2026-03-15 16:30:00+00:00,1819.66,30.0
25-26-prem-liverpool-vs-tottenham-hotspur,18,prem,2026-03-15 16:30:00+00:00,1949.06,30.0
25-26-prem-crystal-palace-vs-leeds-united,8,prem,2026-03-15 14:00:00+00:00,1780.19,30.0
25-26-prem-crystal-palace-vs-leeds-united,11,prem,2026-03-15 14:00:00+00:00,1805.77,30.0
25-26-conference-league-aek-larnaca-vs-crystal-palace,8,conference-league,2025-10-23 19:00:00+00:00,,30.0
25-26-champions-league-arsenal-vs-bayer-leverkusen,1,champions-league,,,30.0
25-26-champions-league-manchester-city-vs-real-madrid,13,champions-league,2025-12-10 20:00:00+00:00,,30.0
25-26-champions-league-galatasaray-vs-liverpool,12,champions-league,,,31.0
25-26-champions-league-paris-saint-germain-vs-chelsea,7,champions-league,,,31.0
25-26-prem-afc-bournemouth-vs-manchester-united,4,prem,2026-03-20 20:00:00+00:00,1880.65,31.0
25-26-prem-afc-bournemouth-vs-manchester-united,14,prem,2026-03-20 20:00:00+00:00,1835.06,31.0
25-26-prem-tottenham-hotspur-vs-nottingham-forest,18,prem,2026-03-22 14:15:00+00:00,1784.7,31.0
25-26-prem-tottenham-hotspur-vs-nottingham-forest,16,prem,2026-03-22 14:15:00+00:00,1819.66,31.0
25-26-prem-everton-vs-chelsea,9,prem,2026-03-21 17:30:00+00:00,1930.44,31.0
25-26-prem-everton-vs-chelsea,7,prem,2026-03-21 17:30:00+00:00,1831.61,31.0
25-26-prem-newcastle-united-vs-sunderland,15,prem,2026-03-22 12:00:00+00:00,1705.73,31.0
25-26-prem-newcastle-united-vs-sunderland,17,prem,2026-03-22 12:00:00+00:00,1866.62,31.0
25-26-prem-brighton-hove-albion-vs-liverpool,6,prem,2026-03-21 12:45:00+00:00,1949.06,31.0
25-26-prem-brighton-hove-albion-vs-liverpool,12,prem,2026-03-21 12:45:00+00:00,1829.52,31.0
25-26-europa-league-nottingham-forest-vs-fc-midtjylland,16,europa-league,,,31.0
25-26-europa-league-lille-vs-aston-villa,2,europa-league,,,31.0
25-26-prem-fulham-vs-burnley,10,prem,2026-03-21 15:00:00+00:00,1685.09,31.0
25-26-prem-fulham-vs-burnley,3,prem,2026-03-21 15:00:00+00:00,1807.68,31.0
25-26-prem-aston-villa-vs-west-ham-united,2,prem,2026-03-22 14:15:00+00:00,1743.59,31.0
25-26-prem-aston-villa-vs-west-ham-united,19,prem,2026-03-22 14:15:00+00:00,1929.21,31.0
25-26-prem-leeds-united-vs-brentford,11,prem,2026-03-21 20:00:00+00:00,1853.47,31.0
25-26-prem-leeds-united-vs-brentford,5,prem,2026-03-21 20:00:00+00:00,1780.19,31.0
25-26-conference-league-crystal-palace-vs-aek-larnaca,8,conference-league,,,31.0
25-26-champions-league-newcastle-united-vs-barcelona,15,champions-league,,,31.0
25-26-champions-league-bayer-leverkusen-vs-arsenal,1,champions-league,,,31.0
25-26-champions-league-real-madrid-vs-manchester-city,13,champions-league,,,31.0
25-26-champions-league-atletico-madrid-vs-tottenham-hotspur,18,champions-league,,,31.0
25-26-prem-nottingham-forest-vs-aston-villa,16,prem,2026-04-12 13:00:00+00:00,1929.21,32.0
25-26-prem-nottingham-forest-vs-aston-villa,2,prem,2026-04-12 13:00:00+00:00,1784.7,32.0
25-26-prem-manchester-united-vs-leeds-united,14,prem,2026-04-13 19:00:00+00:00,1780.19,32.0
25-26-prem-manchester-united-vs-leeds-united,11,prem,2026-04-13 19:00:00+00:00,1880.65,32.0
25-26-europa-league-aston-villa-vs-bologna/roma,2,europa-league,,,32.0
25-26-conference-league-fiorentina-vs-crystal-palace,8,conference-league,,,32.0
25-26-efl-cup-arsenal-vs-newcastle-united/manchester-city,1,efl-cup,,,32.0
25-26-efl-cup-arsenal-vs-manchester-city,1,efl-cup,,1964.84,32.0
25-26-efl-cup-arsenal-vs-manchester-city,13,efl-cup,,2062.52,32.0
25-26-efl-cup-manchester-city-vs-arsenal,13,efl-cup,,2063.76,32.0
25-26-efl-cup-manchester-city-vs-arsenal,1,efl-cup,,1970.85,32.0
25-26-prem-burnley-vs-brighton-hove-albion,3,prem,2026-04-11 14:00:00+00:00,1829.52,32.0
25-26-prem-burnley-vs-brighton-hove-albion,6,prem,2026-04-11 14:00:00+00:00,1685.09,32.0
25-26-prem-arsenal-vs-afc-bournemouth,1,prem,2026-04-11 11:30:00+00:00,1835.06,32.0
25-26-prem-arsenal-vs-afc-bournemouth,4,prem,2026-04-11 11:30:00+00:00,2064.57,32.0
25-26-europa-league-nottingham-forest-vs-fc-porto,16,europa-league,,,32.0
25-26-prem-brentford-vs-everton,5,prem,2026-04-11 14:00:00+00:00,1831.61,32.0
25-26-prem-brentford-vs-everton,9,prem,2026-04-11 14:00:00+00:00,1853.47,32.0
25-26-prem-sunderland-vs-tottenham-hotspur,17,prem,2026-04-12 13:00:00+00:00,1819.66,32.0
25-26-prem-sunderland-vs-tottenham-hotspur,18,prem,2026-04-12 13:00:00+00:00,1705.73,32.0
25-26-europa-league-aston-villa-vs-bologna,2,europa-league,,,32.0
25-26-prem-liverpool-vs-fulham,12,prem,2026-04-11 16:30:00+00:00,1807.68,32.0
25-26-prem-liverpool-vs-fulham,10,prem,2026-04-11 16:30:00+00:00,1949.06,32.0
25-26-prem-west-ham-united-vs-wolverhampton-wanderers,19,prem,2026-04-10 19:00:00+00:00,1669.32,32.0
25-26-prem-west-ham-united-vs-wolverhampton-wanderers,20,prem,2026-04-10 19:00:00+00:00,1743.59,32.0
25-26-prem-crystal-palace-vs-newcastle-united,8,prem,2026-04-12 13:00:00+00:00,1866.62,32.0
25-26-prem-crystal-palace-vs-newcastle-united,15,prem,2026-04-12 13:00:00+00:00,1805.77,32.0
25-26-prem-chelsea-vs-manchester-city,7,prem,2026-04-12 15:30:00+00:00,1973.92,32.0
25-26-prem-chelsea-vs-manchester-city,13,prem,2026-04-12 15:30:00+00:00,1930.44,32.0
25-26-champions-league-arsenal-vs-sporting-cp,1,champions-league,,,32.0
25-26-champions-league-liverpool-vs-paris-saint-germain,12,champions-league,,,32.0
25-26-europa-league-fc-porto-vs-nottingham-forest,16,europa-league,,,33.0
25-26-europa-league-bologna-vs-aston-villa,2,europa-league,,,33.0
25-26-europa-league-bologna/roma-vs-aston-villa,2,europa-league,,,33.0
25-26-prem-manchester-city-vs-arsenal,13,prem,2026-04-19 15:30:00+00:00,2044.21,33.0
25-26-prem-manchester-city-vs-arsenal,1,prem,2026-04-19 15:30:00+00:00,1966.49,33.0
25-26-prem-afc-bournemouth-vs-leeds-united,4,prem,2026-04-22 19:00:00+00:00,1789.25,33.0
25-26-prem-afc-bournemouth-vs-leeds-united,11,prem,2026-04-22 19:00:00+00:00,1849.21,33.0
25-26-prem-brentford-vs-fulham,5,prem,2026-04-18 11:30:00+00:00,1801.05,33.0
25-26-prem-brentford-vs-fulham,10,prem,2026-04-18 11:30:00+00:00,1833.07,33.0
25-26-champions-league-paris-saint-germain-vs-liverpool,12,champions-league,,,33.0
25-26-prem-everton-vs-liverpool,9,prem,2026-04-19 13:00:00+00:00,1925.59,33.0
25-26-prem-everton-vs-liverpool,12,prem,2026-04-19 13:00:00+00:00,1829.23,33.0
25-26-prem-crystal-palace-vs-west-ham-united,8,prem,2026-04-20 19:00:00+00:00,1759.28,33.0
25-26-prem-crystal-palace-vs-west-ham-united,19,prem,2026-04-20 19:00:00+00:00,1810.98,33.0
25-26-prem-aston-villa-vs-sunderland,2,prem,2026-04-19 13:00:00+00:00,1713.23,33.0
25-26-prem-aston-villa-vs-sunderland,17,prem,2026-04-19 13:00:00+00:00,1899.11,33.0
25-26-prem-chelsea-vs-manchester-united,7,prem,2026-04-18 19:00:00+00:00,1881.36,33.0
25-26-prem-chelsea-vs-manchester-united,14,prem,2026-04-18 19:00:00+00:00,1852.26,33.0
25-26-prem-tottenham-hotspur-vs-brighton-hove-albion,18,prem,2026-04-18 16:30:00+00:00,1852.34,33.0
25-26-prem-tottenham-hotspur-vs-brighton-hove-albion,6,prem,2026-04-18 16:30:00+00:00,1750.36,33.0
25-26-conference-league-crystal-palace-vs-fiorentina,8,conference-league,,,33.0
25-26-champions-league-sporting-cp-vs-arsenal,1,champions-league,,,33.0
25-26-prem-leeds-united-vs-wolverhampton-wanderers,11,prem,2026-04-18 14:00:00+00:00,1684.17,33.0
25-26-prem-leeds-united-vs-wolverhampton-wanderers,20,prem,2026-04-18 14:00:00+00:00,1789.25,33.0
25-26-prem-burnley-vs-manchester-city,3,prem,2026-04-22 19:00:00+00:00,1966.49,33.0
25-26-prem-burnley-vs-manchester-city,13,prem,2026-04-22 19:00:00+00:00,1666.23,33.0
25-26-prem-nottingham-forest-vs-burnley,16,prem,2026-04-19 13:00:00+00:00,1666.23,33.0
25-26-prem-nottingham-forest-vs-burnley,3,prem,2026-04-19 13:00:00+00:00,1808.82,33.0
25-26-prem-brighton-hove-albion-vs-chelsea,6,prem,2026-04-21 19:00:00+00:00,1852.26,33.0
25-26-prem-brighton-hove-albion-vs-chelsea,7,prem,2026-04-21 19:00:00+00:00,1852.34,33.0
25-26-prem-newcastle-united-vs-afc-bournemouth,15,prem,2026-04-18 14:00:00+00:00,1849.21,33.0
25-26-prem-newcastle-united-vs-afc-bournemouth,4,prem,2026-04-18 14:00:00+00:00,1827.16,33.0
25-26-prem-manchester-united-vs-brentford,14,prem,2026-04-27 19:00:00+00:00,1836.59,34.0
25-26-prem-manchester-united-vs-brentford,5,prem,2026-04-27 19:00:00+00:00,1915.32,34.0
25-26-prem-west-ham-united-vs-everton,19,prem,2026-04-25 14:00:00+00:00,1803.43,34.0
25-26-prem-west-ham-united-vs-everton,9,prem,2026-04-25 14:00:00+00:00,1768.8,34.0
25-26-prem-arsenal-vs-newcastle-united,1,prem,2026-04-25 16:30:00+00:00,1837.53,34.0
25-26-prem-arsenal-vs-newcastle-united,15,prem,2026-04-25 16:30:00+00:00,2063.76,34.0
25-26-prem-sunderland-vs-nottingham-forest,17,prem,2026-04-24 19:00:00+00:00,1822.17,34.0
25-26-prem-sunderland-vs-nottingham-forest,16,prem,2026-04-24 19:00:00+00:00,1735.93,34.0
25-26-prem-wolverhampton-wanderers-vs-tottenham-hotspur,20,prem,2026-04-25 14:00:00+00:00,1777.31,34.0
25-26-prem-wolverhampton-wanderers-vs-tottenham-hotspur,18,prem,2026-04-25 14:00:00+00:00,1679.69,34.0
25-26-prem-fulham-vs-aston-villa,10,prem,2026-04-25 11:30:00+00:00,1920.97,34.0
25-26-prem-fulham-vs-aston-villa,2,prem,2026-04-25 11:30:00+00:00,1813.1,34.0
25-26-prem-liverpool-vs-crystal-palace,12,prem,2026-04-25 14:00:00+00:00,1803.82,34.0
25-26-prem-liverpool-vs-crystal-palace,8,prem,2026-04-25 14:00:00+00:00,1910.8,34.0
25-26-europa-league-aston-villa-vs-nottingham-forest,2,europa-league,,1822.17,35.0
25-26-europa-league-aston-villa-vs-nottingham-forest,16,europa-league,,1920.97,35.0
25-26-prem-leeds-united-vs-burnley,11,prem,2026-05-01 19:00:00+00:00,1666.34,35.0
25-26-prem-leeds-united-vs-burnley,3,prem,2026-05-01 19:00:00+00:00,1797.39,35.0
25-26-prem-wolverhampton-wanderers-vs-sunderland,20,prem,2026-05-02 14:00:00+00:00,1735.93,35.0
25-26-prem-wolverhampton-wanderers-vs-sunderland,17,prem,2026-05-02 14:00:00+00:00,1679.69,35.0
25-26-prem-newcastle-united-vs-brighton-hove-albion,15,prem,2026-05-02 14:00:00+00:00,1842.01,35.0
25-26-prem-newcastle-united-vs-brighton-hove-albion,6,prem,2026-05-02 14:00:00+00:00,1837.53,35.0
25-26-prem-manchester-united-vs-liverpool,14,prem,2026-05-03 14:30:00+00:00,1910.8,35.0
25-26-prem-manchester-united-vs-liverpool,12,prem,2026-05-03 14:30:00+00:00,1915.32,35.0
25-26-prem-arsenal-vs-fulham,1,prem,2026-05-02 16:30:00+00:00,1813.1,35.0
25-26-prem-arsenal-vs-fulham,10,prem,2026-05-02 16:30:00+00:00,2063.76,35.0
25-26-prem-afc-bournemouth-vs-crystal-palace,4,prem,2026-05-03 13:00:00+00:00,1803.82,35.0
25-26-prem-afc-bournemouth-vs-crystal-palace,8,prem,2026-05-03 13:00:00+00:00,1871.97,35.0
25-26-conference-league-crystal-palace-vs-shakhtar-donetsk,8,conference-league,,,35.0
25-26-prem-aston-villa-vs-tottenham-hotspur,2,prem,2026-05-03 18:00:00+00:00,1777.31,35.0
25-26-prem-aston-villa-vs-tottenham-hotspur,18,prem,2026-05-03 18:00:00+00:00,1920.97,35.0
25-26-prem-brentford-vs-west-ham-united,5,prem,2026-05-02 14:00:00+00:00,1768.8,35.0
25-26-prem-brentford-vs-west-ham-united,19,prem,2026-05-02 14:00:00+00:00,1836.59,35.0
25-26-prem-chelsea-vs-nottingham-forest,7,prem,2026-05-04 14:00:00+00:00,1822.17,35.0
25-26-prem-chelsea-vs-nottingham-forest,16,prem,2026-05-04 14:00:00+00:00,1831.1,35.0
25-26-prem-everton-vs-manchester-city,9,prem,2026-05-04 19:00:00+00:00,1970.85,35.0
25-26-prem-everton-vs-manchester-city,13,prem,2026-05-04 19:00:00+00:00,1803.43,35.0
25-26-champions-league-arsenal-vs-atletico-madrid,1,champions-league,,,35.0
25-26-prem-burnley-vs-aston-villa,3,prem,2026-05-10 13:00:00+00:00,1920.97,36.0
25-26-prem-burnley-vs-aston-villa,2,prem,2026-05-10 13:00:00+00:00,1666.34,36.0
25-26-europa-league-nottingham-forest-vs-aston-villa,16,europa-league,,1920.97,36.0
25-26-europa-league-nottingham-forest-vs-aston-villa,2,europa-league,,1822.17,36.0
25-26-champions-league-atletico-madrid-vs-arsenal,1,champions-league,2025-10-21 19:00:00+00:00,,36.0
25-26-prem-sunderland-vs-manchester-united,17,prem,2026-05-09 14:00:00+00:00,1915.32,36.0
25-26-prem-sunderland-vs-manchester-united,14,prem,2026-05-09 14:00:00+00:00,1735.93,36.0
25-26-prem-crystal-palace-vs-everton,8,prem,2026-05-10 13:00:00+00:00,1803.43,36.0
25-26-prem-crystal-palace-vs-everton,9,prem,2026-05-10 13:00:00+00:00,1803.82,36.0
25-26-prem-liverpool-vs-chelsea,12,prem,2026-05-09 11:30:00+00:00,1831.1,36.0
25-26-prem-liverpool-vs-chelsea,7,prem,2026-05-09 11:30:00+00:00,1910.8,36.0
25-26-prem-fulham-vs-afc-bournemouth,10,prem,2026-05-09 14:00:00+00:00,1871.97,36.0
25-26-prem-fulham-vs-afc-bournemouth,4,prem,2026-05-09 14:00:00+00:00,1813.1,36.0
25-26-prem-manchester-city-vs-brentford,13,prem,2026-05-09 16:30:00+00:00,1836.59,36.0
25-26-prem-manchester-city-vs-brentford,5,prem,2026-05-09 16:30:00+00:00,1970.85,36.0
25-26-prem-tottenham-hotspur-vs-leeds-united,18,prem,2026-05-11 19:00:00+00:00,1797.39,36.0
25-26-prem-tottenham-hotspur-vs-leeds-united,11,prem,2026-05-11 19:00:00+00:00,1777.31,36.0
25-26-prem-manchester-city-vs-crystal-palace,13,prem,2026-05-13 19:00:00+00:00,1803.82,36.0
25-26-prem-manchester-city-vs-crystal-palace,8,prem,2026-05-13 19:00:00+00:00,1970.85,36.0
25-26-prem-nottingham-forest-vs-newcastle-united,16,prem,2026-05-10 13:00:00+00:00,1837.53,36.0
25-26-prem-nottingham-forest-vs-newcastle-united,15,prem,2026-05-10 13:00:00+00:00,1822.17,36.0
25-26-prem-brighton-hove-albion-vs-wolverhampton-wanderers,6,prem,2026-05-09 14:00:00+00:00,1679.69,36.0
25-26-prem-brighton-hove-albion-vs-wolverhampton-wanderers,20,prem,2026-05-09 14:00:00+00:00,1842.01,36.0
25-26-prem-west-ham-united-vs-arsenal,19,prem,2026-05-10 15:30:00+00:00,2063.76,36.0
25-26-prem-west-ham-united-vs-arsenal,1,prem,2026-05-10 15:30:00+00:00,1768.8,36.0
25-26-conference-league-shakhtar-donetsk-vs-crystal-palace,8,conference-league,,,36.0
25-26-prem-newcastle-united-vs-west-ham-united,15,prem,2026-05-17 16:30:00+00:00,1768.8,37.0
25-26-prem-newcastle-united-vs-west-ham-united,19,prem,2026-05-17 16:30:00+00:00,1837.53,37.0
25-26-prem-chelsea-vs-tottenham-hotspur,7,prem,2026-05-19 19:15:00+00:00,1777.31,37.0
25-26-prem-chelsea-vs-tottenham-hotspur,18,prem,2026-05-19 19:15:00+00:00,1831.1,37.0
25-26-prem-everton-vs-sunderland,9,prem,2026-05-17 14:00:00+00:00,1735.93,37.0
25-26-prem-everton-vs-sunderland,17,prem,2026-05-17 14:00:00+00:00,1803.43,37.0
25-26-prem-arsenal-vs-burnley,1,prem,2026-05-18 19:00:00+00:00,1666.34,37.0
25-26-prem-arsenal-vs-burnley,3,prem,2026-05-18 19:00:00+00:00,2063.76,37.0
25-26-prem-aston-villa-vs-liverpool,2,prem,2026-05-15 19:00:00+00:00,1910.8,37.0
25-26-prem-aston-villa-vs-liverpool,12,prem,2026-05-15 19:00:00+00:00,1920.97,37.0
25-26-prem-manchester-united-vs-nottingham-forest,14,prem,2026-05-17 11:30:00+00:00,1822.17,37.0
25-26-prem-manchester-united-vs-nottingham-forest,16,prem,2026-05-17 11:30:00+00:00,1915.32,37.0
25-26-prem-brentford-vs-crystal-palace,5,prem,2026-05-17 14:00:00+00:00,1803.82,37.0
25-26-prem-brentford-vs-crystal-palace,8,prem,2026-05-17 14:00:00+00:00,1836.59,37.0
25-26-prem-afc-bournemouth-vs-manchester-city,4,prem,2026-05-19 18:30:00+00:00,1970.85,37.0
25-26-prem-afc-bournemouth-vs-manchester-city,13,prem,2026-05-19 18:30:00+00:00,1871.97,37.0
25-26-prem-wolverhampton-wanderers-vs-fulham,20,prem,2026-05-17 14:00:00+00:00,1813.1,37.0
25-26-prem-wolverhampton-wanderers-vs-fulham,10,prem,2026-05-17 14:00:00+00:00,1679.69,37.0
25-26-prem-leeds-united-vs-brighton-hove-albion,11,prem,2026-05-17 14:00:00+00:00,1842.01,37.0
25-26-prem-leeds-united-vs-brighton-hove-albion,6,prem,2026-05-17 14:00:00+00:00,1797.39,37.0
25-26-europa-league-aston-villa-vs-freiburg,2,europa-league,,,38.0
25-26-prem-manchester-city-vs-aston-villa,13,prem,2026-05-24 15:00:00+00:00,1920.97,38.0
25-26-prem-manchester-city-vs-aston-villa,2,prem,2026-05-24 15:00:00+00:00,1970.85,38.0
25-26-prem-nottingham-forest-vs-afc-bournemouth,16,prem,2026-05-24 15:00:00+00:00,1871.97,38.0
25-26-prem-nottingham-forest-vs-afc-bournemouth,4,prem,2026-05-24 15:00:00+00:00,1822.17,38.0
25-26-prem-liverpool-vs-brentford,12,prem,2026-05-24 15:00:00+00:00,1836.59,38.0
25-26-prem-liverpool-vs-brentford,5,prem,2026-05-24 15:00:00+00:00,1910.8,38.0
25-26-prem-west-ham-united-vs-leeds-united,19,prem,2026-05-24 15:00:00+00:00,1797.39,38.0
25-26-prem-west-ham-united-vs-leeds-united,11,prem,2026-05-24 15:00:00+00:00,1768.8,38.0
25-26-prem-brighton-hove-albion-vs-manchester-united,6,prem,2026-05-24 15:00:00+00:00,1915.32,38.0
25-26-prem-brighton-hove-albion-vs-manchester-united,14,prem,2026-05-24 15:00:00+00:00,1842.01,38.0
25-26-prem-tottenham-hotspur-vs-everton,18,prem,2026-05-24 15:00:00+00:00,1803.43,38.0
25-26-prem-tottenham-hotspur-vs-everton,9,prem,2026-05-24 15:00:00+00:00,1777.31,38.0
25-26-prem-sunderland-vs-chelsea,17,prem,2026-05-24 15:00:00+00:00,1831.1,38.0
25-26-prem-sunderland-vs-chelsea,7,prem,2026-05-24 15:00:00+00:00,1735.93,38.0
25-26-prem-crystal-palace-vs-arsenal,8,prem,2026-05-24 15:00:00+00:00,2063.76,38.0
25-26-prem-crystal-palace-vs-arsenal,1,prem,2026-05-24 15:00:00+00:00,1803.82,38.0
25-26-prem-burnley-vs-wolverhampton-wanderers,3,prem,2026-05-24 15:00:00+00:00,1679.69,38.0
25-26-prem-burnley-vs-wolverhampton-wanderers,20,prem,2026-05-24 15:00:00+00:00,1666.34,38.0
25-26-prem-fulham-vs-newcastle-united,10,prem,2026-05-24 15:00:00+00:00,1837.53,38.0
25-26-prem-fulham-vs-newcastle-united,15,prem,2026-05-24 15:00:00+00:00,1813.1,38.0
25-26-champions-league-atletico-madrid-vs-liverpool,12,champions-league,2025-09-17 19:00:00+00:00,,4.0
25-26-efl-cup-aston-villa-vs-brentford,2,efl-cup,2025-09-16 19:00:00+00:00,1836.59,4.0
25-26-efl-cup-aston-villa-vs-brentford,5,efl-cup,2025-09-16 19:00:00+00:00,1920.97,4.0
25-26-champions-league-napoli-vs-manchester-city,13,champions-league,2025-09-18 19:00:00+00:00,,4.0
25-26-champions-league-arsenal-vs-athletic-club,1,champions-league,2025-09-16 16:45:00+00:00,,4.0
25-26-champions-league-chelsea-vs-bayern-münchen,7,champions-league,2025-09-17 19:00:00+00:00,,4.0
25-26-efl-cup-millwall-vs-crystal-palace,8,efl-cup,2025-09-16 19:00:00+00:00,,4.0
25-26-champions-league-villarreal-vs-tottenham-hotspur,18,champions-league,2025-09-16 19:00:00+00:00,,4.0
25-26-prem-crystal-palace-vs-sunderland,8,prem,2025-09-13 14:00:00+00:00,1576.12,4.0
25-26-prem-crystal-palace-vs-sunderland,17,prem,2025-09-13 14:00:00+00:00,1854.13,4.0
25-26-prem-west-ham-united-vs-tottenham-hotspur,19,prem,2025-09-13 16:30:00+00:00,1793.89,4.0
25-26-prem-west-ham-united-vs-tottenham-hotspur,18,prem,2025-09-13 16:30:00+00:00,1739.5,4.0
25-26-prem-manchester-city-vs-manchester-united,13,prem,2025-09-14 15:30:00+00:00,1801.47,4.0
25-26-prem-manchester-city-vs-manchester-united,14,prem,2025-09-14 15:30:00+00:00,1938.98,4.0
25-26-prem-burnley-vs-liverpool,3,prem,2025-09-14 13:00:00+00:00,2010.31,4.0
25-26-prem-burnley-vs-liverpool,12,prem,2025-09-14 13:00:00+00:00,1719.72,4.0
25-26-prem-arsenal-vs-nottingham-forest,1,prem,2025-09-13 11:30:00+00:00,1794.92,4.0
25-26-prem-arsenal-vs-nottingham-forest,16,prem,2025-09-13 11:30:00+00:00,1995.6,4.0
25-26-prem-afc-bournemouth-vs-brighton-hove-albion,4,prem,2025-09-13 14:00:00+00:00,1823.54,4.0
25-26-prem-afc-bournemouth-vs-brighton-hove-albion,6,prem,2025-09-13 14:00:00+00:00,1818.22,4.0
25-26-prem-newcastle-united-vs-wolverhampton-wanderers,15,prem,2025-09-13 14:00:00+00:00,1715.68,4.0
25-26-prem-newcastle-united-vs-wolverhampton-wanderers,20,prem,2025-09-13 14:00:00+00:00,1861.95,4.0
25-26-prem-brentford-vs-chelsea,5,prem,2025-09-13 19:00:00+00:00,1915.29,4.0
25-26-prem-brentford-vs-chelsea,7,prem,2025-09-13 19:00:00+00:00,1797.16,4.0
25-26-prem-everton-vs-aston-villa,9,prem,2025-09-13 14:00:00+00:00,1845.71,4.0
25-26-prem-everton-vs-aston-villa,2,prem,2025-09-13 14:00:00+00:00,1804.05,4.0
25-26-prem-fulham-vs-leeds-united,10,prem,2025-09-13 14:00:00+00:00,1729.6,4.0
25-26-prem-fulham-vs-leeds-united,11,prem,2025-09-13 14:00:00+00:00,1777.98,4.0
25-26-prem-sunderland-vs-aston-villa,17,prem,2025-09-21 13:00:00+00:00,1847.33,5.0
25-26-prem-sunderland-vs-aston-villa,2,prem,2025-09-21 13:00:00+00:00,1584.93,5.0
25-26-prem-afc-bournemouth-vs-newcastle-united,4,prem,2025-09-21 13:00:00+00:00,1858.89,5.0
25-26-prem-afc-bournemouth-vs-newcastle-united,15,prem,2025-09-21 13:00:00+00:00,1826.64,5.0
25-26-efl-cup-nottingham-forest-vs-swansea-city,16,efl-cup,2025-09-17 19:00:00+00:00,,5.0
25-26-efl-cup-chelsea-vs-lincoln-city,7,efl-cup,2025-09-23 18:45:00+00:00,,5.0
25-26-europa-league-nottingham-forest-vs-real-betis,16,europa-league,2025-09-24 19:00:00+00:00,,5.0
25-26-prem-fulham-vs-brentford,10,prem,2025-09-20 19:00:00+00:00,1800.67,5.0
25-26-prem-fulham-vs-brentford,5,prem,2025-09-20 19:00:00+00:00,1785.15,5.0
25-26-efl-cup-arsenal-vs-port-vale,1,efl-cup,2025-09-24 19:00:00+00:00,,5.0
25-26-prem-brighton-hove-albion-vs-tottenham-hotspur,6,prem,2025-09-20 14:00:00+00:00,1813.86,5.0
25-26-prem-brighton-hove-albion-vs-tottenham-hotspur,18,prem,2025-09-20 14:00:00+00:00,1818.08,5.0
25-26-prem-burnley-vs-nottingham-forest,3,prem,2025-09-20 14:00:00+00:00,1791.59,5.0
25-26-prem-burnley-vs-nottingham-forest,16,prem,2025-09-20 14:00:00+00:00,1718.4,5.0
25-26-prem-west-ham-united-vs-crystal-palace,19,prem,2025-09-20 14:00:00+00:00,1848.29,5.0
25-26-prem-west-ham-united-vs-crystal-palace,8,prem,2025-09-20 14:00:00+00:00,1727.66,5.0
25-26-efl-cup-cambridge-united-vs-fulham,10,efl-cup,2025-09-23 18:45:00+00:00,,5.0
25-26-efl-cup-manchester-city-vs-huddersfield-town,13,efl-cup,2025-09-24 18:45:00+00:00,,5.0
25-26-prem-wolverhampton-wanderers-vs-leeds-united,20,prem,2025-09-20 14:00:00+00:00,1725.39,5.0
25-26-prem-wolverhampton-wanderers-vs-leeds-united,11,prem,2025-09-20 14:00:00+00:00,1713.62,5.0
25-26-prem-arsenal-vs-manchester-city,1,prem,2025-09-21 15:30:00+00:00,1952.46,5.0
25-26-prem-arsenal-vs-manchester-city,13,prem,2025-09-21 15:30:00+00:00,2009.17,5.0
25-26-prem-liverpool-vs-everton,12,prem,2025-09-20 11:30:00+00:00,1805.39,5.0
25-26-prem-liverpool-vs-everton,9,prem,2025-09-20 11:30:00+00:00,2017.05,5.0
25-26-prem-manchester-united-vs-chelsea,14,prem,2025-09-20 16:30:00+00:00,1907.12,5.0
25-26-prem-manchester-united-vs-chelsea,7,prem,2025-09-20 16:30:00+00:00,1796.44,5.0
25-26-prem-crystal-palace-vs-liverpool,8,prem,2025-09-27 14:00:00+00:00,1974.46,6.0
25-26-prem-crystal-palace-vs-liverpool,12,prem,2025-09-27 14:00:00+00:00,1842.24,6.0
25-26-prem-chelsea-vs-brighton-hove-albion,7,prem,2025-09-27 14:00:00+00:00,1818.2,6.0
25-26-prem-chelsea-vs-brighton-hove-albion,6,prem,2025-09-27 14:00:00+00:00,1899.05,6.0
25-26-prem-leeds-united-vs-afc-bournemouth,11,prem,2025-09-27 14:00:00+00:00,1827.83,6.0
25-26-prem-leeds-united-vs-afc-bournemouth,4,prem,2025-09-27 14:00:00+00:00,1739.44,6.0
25-26-efl-cup-southampton-vs-liverpool,12,efl-cup,2025-09-23 19:00:00+00:00,,6.0
25-26-efl-cup-everton-vs-wolverhampton-wanderers,9,efl-cup,2025-09-23 18:45:00+00:00,,6.0
25-26-efl-cup-everton-vs-wolverhampton-wanderers,20,efl-cup,2025-09-23 18:45:00+00:00,,6.0
25-26-efl-cup-cardiff-city-vs-burnley,3,efl-cup,2025-09-23 18:45:00+00:00,,6.0
25-26-prem-newcastle-united-vs-arsenal,15,prem,2025-09-28 15:30:00+00:00,2007.88,6.0
25-26-prem-newcastle-united-vs-arsenal,1,prem,2025-09-28 15:30:00+00:00,1860.71,6.0
25-26-champions-league-tottenham-hotspur-vs-bodø/glimt,18,champions-league,2025-09-30 19:00:00+00:00,,6.0
25-26-champions-league-manchester-city-vs-monaco,13,champions-league,2025-10-01 19:00:00+00:00,,6.0
25-26-prem-manchester-city-vs-burnley,13,prem,2025-09-27 14:00:00+00:00,1720.74,6.0
25-26-prem-manchester-city-vs-burnley,3,prem,2025-09-27 14:00:00+00:00,1956.76,6.0
25-26-europa-league-aston-villa-vs-feyenoord,2,europa-league,2025-10-02 19:00:00+00:00,,6.0
25-26-efl-cup-doncaster-rovers-vs-tottenham-hotspur,18,efl-cup,2025-09-24 18:45:00+00:00,,6.0
25-26-champions-league-benfica-vs-chelsea,7,champions-league,2025-09-30 19:00:00+00:00,,6.0
25-26-efl-cup-bradford-city-vs-newcastle-united,15,efl-cup,2025-09-24 18:45:00+00:00,,6.0
25-26-efl-cup-brighton-hove-albion-vs-barnsley,6,efl-cup,2025-09-23 18:45:00+00:00,,6.0
25-26-champions-league-olympiacos-vs-arsenal,1,champions-league,2025-10-01 19:00:00+00:00,,6.0
25-26-conference-league-crystal-palace-vs-dynamo-kyiv,8,conference-league,2025-10-02 16:45:00+00:00,,6.0
25-26-prem-tottenham-hotspur-vs-wolverhampton-wanderers,18,prem,2025-09-27 19:00:00+00:00,1702.59,6.0
25-26-prem-tottenham-hotspur-vs-wolverhampton-wanderers,20,prem,2025-09-27 19:00:00+00:00,1816.76,6.0
25-26-prem-nottingham-forest-vs-sunderland,16,prem,2025-09-27 16:30:00+00:00,1592.02,6.0
25-26-prem-nottingham-forest-vs-sunderland,17,prem,2025-09-27 16:30:00+00:00,1793.3,6.0
25-26-prem-everton-vs-west-ham-united,9,prem,2025-09-29 19:00:00+00:00,1723.09,6.0
25-26-prem-everton-vs-west-ham-united,19,prem,2025-09-29 19:00:00+00:00,1804.22,6.0
25-26-prem-aston-villa-vs-fulham,2,prem,2025-09-28 13:00:00+00:00,1796.9,6.0
25-26-prem-aston-villa-vs-fulham,10,prem,2025-09-28 13:00:00+00:00,1847.11,6.0
25-26-prem-brentford-vs-manchester-united,5,prem,2025-09-27 11:30:00+00:00,1807.52,6.0
25-26-prem-brentford-vs-manchester-united,14,prem,2025-09-27 11:30:00+00:00,1791.94,6.0
25-26-champions-league-newcastle-united-vs-union-st.gilloise,15,champions-league,2025-10-01 16:45:00+00:00,,6.0
25-26-prem-leeds-united-vs-tottenham-hotspur,11,prem,2025-10-04 11:30:00+00:00,1811.6,7.0
25-26-prem-leeds-united-vs-tottenham-hotspur,18,prem,2025-10-04 11:30:00+00:00,1741.78,7.0
25-26-prem-arsenal-vs-west-ham-united,1,prem,2025-10-04 14:00:00+00:00,1727.58,7.0
25-26-prem-arsenal-vs-west-ham-united,19,prem,2025-10-04 14:00:00+00:00,2015.99,7.0
25-26-prem-manchester-united-vs-sunderland,14,prem,2025-10-04 14:00:00+00:00,1606.97,7.0
25-26-prem-manchester-united-vs-sunderland,17,prem,2025-10-04 14:00:00+00:00,1798.29,7.0
25-26-prem-everton-vs-crystal-palace,9,prem,2025-10-05 13:00:00+00:00,1870.49,7.0
25-26-prem-everton-vs-crystal-palace,8,prem,2025-10-05 13:00:00+00:00,1801.4,7.0
25-26-prem-aston-villa-vs-burnley,2,prem,2025-10-05 13:00:00+00:00,1716.6,7.0
25-26-prem-aston-villa-vs-burnley,3,prem,2025-10-05 13:00:00+00:00,1865.17,7.0
25-26-prem-chelsea-vs-liverpool,7,prem,2025-10-04 16:30:00+00:00,1997.75,7.0
25-26-prem-chelsea-vs-liverpool,12,prem,2025-10-04 16:30:00+00:00,1888.21,7.0
25-26-prem-wolverhampton-wanderers-vs-brighton-hove-albion,20,prem,2025-10-05 13:00:00+00:00,1834.56,7.0
25-26-prem-wolverhampton-wanderers-vs-brighton-hove-albion,6,prem,2025-10-05 13:00:00+00:00,1707.45,7.0
25-26-prem-newcastle-united-vs-nottingham-forest,15,prem,2025-10-05 13:00:00+00:00,1766.48,7.0
25-26-prem-newcastle-united-vs-nottingham-forest,16,prem,2025-10-05 13:00:00+00:00,1872.67,7.0
25-26-prem-afc-bournemouth-vs-fulham,4,prem,2025-10-03 19:00:00+00:00,1789.83,7.0
25-26-prem-afc-bournemouth-vs-fulham,10,prem,2025-10-03 19:00:00+00:00,1827.55,7.0
25-26-prem-brentford-vs-manchester-city,5,prem,2025-10-05 15:30:00+00:00,1958.74,7.0
25-26-prem-brentford-vs-manchester-city,13,prem,2025-10-05 15:30:00+00:00,1802.83,7.0
25-26-europa-league-aston-villa-vs-go-ahead-eagles,2,europa-league,2025-10-23 16:45:00+00:00,,8.0
25-26-champions-league-benfica-vs-newcastle-united,15,champions-league,2025-10-21 19:00:00+00:00,,8.0
25-26-champions-league-manchester-city-vs-villarreal,13,champions-league,2025-10-21 19:00:00+00:00,,8.0
25-26-champions-league-tottenham-hotspur-vs-monaco,18,champions-league,2025-10-22 19:00:00+00:00,,8.0
25-26-prem-brighton-hove-albion-vs-newcastle-united,6,prem,2025-10-18 14:00:00+00:00,1878.91,8.0
25-26-prem-brighton-hove-albion-vs-newcastle-united,15,prem,2025-10-18 14:00:00+00:00,1832.16,8.0
25-26-prem-tottenham-hotspur-vs-aston-villa,18,prem,2025-10-19 13:00:00+00:00,1868.92,8.0
25-26-prem-tottenham-hotspur-vs-aston-villa,2,prem,2025-10-19 13:00:00+00:00,1818.39,8.0
25-26-champions-league-liverpool-vs-eintracht-frankfurt,12,champions-league,2025-10-22 19:00:00+00:00,,8.0
25-26-prem-west-ham-united-vs-brentford,19,prem,2025-10-20 19:00:00+00:00,1797.77,8.0
25-26-prem-west-ham-united-vs-brentford,5,prem,2025-10-20 19:00:00+00:00,1724.66,8.0
25-26-prem-sunderland-vs-wolverhampton-wanderers,17,prem,2025-10-18 14:00:00+00:00,1709.86,8.0
25-26-prem-sunderland-vs-wolverhampton-wanderers,20,prem,2025-10-18 14:00:00+00:00,1602.3,8.0
25-26-champions-league-ajax-vs-chelsea,7,champions-league,2025-10-22 19:00:00+00:00,,8.0
25-26-prem-fulham-vs-arsenal,10,prem,2025-10-18 16:30:00+00:00,2018.12,8.0
25-26-prem-fulham-vs-arsenal,1,prem,2025-10-18 16:30:00+00:00,1780.81,8.0
25-26-prem-manchester-city-vs-everton,13,prem,2025-10-18 14:00:00+00:00,1810.44,8.0
25-26-prem-manchester-city-vs-everton,9,prem,2025-10-18 14:00:00+00:00,1963.8,8.0
25-26-prem-nottingham-forest-vs-chelsea,16,prem,2025-10-18 11:30:00+00:00,1897.49,8.0
25-26-prem-nottingham-forest-vs-chelsea,7,prem,2025-10-18 11:30:00+00:00,1760.24,8.0
25-26-prem-liverpool-vs-manchester-united,12,prem,2025-10-19 15:30:00+00:00,1802.18,8.0
25-26-prem-liverpool-vs-manchester-united,14,prem,2025-10-19 15:30:00+00:00,1987.68,8.0
25-26-prem-burnley-vs-leeds-united,3,prem,2025-10-18 14:00:00+00:00,1734.2,8.0
25-26-prem-burnley-vs-leeds-united,11,prem,2025-10-18 14:00:00+00:00,1712.84,8.0
25-26-prem-crystal-palace-vs-afc-bournemouth,8,prem,2025-10-18 14:00:00+00:00,1835.79,8.0
25-26-prem-crystal-palace-vs-afc-bournemouth,4,prem,2025-10-18 14:00:00+00:00,1861.45,8.0
25-26-prem-afc-bournemouth-vs-nottingham-forest,4,prem,2025-10-26 14:00:00+00:00,1761.07,9.0
25-26-prem-afc-bournemouth-vs-nottingham-forest,16,prem,2025-10-26 14:00:00+00:00,1840.34,9.0
25-26-efl-cup-brentford-vs-grimsby-town,5,efl-cup,2025-10-28 19:45:00+00:00,,9.0
25-26-efl-cup-fulham-vs-wycombe-wanderers,10,efl-cup,2025-10-28 19:45:00+00:00,,9.0
25-26-prem-newcastle-united-vs-fulham,15,prem,2025-10-25 14:00:00+00:00,1779.72,9.0
25-26-prem-newcastle-united-vs-fulham,10,prem,2025-10-25 14:00:00+00:00,1880.46,9.0
25-26-efl-cup-chelsea-vs-wolverhampton-wanderers,7,efl-cup,2025-10-29 19:45:00+00:00,1679.69,9.0
25-26-efl-cup-chelsea-vs-wolverhampton-wanderers,20,efl-cup,2025-10-29 19:45:00+00:00,1831.1,9.0
25-26-efl-cup-crystal-palace-vs-liverpool,8,efl-cup,2025-10-29 19:45:00+00:00,1910.8,9.0
25-26-efl-cup-crystal-palace-vs-liverpool,12,efl-cup,2025-10-29 19:45:00+00:00,1803.82,9.0
25-26-prem-leeds-united-vs-west-ham-united,11,prem,2025-10-24 19:00:00+00:00,1724.26,9.0
25-26-prem-leeds-united-vs-west-ham-united,19,prem,2025-10-24 19:00:00+00:00,1733.22,9.0
25-26-efl-cup-manchester-city-vs-swansea-city,13,efl-cup,2025-10-29 19:45:00+00:00,,9.0
25-26-prem-aston-villa-vs-manchester-city,2,prem,2025-10-26 14:00:00+00:00,1979.13,9.0
25-26-prem-aston-villa-vs-manchester-city,13,prem,2025-10-26 14:00:00+00:00,1864.16,9.0
25-26-prem-chelsea-vs-sunderland,7,prem,2025-10-25 14:00:00+00:00,1618.61,9.0
25-26-prem-chelsea-vs-sunderland,17,prem,2025-10-25 14:00:00+00:00,1912.46,9.0
25-26-prem-wolverhampton-wanderers-vs-burnley,20,prem,2025-10-26 14:00:00+00:00,1726.14,9.0
25-26-prem-wolverhampton-wanderers-vs-burnley,3,prem,2025-10-26 14:00:00+00:00,1698.68,9.0
25-26-prem-everton-vs-tottenham-hotspur,9,prem,2025-10-26 16:30:00+00:00,1813.8,9.0
25-26-prem-everton-vs-tottenham-hotspur,18,prem,2025-10-26 16:30:00+00:00,1807.93,9.0
25-26-prem-brentford-vs-liverpool,5,prem,2025-10-25 19:00:00+00:00,1985.57,9.0
25-26-prem-brentford-vs-liverpool,12,prem,2025-10-25 19:00:00+00:00,1810.49,9.0
25-26-prem-manchester-united-vs-brighton-hove-albion,14,prem,2025-10-25 16:30:00+00:00,1842.79,9.0
25-26-prem-manchester-united-vs-brighton-hove-albion,6,prem,2025-10-25 16:30:00+00:00,1818.1,9.0
25-26-prem-arsenal-vs-crystal-palace,1,prem,2025-10-26 14:00:00+00:00,1845.27,9.0
25-26-prem-arsenal-vs-crystal-palace,8,prem,2025-10-26 14:00:00+00:00,2029.79,9.0
25-26-efl-cup-brighton-hove-albion-vs-arsenal,6,efl-cup,2025-10-29 19:45:00+00:00,2063.76,9.0
25-26-efl-cup-brighton-hove-albion-vs-arsenal,1,efl-cup,2025-10-29 19:45:00+00:00,1842.01,9.0
fa-fotmob-5089899,16,fa-cup,2026-01-09 19:30:00+00:00,,
fa-fotmob-5089893,20,fa-cup,2026-01-10 12:15:00+00:00,,
fa-fotmob-5089905,9,fa-cup,2026-01-10 12:15:00+00:00,,
fa-fotmob-5089905,17,fa-cup,2026-01-10 12:15:00+00:00,,
fa-fotmob-5089921,8,fa-cup,2026-01-10 12:15:00+00:00,,
fa-fotmob-5089901,13,fa-cup,2026-01-10 15:00:00+00:00,,
fa-fotmob-5089903,5,fa-cup,2026-01-10 15:00:00+00:00,,
fa-fotmob-5089904,10,fa-cup,2026-01-10 15:00:00+00:00,,
fa-fotmob-5089907,3,fa-cup,2026-01-10 15:00:00+00:00,,
fa-fotmob-5089915,4,fa-cup,2026-01-10 15:00:00+00:00,,
fa-fotmob-5089915,15,fa-cup,2026-01-10 15:00:00+00:00,,
fa-fotmob-5089895,2,fa-cup,2026-01-10 17:45:00+00:00,,
fa-fotmob-5089895,18,fa-cup,2026-01-10 17:45:00+00:00,,
fa-fotmob-5089900,7,fa-cup,2026-01-10 20:00:00+00:00,,
fa-fotmob-5089910,11,fa-cup,2026-01-11 12:00:00+00:00,,
fa-fotmob-5089909,1,fa-cup,2026-01-11 14:00:00+00:00,,
fa-fotmob-5089902,19,fa-cup,2026-01-11 14:30:00+00:00,,
fa-fotmob-5089922,6,fa-cup,2026-01-11 16:30:00+00:00,,
fa-fotmob-5089922,14,fa-cup,2026-01-11 16:30:00+00:00,,
fa-fotmob-5089906,12,fa-cup,2026-01-12 19:45:00+00:00,,
fa-fotmob-5135167,7,fa-cup,2026-02-13 19:45:00+00:00,,
fa-fotmob-5135169,19,fa-cup,2026-02-14 12:15:00+00:00,,
fa-fotmob-5135170,3,fa-cup,2026-02-14 15:00:00+00:00,,
fa-fotmob-5135175,13,fa-cup,2026-02-14 15:00:00+00:00,,
fa-fotmob-5135174,2,fa-cup,2026-02-14 17:45:00+00:00,,
fa-fotmob-5135174,15,fa-cup,2026-02-14 17:45:00+00:00,,
fa-fotmob-5135162,6,fa-cup,2026-02-14 20:00:00+00:00,,
fa-fotmob-5135162,12,fa-cup,2026-02-14 20:00:00+00:00,,
fa-fotmob-5135177,11,fa-cup,2026-02-15 12:00:00+00:00,,
fa-fotmob-5135173,20,fa-cup,2026-02-15 13:30:00+00:00,,
fa-fotmob-5135161,10,fa-cup,2026-02-15 14:00:00+00:00,,
fa-fotmob-5135163,17,fa-cup,2026-02-15 14:00:00+00:00,,
fa-fotmob-5135166,1,fa-cup,2026-02-15 16:30:00+00:00,,
fa-fotmob-5135176,5,fa-cup,2026-02-16 19:30:00+00:00,,
fa-fotmob-5186383,12,fa-cup,2026-03-06 20:00:00+00:00,,
fa-fotmob-5186383,20,fa-cup,2026-03-06 20:00:00+00:00,,
fa-fotmob-5186382,1,fa-cup,2026-03-07 12:15:00+00:00,,
fa-fotmob-5186384,7,fa-cup,2026-03-07 17:45:00+00:00,,
fa-fotmob-5186380,13,fa-cup,2026-03-07 20:00:00+00:00,,
fa-fotmob-5186380,15,fa-cup,2026-03-07 20:00:00+00:00,,
fa-fotmob-5186378,10,fa-cup,2026-03-08 12:00:00+00:00,,
fa-fotmob-5186379,17,fa-cup,2026-03-08 13:30:00+00:00,,
fa-fotmob-5186381,11,fa-cup,2026-03-08 16:30:00+00:00,,
fa-fotmob-5186385,5,fa-cup,2026-03-09 19:30:00+00:00,,
fa-fotmob-5186385,19,fa-cup,2026-03-09 19:30:00+00:00,,
fa-fotmob-5231047,12,fa-cup,2026-04-04 11:45:00+00:00,,
fa-fotmob-5231047,13,fa-cup,2026-04-04 11:45:00+00:00,,
fa-fotmob-5231046,7,fa-cup,2026-04-04 16:15:00+00:00,,
fa-fotmob-5231045,1,fa-cup,2026-04-04 19:00:00+00:00,,
fa-fotmob-5231346,11,fa-cup,2026-04-05 15:30:00+00:00,,
fa-fotmob-5231346,19,fa-cup,2026-04-05 15:30:00+00:00,,
fa-fotmob-5293793,13,fa-cup,2026-04-25 16:15:00+00:00,,
fa-fotmob-5293794,7,fa-cup,2026-04-26 14:00:00+00:00,,
fa-fotmob-5293794,11,fa-cup,2026-04-26 14:00:00+00:00,,
fa-fotmob-5315746,7,fa-cup,2026-05-16 14:00:00+00:00,,
fa-fotmob-5315746,13,fa-cup,2026-05-16 14:00:00+00:00,,
