label,policy,weights,hit_buffer,total_points,transfers,hit_points,uplift,points_gw1_21,points_gw22_38,transfers_gw1_21,transfers_gw22_38,hit_points_gw1_21,hit_points_gw22_38,no_transfer_control
6gw_decay_buffer_1.5,6gw_decay,"[1.0, 0.85, 0.7, 0.55, 0.4, 0.25]",1.5,2137,54,68,712,1160,977,29,25,36,32,1425
6gw_decay_buffer_2.0,6gw_decay,"[1.0, 0.85, 0.7, 0.55, 0.4, 0.25]",2.0,2125,50,52,700,1160,965,29,21,36,16,1425
6gw_decay_buffer_1.0,6gw_decay,"[1.0, 0.85, 0.7, 0.55, 0.4, 0.25]",1.0,2090,52,60,665,1149,941,30,22,40,20,1425
3gw_080_060_buffer_1.5,3gw_080_060,"[1.0, 0.8, 0.6]",1.5,2087,45,32,662,1151,936,25,20,20,12,1425
3gw_085_070_buffer_2.0,3gw_085_070,"[1.0, 0.85, 0.7]",2.0,2066,46,36,641,1151,915,25,21,20,16,1425
3gw_085_070_buffer_1.0,3gw_085_070,"[1.0, 0.85, 0.7]",1.0,2061,53,64,636,1161,900,29,24,36,28,1425
3gw_080_060_buffer_1.0,3gw_080_060,"[1.0, 0.8, 0.6]",1.0,2056,47,40,631,1151,905,25,22,20,20,1425
3gw_085_070_buffer_1.5,3gw_085_070,"[1.0, 0.85, 0.7]",1.5,2042,49,48,617,1151,891,25,24,20,28,1425
3gw_080_060_buffer_2.0,3gw_080_060,"[1.0, 0.8, 0.6]",2.0,1997,43,24,572,1142,855,24,19,16,8,1425
