bank,cumulative,forced_transfers,free_transfers_after,gw,hit_cost,planner_objective,runtime_seconds,score,transfers
1.0,49,0,1,1,0,207.83851402300442,4.074453331000086,49,0
0.0,100,0,1,2,4,204.73667268896094,7.89655946400012,51,2
0.4,155,0,1,3,0,207.05244511987752,7.702814442999852,55,1
4.3,209,0,1,4,0,211.9154352422114,7.347270781000134,54,1
2.7,239,0,1,5,0,211.47500829898422,7.304577289000008,30,1
0.3,255,0,1,6,4,225.62248284930638,4.846637845000032,16,2
1.4,287,0,1,7,8,225.3888882064562,4.510012672999892,32,3
0.1,363,0,1,8,0,232.9723179873308,4.445576458000005,76,1
0.7,423,0,1,9,0,244.5721265822132,4.7674661369999285,60,1
0.2,506,0,1,10,0,251.1145615413795,4.711084949999986,83,1
0.3,542,0,1,11,0,243.46449682378005,4.41635128300004,36,1
0.1,592,0,1,12,0,247.22917135717006,4.080493675000071,50,1
0.0,650,0,1,13,0,243.29012814342028,3.513812917000223,58,1
6.6,685,0,1,14,0,249.90240091246423,3.1077701159999833,35,1
7.1,724,0,1,15,0,229.4463568940976,3.2421746640000038,39,1
6.2,779,0,1,16,0,232.71197827228673,4.8260596580000765,55,1
0.8,839,0,1,17,4,234.76368070720238,3.771293872000115,60,2
1.9,859,0,1,18,0,230.3665794731206,3.5238108449998435,20,1
1.4,919,0,1,19,0,220.9926972079079,5.1250378109998564,60,1
2.6,987,0,1,20,0,222.40801799024462,5.461110483000084,68,1
2.6,1039,0,1,21,0,231.54770224944275,3.2894163910000316,52,1
0.2,1096,0,1,22,0,227.07803155313275,3.860631345999991,57,1
1.1,1121,0,1,23,0,234.08116522840183,3.876078294000081,25,1
1.0,1185,0,1,24,0,238.59782637162579,6.447989702000086,64,1
0.5,1246,0,1,25,0,236.7287143340861,5.736754010000141,61,1
2.5,1299,0,1,26,0,243.69990929289327,8.113368549999905,53,1
2.7,1341,0,1,27,4,221.3587109522275,7.120938509000098,42,2
1.1,1405,0,1,28,0,225.24704248817545,10.704059272999984,64,1
0.4,1467,0,1,29,0,230.8072559537208,8.20375190499999,62,1
1.0,1530,0,1,30,0,234.5264378361182,6.257134208000025,63,1
0.7,1571,0,1,31,0,237.88714925020253,6.4886427950000325,41,1
2.0,1632,0,1,32,0,244.19402002214943,7.60951486499971,61,1
0.7,1692,0,1,33,8,247.71114560457346,5.119803044000037,60,3
2.8,1735,0,1,34,4,206.65816204260165,5.96291995699994,43,2
3.1,1782,0,1,35,0,201.8715392572783,3.452576074999797,47,1
2.7,1845,0,1,36,0,164.28646160777274,3.396855443000277,63,1
0.6,1921,0,1,37,0,106.46111117533474,1.7048585249999633,76,1
1.0,1970,0,1,38,0,54.9,0.23368462600001294,49,1
