inventory_line,home,away,home_name,away_name,home_score,away_score,stage,clock_as_written,kickoff_candidate
12,athleticclub,arsenal,Athletic Club (ESP),Arsenal FC (ENG),0,2,"League, Matchday 1",18:45,2025-09-16T16:45:00+00:00
13,psveindhoven,unionstgilloise,PSV (NED),Royale Union Saint-Gilloise (BEL),1,3,"League, Matchday 1",18:45,2025-09-16T16:45:00+00:00
14,juventus,borussiadortmund,Juventus FC (ITA),Borussia Dortmund (GER),4,4,"League, Matchday 1",21:00,2025-09-16T19:00:00+00:00
15,benfica,qarabag,Sport Lisboa e Benfica (POR),Qarabağ Ağdam FK (AZE),2,3,"League, Matchday 1",21:00,2025-09-16T19:00:00+00:00
16,tottenhamhotspur,villarreal,Tottenham Hotspur FC (ENG),Villarreal CF (ESP),1,0,"League, Matchday 1",21:00,2025-09-16T19:00:00+00:00
17,realmadrid,marseille,Real Madrid CF (ESP),Olympique de Marseille (FRA),2,1,"League, Matchday 1",21:00,2025-09-16T19:00:00+00:00
19,slaviaprague,bodoglimt,SK Slavia Praha (CZE),FK Bodø/Glimt (NOR),2,2,"League, Matchday 1",18:45,2025-09-17T16:45:00+00:00
20,olympiacos,pafos,PAE Olympiakos SFP (GRE),Paphos FC (CYP),0,0,"League, Matchday 1",18:45,2025-09-17T16:45:00+00:00
21,ajax,inter,AFC Ajax (NED),FC Internazionale Milano (ITA),0,2,"League, Matchday 1",21:00,2025-09-17T19:00:00+00:00
22,liverpool,atleticomadrid,Liverpool FC (ENG),Club Atlético de Madrid (ESP),3,2,"League, Matchday 1",21:00,2025-09-17T19:00:00+00:00
23,parissaintgermain,atalanta,Paris Saint-Germain FC (FRA),Atalanta BC (ITA),4,0,"League, Matchday 1",21:00,2025-09-17T19:00:00+00:00
24,bayernmunchen,chelsea,FC Bayern München (GER),Chelsea FC (ENG),3,1,"League, Matchday 1",21:00,2025-09-17T19:00:00+00:00
26,kobenhavn,bayerleverkusen,FC København (DEN),Bayer 04 Leverkusen (GER),2,2,"League, Matchday 1",18:45,2025-09-18T16:45:00+00:00
27,clubbrugge,monaco,Club Brugge KV (BEL),AS Monaco FC (MCO),4,1,"League, Matchday 1",18:45,2025-09-18T16:45:00+00:00
28,newcastleunited,barcelona,Newcastle United FC (ENG),FC Barcelona (ESP),1,2,"League, Matchday 1",21:00,2025-09-18T19:00:00+00:00
29,manchestercity,napoli,Manchester City FC (ENG),SSC Napoli (ITA),2,0,"League, Matchday 1",21:00,2025-09-18T19:00:00+00:00
30,eintrachtfrankfurt,galatasaray,Eintracht Frankfurt (GER),Galatasaray SK (TUR),5,1,"League, Matchday 1",21:00,2025-09-18T19:00:00+00:00
31,sportingcp,kairatalmaty,Sporting Clube de Portugal (POR),FK Kairat (KAZ),4,1,"League, Matchday 1",21:00,2025-09-18T19:00:00+00:00
36,atalanta,clubbrugge,Atalanta BC (ITA),Club Brugge KV (BEL),2,1,"League, Matchday 2",18:45,2025-09-30T16:45:00+00:00
37,kairatalmaty,realmadrid,FK Kairat (KAZ),Real Madrid CF (ESP),0,5,"League, Matchday 2",18:45,2025-09-30T16:45:00+00:00
38,galatasaray,liverpool,Galatasaray SK (TUR),Liverpool FC (ENG),1,0,"League, Matchday 2",21:00,2025-09-30T19:00:00+00:00
39,atleticomadrid,eintrachtfrankfurt,Club Atlético de Madrid (ESP),Eintracht Frankfurt (GER),5,1,"League, Matchday 2",21:00,2025-09-30T19:00:00+00:00
40,marseille,ajax,Olympique de Marseille (FRA),AFC Ajax (NED),4,0,"League, Matchday 2",21:00,2025-09-30T19:00:00+00:00
41,bodoglimt,tottenhamhotspur,FK Bodø/Glimt (NOR),Tottenham Hotspur FC (ENG),2,2,"League, Matchday 2",21:00,2025-09-30T19:00:00+00:00
42,pafos,bayernmunchen,Paphos FC (CYP),FC Bayern München (GER),1,5,"League, Matchday 2",21:00,2025-09-30T19:00:00+00:00
43,chelsea,benfica,Chelsea FC (ENG),Sport Lisboa e Benfica (POR),1,0,"League, Matchday 2",21:00,2025-09-30T19:00:00+00:00
44,inter,slaviaprague,FC Internazionale Milano (ITA),SK Slavia Praha (CZE),3,0,"League, Matchday 2",21:00,2025-09-30T19:00:00+00:00
46,qarabag,kobenhavn,Qarabağ Ağdam FK (AZE),FC København (DEN),2,0,"League, Matchday 2",18:45,2025-10-01T16:45:00+00:00
47,unionstgilloise,newcastleunited,Royale Union Saint-Gilloise (BEL),Newcastle United FC (ENG),0,4,"League, Matchday 2",18:45,2025-10-01T16:45:00+00:00
48,borussiadortmund,athleticclub,Borussia Dortmund (GER),Athletic Club (ESP),4,1,"League, Matchday 2",21:00,2025-10-01T19:00:00+00:00
49,barcelona,parissaintgermain,FC Barcelona (ESP),Paris Saint-Germain FC (FRA),1,2,"League, Matchday 2",21:00,2025-10-01T19:00:00+00:00
50,monaco,manchestercity,AS Monaco FC (MCO),Manchester City FC (ENG),2,2,"League, Matchday 2",21:00,2025-10-01T19:00:00+00:00
51,bayerleverkusen,psveindhoven,Bayer 04 Leverkusen (GER),PSV (NED),1,1,"League, Matchday 2",21:00,2025-10-01T19:00:00+00:00
52,arsenal,olympiacos,Arsenal FC (ENG),PAE Olympiakos SFP (GRE),2,0,"League, Matchday 2",21:00,2025-10-01T19:00:00+00:00
53,villarreal,juventus,Villarreal CF (ESP),Juventus FC (ITA),2,2,"League, Matchday 2",21:00,2025-10-01T19:00:00+00:00
54,napoli,sportingcp,SSC Napoli (ITA),Sporting Clube de Portugal (POR),2,1,"League, Matchday 2",21:00,2025-10-01T19:00:00+00:00
59,barcelona,olympiacos,FC Barcelona (ESP),PAE Olympiakos SFP (GRE),6,1,"League, Matchday 3",18:45,2025-10-21T16:45:00+00:00
60,kairatalmaty,pafos,FK Kairat (KAZ),Paphos FC (CYP),0,0,"League, Matchday 3",18:45,2025-10-21T16:45:00+00:00
61,unionstgilloise,inter,Royale Union Saint-Gilloise (BEL),FC Internazionale Milano (ITA),0,4,"League, Matchday 3",21:00,2025-10-21T19:00:00+00:00
62,kobenhavn,borussiadortmund,FC København (DEN),Borussia Dortmund (GER),2,4,"League, Matchday 3",21:00,2025-10-21T19:00:00+00:00
63,bayerleverkusen,parissaintgermain,Bayer 04 Leverkusen (GER),Paris Saint-Germain FC (FRA),2,7,"League, Matchday 3",21:00,2025-10-21T19:00:00+00:00
64,villarreal,manchestercity,Villarreal CF (ESP),Manchester City FC (ENG),0,2,"League, Matchday 3",21:00,2025-10-21T19:00:00+00:00
65,arsenal,atleticomadrid,Arsenal FC (ENG),Club Atlético de Madrid (ESP),4,0,"League, Matchday 3",21:00,2025-10-21T19:00:00+00:00
66,newcastleunited,benfica,Newcastle United FC (ENG),Sport Lisboa e Benfica (POR),3,0,"League, Matchday 3",21:00,2025-10-21T19:00:00+00:00
67,psveindhoven,napoli,PSV (NED),SSC Napoli (ITA),6,2,"League, Matchday 3",21:00,2025-10-21T19:00:00+00:00
69,galatasaray,bodoglimt,Galatasaray SK (TUR),FK Bodø/Glimt (NOR),3,1,"League, Matchday 3",18:45,2025-10-22T16:45:00+00:00
70,athleticclub,qarabag,Athletic Club (ESP),Qarabağ Ağdam FK (AZE),3,1,"League, Matchday 3",18:45,2025-10-22T16:45:00+00:00
71,eintrachtfrankfurt,liverpool,Eintracht Frankfurt (GER),Liverpool FC (ENG),1,5,"League, Matchday 3",21:00,2025-10-22T19:00:00+00:00
72,atalanta,slaviaprague,Atalanta BC (ITA),SK Slavia Praha (CZE),0,0,"League, Matchday 3",21:00,2025-10-22T19:00:00+00:00
73,sportingcp,marseille,Sporting Clube de Portugal (POR),Olympique de Marseille (FRA),2,1,"League, Matchday 3",21:00,2025-10-22T19:00:00+00:00
74,monaco,tottenhamhotspur,AS Monaco FC (MCO),Tottenham Hotspur FC (ENG),0,0,"League, Matchday 3",21:00,2025-10-22T19:00:00+00:00
75,bayernmunchen,clubbrugge,FC Bayern München (GER),Club Brugge KV (BEL),4,0,"League, Matchday 3",21:00,2025-10-22T19:00:00+00:00
76,chelsea,ajax,Chelsea FC (ENG),AFC Ajax (NED),5,1,"League, Matchday 3",21:00,2025-10-22T19:00:00+00:00
77,realmadrid,juventus,Real Madrid CF (ESP),Juventus FC (ITA),1,0,"League, Matchday 3",21:00,2025-10-22T19:00:00+00:00
82,slaviaprague,arsenal,SK Slavia Praha (CZE),Arsenal FC (ENG),0,3,"League, Matchday 4",18:45,2025-11-04T17:45:00+00:00
83,napoli,eintrachtfrankfurt,SSC Napoli (ITA),Eintracht Frankfurt (GER),0,0,"League, Matchday 4",18:45,2025-11-04T17:45:00+00:00
84,juventus,sportingcp,Juventus FC (ITA),Sporting Clube de Portugal (POR),1,1,"League, Matchday 4",21:00,2025-11-04T20:00:00+00:00
85,atleticomadrid,unionstgilloise,Club Atlético de Madrid (ESP),Royale Union Saint-Gilloise (BEL),3,1,"League, Matchday 4",21:00,2025-11-04T20:00:00+00:00
86,tottenhamhotspur,kobenhavn,Tottenham Hotspur FC (ENG),FC København (DEN),4,0,"League, Matchday 4",21:00,2025-11-04T20:00:00+00:00
87,bodoglimt,monaco,FK Bodø/Glimt (NOR),AS Monaco FC (MCO),0,1,"League, Matchday 4",21:00,2025-11-04T20:00:00+00:00
88,olympiacos,psveindhoven,PAE Olympiakos SFP (GRE),PSV (NED),1,1,"League, Matchday 4",21:00,2025-11-04T20:00:00+00:00
89,parissaintgermain,bayernmunchen,Paris Saint-Germain FC (FRA),FC Bayern München (GER),1,2,"League, Matchday 4",21:00,2025-11-04T20:00:00+00:00
90,liverpool,realmadrid,Liverpool FC (ENG),Real Madrid CF (ESP),1,0,"League, Matchday 4",21:00,2025-11-04T20:00:00+00:00
92,pafos,villarreal,Paphos FC (CYP),Villarreal CF (ESP),1,0,"League, Matchday 4",18:45,2025-11-05T17:45:00+00:00
93,qarabag,chelsea,Qarabağ Ağdam FK (AZE),Chelsea FC (ENG),2,2,"League, Matchday 4",18:45,2025-11-05T17:45:00+00:00
94,inter,kairatalmaty,FC Internazionale Milano (ITA),FK Kairat (KAZ),2,1,"League, Matchday 4",21:00,2025-11-05T20:00:00+00:00
95,manchestercity,borussiadortmund,Manchester City FC (ENG),Borussia Dortmund (GER),4,1,"League, Matchday 4",21:00,2025-11-05T20:00:00+00:00
96,clubbrugge,barcelona,Club Brugge KV (BEL),FC Barcelona (ESP),3,3,"League, Matchday 4",21:00,2025-11-05T20:00:00+00:00
97,benfica,bayerleverkusen,Sport Lisboa e Benfica (POR),Bayer 04 Leverkusen (GER),0,1,"League, Matchday 4",21:00,2025-11-05T20:00:00+00:00
98,marseille,atalanta,Olympique de Marseille (FRA),Atalanta BC (ITA),0,1,"League, Matchday 4",21:00,2025-11-05T20:00:00+00:00
99,ajax,galatasaray,AFC Ajax (NED),Galatasaray SK (TUR),0,3,"League, Matchday 4",21:00,2025-11-05T20:00:00+00:00
100,newcastleunited,athleticclub,Newcastle United FC (ENG),Athletic Club (ESP),2,0,"League, Matchday 4",21:00,2025-11-05T20:00:00+00:00
105,ajax,benfica,AFC Ajax (NED),Sport Lisboa e Benfica (POR),0,2,"League, Matchday 5",18:45,2025-11-25T17:45:00+00:00
106,galatasaray,unionstgilloise,Galatasaray SK (TUR),Royale Union Saint-Gilloise (BEL),0,1,"League, Matchday 5",18:45,2025-11-25T17:45:00+00:00
107,borussiadortmund,villarreal,Borussia Dortmund (GER),Villarreal CF (ESP),4,0,"League, Matchday 5",21:00,2025-11-25T20:00:00+00:00
108,manchestercity,bayerleverkusen,Manchester City FC (ENG),Bayer 04 Leverkusen (GER),0,2,"League, Matchday 5",21:00,2025-11-25T20:00:00+00:00
109,bodoglimt,juventus,FK Bodø/Glimt (NOR),Juventus FC (ITA),2,3,"League, Matchday 5",21:00,2025-11-25T20:00:00+00:00
110,marseille,newcastleunited,Olympique de Marseille (FRA),Newcastle United FC (ENG),2,1,"League, Matchday 5",21:00,2025-11-25T20:00:00+00:00
111,slaviaprague,athleticclub,SK Slavia Praha (CZE),Athletic Club (ESP),0,0,"League, Matchday 5",21:00,2025-11-25T20:00:00+00:00
112,napoli,qarabag,SSC Napoli (ITA),Qarabağ Ağdam FK (AZE),2,0,"League, Matchday 5",21:00,2025-11-25T20:00:00+00:00
113,chelsea,barcelona,Chelsea FC (ENG),FC Barcelona (ESP),3,0,"League, Matchday 5",21:00,2025-11-25T20:00:00+00:00
115,pafos,monaco,Paphos FC (CYP),AS Monaco FC (MCO),2,2,"League, Matchday 5",18:45,2025-11-26T17:45:00+00:00
116,kobenhavn,kairatalmaty,FC København (DEN),FK Kairat (KAZ),3,2,"League, Matchday 5",18:45,2025-11-26T17:45:00+00:00
117,liverpool,psveindhoven,Liverpool FC (ENG),PSV (NED),1,4,"League, Matchday 5",21:00,2025-11-26T20:00:00+00:00
118,parissaintgermain,tottenhamhotspur,Paris Saint-Germain FC (FRA),Tottenham Hotspur FC (ENG),5,3,"League, Matchday 5",21:00,2025-11-26T20:00:00+00:00
119,eintrachtfrankfurt,atalanta,Eintracht Frankfurt (GER),Atalanta BC (ITA),0,3,"League, Matchday 5",21:00,2025-11-26T20:00:00+00:00
120,sportingcp,clubbrugge,Sporting Clube de Portugal (POR),Club Brugge KV (BEL),3,0,"League, Matchday 5",21:00,2025-11-26T20:00:00+00:00
121,arsenal,bayernmunchen,Arsenal FC (ENG),FC Bayern München (GER),3,1,"League, Matchday 5",21:00,2025-11-26T20:00:00+00:00
122,olympiacos,realmadrid,PAE Olympiakos SFP (GRE),Real Madrid CF (ESP),3,4,"League, Matchday 5",21:00,2025-11-26T20:00:00+00:00
123,atleticomadrid,inter,Club Atlético de Madrid (ESP),FC Internazionale Milano (ITA),2,1,"League, Matchday 5",21:00,2025-11-26T20:00:00+00:00
128,kairatalmaty,olympiacos,FK Kairat (KAZ),PAE Olympiakos SFP (GRE),0,1,"League, Matchday 6",16:30,2025-12-09T15:30:00+00:00
129,bayernmunchen,sportingcp,FC Bayern München (GER),Sporting Clube de Portugal (POR),3,1,"League, Matchday 6",18:45,2025-12-09T17:45:00+00:00
130,barcelona,eintrachtfrankfurt,FC Barcelona (ESP),Eintracht Frankfurt (GER),2,1,"League, Matchday 6",21:00,2025-12-09T20:00:00+00:00
131,psveindhoven,atleticomadrid,PSV (NED),Club Atlético de Madrid (ESP),2,3,"League, Matchday 6",21:00,2025-12-09T20:00:00+00:00
132,unionstgilloise,marseille,Royale Union Saint-Gilloise (BEL),Olympique de Marseille (FRA),2,3,"League, Matchday 6",21:00,2025-12-09T20:00:00+00:00
133,tottenhamhotspur,slaviaprague,Tottenham Hotspur FC (ENG),SK Slavia Praha (CZE),3,0,"League, Matchday 6",21:00,2025-12-09T20:00:00+00:00
134,monaco,galatasaray,AS Monaco FC (MCO),Galatasaray SK (TUR),1,0,"League, Matchday 6",21:00,2025-12-09T20:00:00+00:00
135,atalanta,chelsea,Atalanta BC (ITA),Chelsea FC (ENG),2,1,"League, Matchday 6",21:00,2025-12-09T20:00:00+00:00
136,inter,liverpool,FC Internazionale Milano (ITA),Liverpool FC (ENG),0,1,"League, Matchday 6",21:00,2025-12-09T20:00:00+00:00
138,villarreal,kobenhavn,Villarreal CF (ESP),FC København (DEN),2,3,"League, Matchday 6",18:45,2025-12-10T17:45:00+00:00
139,qarabag,ajax,Qarabağ Ağdam FK (AZE),AFC Ajax (NED),2,4,"League, Matchday 6",18:45,2025-12-10T17:45:00+00:00
140,borussiadortmund,bodoglimt,Borussia Dortmund (GER),FK Bodø/Glimt (NOR),2,2,"League, Matchday 6",21:00,2025-12-10T20:00:00+00:00
141,athleticclub,parissaintgermain,Athletic Club (ESP),Paris Saint-Germain FC (FRA),0,0,"League, Matchday 6",21:00,2025-12-10T20:00:00+00:00
142,bayerleverkusen,newcastleunited,Bayer 04 Leverkusen (GER),Newcastle United FC (ENG),2,2,"League, Matchday 6",21:00,2025-12-10T20:00:00+00:00
143,clubbrugge,arsenal,Club Brugge KV (BEL),Arsenal FC (ENG),0,3,"League, Matchday 6",21:00,2025-12-10T20:00:00+00:00
144,benfica,napoli,Sport Lisboa e Benfica (POR),SSC Napoli (ITA),2,0,"League, Matchday 6",21:00,2025-12-10T20:00:00+00:00
145,juventus,pafos,Juventus FC (ITA),Paphos FC (CYP),2,0,"League, Matchday 6",21:00,2025-12-10T20:00:00+00:00
146,realmadrid,manchestercity,Real Madrid CF (ESP),Manchester City FC (ENG),1,2,"League, Matchday 6",21:00,2025-12-10T20:00:00+00:00
151,kairatalmaty,clubbrugge,FK Kairat (KAZ),Club Brugge KV (BEL),1,4,"League, Matchday 7",16:30,2026-01-20T15:30:00+00:00
152,bodoglimt,manchestercity,FK Bodø/Glimt (NOR),Manchester City FC (ENG),3,1,"League, Matchday 7",18:45,2026-01-20T17:45:00+00:00
153,tottenhamhotspur,borussiadortmund,Tottenham Hotspur FC (ENG),Borussia Dortmund (GER),2,0,"League, Matchday 7",21:00,2026-01-20T20:00:00+00:00
154,sportingcp,parissaintgermain,Sporting Clube de Portugal (POR),Paris Saint-Germain FC (FRA),2,1,"League, Matchday 7",21:00,2026-01-20T20:00:00+00:00
155,olympiacos,bayerleverkusen,PAE Olympiakos SFP (GRE),Bayer 04 Leverkusen (GER),2,0,"League, Matchday 7",21:00,2026-01-20T20:00:00+00:00
156,villarreal,ajax,Villarreal CF (ESP),AFC Ajax (NED),1,2,"League, Matchday 7",21:00,2026-01-20T20:00:00+00:00
157,kobenhavn,napoli,FC København (DEN),SSC Napoli (ITA),1,1,"League, Matchday 7",21:00,2026-01-20T20:00:00+00:00
158,realmadrid,monaco,Real Madrid CF (ESP),AS Monaco FC (MCO),6,1,"League, Matchday 7",21:00,2026-01-20T20:00:00+00:00
159,inter,arsenal,FC Internazionale Milano (ITA),Arsenal FC (ENG),1,3,"League, Matchday 7",21:00,2026-01-20T20:00:00+00:00
161,qarabag,eintrachtfrankfurt,Qarabağ Ağdam FK (AZE),Eintracht Frankfurt (GER),3,2,"League, Matchday 7",18:45,2026-01-21T17:45:00+00:00
162,galatasaray,atleticomadrid,Galatasaray SK (TUR),Club Atlético de Madrid (ESP),1,1,"League, Matchday 7",18:45,2026-01-21T17:45:00+00:00
163,marseille,liverpool,Olympique de Marseille (FRA),Liverpool FC (ENG),0,3,"League, Matchday 7",21:00,2026-01-21T20:00:00+00:00
164,slaviaprague,barcelona,SK Slavia Praha (CZE),FC Barcelona (ESP),2,4,"League, Matchday 7",21:00,2026-01-21T20:00:00+00:00
165,atalanta,athleticclub,Atalanta BC (ITA),Athletic Club (ESP),2,3,"League, Matchday 7",21:00,2026-01-21T20:00:00+00:00
166,juventus,benfica,Juventus FC (ITA),Sport Lisboa e Benfica (POR),2,0,"League, Matchday 7",21:00,2026-01-21T20:00:00+00:00
167,newcastleunited,psveindhoven,Newcastle United FC (ENG),PSV (NED),3,0,"League, Matchday 7",21:00,2026-01-21T20:00:00+00:00
168,bayernmunchen,unionstgilloise,FC Bayern München (GER),Royale Union Saint-Gilloise (BEL),2,0,"League, Matchday 7",21:00,2026-01-21T20:00:00+00:00
169,chelsea,pafos,Chelsea FC (ENG),Paphos FC (CYP),1,0,"League, Matchday 7",21:00,2026-01-21T20:00:00+00:00
174,liverpool,qarabag,Liverpool FC (ENG),Qarabağ Ağdam FK (AZE),6,0,"League, Matchday 8",21:00,2026-01-28T20:00:00+00:00
175,barcelona,kobenhavn,FC Barcelona (ESP),FC København (DEN),4,1,"League, Matchday 8",21:00,2026-01-28T20:00:00+00:00
176,manchestercity,galatasaray,Manchester City FC (ENG),Galatasaray SK (TUR),2,0,"League, Matchday 8",21:00,2026-01-28T20:00:00+00:00
177,bayerleverkusen,villarreal,Bayer 04 Leverkusen (GER),Villarreal CF (ESP),3,0,"League, Matchday 8",21:00,2026-01-28T20:00:00+00:00
178,arsenal,kairatalmaty,Arsenal FC (ENG),FK Kairat (KAZ),3,2,"League, Matchday 8",21:00,2026-01-28T20:00:00+00:00
179,unionstgilloise,atalanta,Royale Union Saint-Gilloise (BEL),Atalanta BC (ITA),1,0,"League, Matchday 8",21:00,2026-01-28T20:00:00+00:00
180,clubbrugge,marseille,Club Brugge KV (BEL),Olympique de Marseille (FRA),3,0,"League, Matchday 8",21:00,2026-01-28T20:00:00+00:00
181,eintrachtfrankfurt,tottenhamhotspur,Eintracht Frankfurt (GER),Tottenham Hotspur FC (ENG),0,2,"League, Matchday 8",21:00,2026-01-28T20:00:00+00:00
182,monaco,juventus,AS Monaco FC (MCO),Juventus FC (ITA),0,0,"League, Matchday 8",21:00,2026-01-28T20:00:00+00:00
183,atleticomadrid,bodoglimt,Club Atlético de Madrid (ESP),FK Bodø/Glimt (NOR),1,2,"League, Matchday 8",21:00,2026-01-28T20:00:00+00:00
184,athleticclub,sportingcp,Athletic Club (ESP),Sporting Clube de Portugal (POR),2,3,"League, Matchday 8",21:00,2026-01-28T20:00:00+00:00
185,ajax,olympiacos,AFC Ajax (NED),PAE Olympiakos SFP (GRE),1,2,"League, Matchday 8",21:00,2026-01-28T20:00:00+00:00
186,parissaintgermain,newcastleunited,Paris Saint-Germain FC (FRA),Newcastle United FC (ENG),1,1,"League, Matchday 8",21:00,2026-01-28T20:00:00+00:00
187,pafos,slaviaprague,Paphos FC (CYP),SK Slavia Praha (CZE),4,1,"League, Matchday 8",21:00,2026-01-28T20:00:00+00:00
188,psveindhoven,bayernmunchen,PSV (NED),FC Bayern München (GER),1,2,"League, Matchday 8",21:00,2026-01-28T20:00:00+00:00
189,napoli,chelsea,SSC Napoli (ITA),Chelsea FC (ENG),2,3,"League, Matchday 8",21:00,2026-01-28T20:00:00+00:00
190,benfica,realmadrid,Sport Lisboa e Benfica (POR),Real Madrid CF (ESP),4,2,"League, Matchday 8",21:00,2026-01-28T20:00:00+00:00
191,borussiadortmund,inter,Borussia Dortmund (GER),FC Internazionale Milano (ITA),0,2,"League, Matchday 8",21:00,2026-01-28T20:00:00+00:00
196,galatasaray,juventus,Galatasaray SK (TUR),Juventus FC (ITA),5,2,"Playoffs, Matchday 1",18:45,2026-02-17T17:45:00+00:00
197,benfica,realmadrid,Sport Lisboa e Benfica (POR),Real Madrid CF (ESP),0,1,"Playoffs, Matchday 1",21:00,2026-02-17T20:00:00+00:00
198,monaco,parissaintgermain,AS Monaco FC (MCO),Paris Saint-Germain FC (FRA),2,3,"Playoffs, Matchday 1",21:00,2026-02-17T20:00:00+00:00
199,borussiadortmund,atalanta,Borussia Dortmund (GER),Atalanta BC (ITA),2,0,"Playoffs, Matchday 1",21:15,2026-02-17T20:15:00+00:00
201,qarabag,newcastleunited,Qarabağ Ağdam FK (AZE),Newcastle United FC (ENG),1,6,"Playoffs, Matchday 1",18:45,2026-02-18T17:45:00+00:00
202,clubbrugge,atleticomadrid,Club Brugge KV (BEL),Club Atlético de Madrid (ESP),3,3,"Playoffs, Matchday 1",21:00,2026-02-18T20:00:00+00:00
203,olympiacos,bayerleverkusen,PAE Olympiakos SFP (GRE),Bayer 04 Leverkusen (GER),0,2,"Playoffs, Matchday 1",21:00,2026-02-18T20:00:00+00:00
204,bodoglimt,inter,FK Bodø/Glimt (NOR),FC Internazionale Milano (ITA),3,1,"Playoffs, Matchday 1",21:00,2026-02-18T20:00:00+00:00
209,atleticomadrid,clubbrugge,Club Atlético de Madrid (ESP),Club Brugge KV (BEL),4,1,"Playoffs, Matchday 2",18:45,2026-02-24T17:45:00+00:00
210,newcastleunited,qarabag,Newcastle United FC (ENG),Qarabağ Ağdam FK (AZE),3,2,"Playoffs, Matchday 2",21:00,2026-02-24T20:00:00+00:00
211,bayerleverkusen,olympiacos,Bayer 04 Leverkusen (GER),PAE Olympiakos SFP (GRE),0,0,"Playoffs, Matchday 2",21:00,2026-02-24T20:00:00+00:00
212,inter,bodoglimt,FC Internazionale Milano (ITA),FK Bodø/Glimt (NOR),1,2,"Playoffs, Matchday 2",21:00,2026-02-24T20:00:00+00:00
214,atalanta,borussiadortmund,Atalanta BC (ITA),Borussia Dortmund (GER),4,1,"Playoffs, Matchday 2",18:45,2026-02-25T17:45:00+00:00
215,realmadrid,benfica,Real Madrid CF (ESP),Sport Lisboa e Benfica (POR),2,1,"Playoffs, Matchday 2",21:00,2026-02-25T20:00:00+00:00
216,parissaintgermain,monaco,Paris Saint-Germain FC (FRA),AS Monaco FC (MCO),2,2,"Playoffs, Matchday 2",21:00,2026-02-25T20:00:00+00:00
217,juventus,galatasaray,Juventus FC (ITA),Galatasaray SK (TUR),3,2,"Playoffs, Matchday 2",21:00,2026-02-25T20:00:00+00:00
222,galatasaray,liverpool,Galatasaray SK (TUR),Liverpool FC (ENG),1,0,"Finals, Round of 16",18:45,2026-03-10T17:45:00+00:00
223,atalanta,bayernmunchen,Atalanta BC (ITA),FC Bayern München (GER),1,6,"Finals, Round of 16",21:00,2026-03-10T20:00:00+00:00
224,newcastleunited,barcelona,Newcastle United FC (ENG),FC Barcelona (ESP),1,1,"Finals, Round of 16",21:00,2026-03-10T20:00:00+00:00
225,atleticomadrid,tottenhamhotspur,Club Atlético de Madrid (ESP),Tottenham Hotspur FC (ENG),5,2,"Finals, Round of 16",21:00,2026-03-10T20:00:00+00:00
227,bayerleverkusen,arsenal,Bayer 04 Leverkusen (GER),Arsenal FC (ENG),1,1,"Finals, Round of 16",18:45,2026-03-11T17:45:00+00:00
228,parissaintgermain,chelsea,Paris Saint-Germain FC (FRA),Chelsea FC (ENG),5,2,"Finals, Round of 16",21:00,2026-03-11T20:00:00+00:00
229,realmadrid,manchestercity,Real Madrid CF (ESP),Manchester City FC (ENG),3,0,"Finals, Round of 16",21:00,2026-03-11T20:00:00+00:00
230,bodoglimt,sportingcp,FK Bodø/Glimt (NOR),Sporting Clube de Portugal (POR),3,0,"Finals, Round of 16",21:00,2026-03-11T20:00:00+00:00
232,sportingcp,bodoglimt,Sporting Clube de Portugal (POR),FK Bodø/Glimt (NOR),5,0,"Finals, Round of 16",18:45,2026-03-17T17:45:00+00:00
233,chelsea,parissaintgermain,Chelsea FC (ENG),Paris Saint-Germain FC (FRA),0,3,"Finals, Round of 16",21:00,2026-03-17T20:00:00+00:00
234,manchestercity,realmadrid,Manchester City FC (ENG),Real Madrid CF (ESP),1,2,"Finals, Round of 16",21:00,2026-03-17T20:00:00+00:00
235,arsenal,bayerleverkusen,Arsenal FC (ENG),Bayer 04 Leverkusen (GER),2,0,"Finals, Round of 16",21:00,2026-03-17T20:00:00+00:00
237,barcelona,newcastleunited,FC Barcelona (ESP),Newcastle United FC (ENG),7,2,"Finals, Round of 16",18:45,2026-03-18T17:45:00+00:00
238,liverpool,galatasaray,Liverpool FC (ENG),Galatasaray SK (TUR),4,0,"Finals, Round of 16",21:00,2026-03-18T20:00:00+00:00
239,bayernmunchen,atalanta,FC Bayern München (GER),Atalanta BC (ITA),4,1,"Finals, Round of 16",21:00,2026-03-18T20:00:00+00:00
240,tottenhamhotspur,atleticomadrid,Tottenham Hotspur FC (ENG),Club Atlético de Madrid (ESP),3,2,"Finals, Round of 16",21:00,2026-03-18T20:00:00+00:00
245,realmadrid,bayernmunchen,Real Madrid CF (ESP),FC Bayern München (GER),1,2,"Finals, Quarterfinals",21:00,2026-04-07T19:00:00+00:00
246,sportingcp,arsenal,Sporting Clube de Portugal (POR),Arsenal FC (ENG),0,1,"Finals, Quarterfinals",21:00,2026-04-07T19:00:00+00:00
248,parissaintgermain,liverpool,Paris Saint-Germain FC (FRA),Liverpool FC (ENG),2,0,"Finals, Quarterfinals",21:00,2026-04-08T19:00:00+00:00
249,barcelona,atleticomadrid,FC Barcelona (ESP),Club Atlético de Madrid (ESP),0,2,"Finals, Quarterfinals",21:00,2026-04-08T19:00:00+00:00
251,liverpool,parissaintgermain,Liverpool FC (ENG),Paris Saint-Germain FC (FRA),0,2,"Finals, Quarterfinals",21:00,2026-04-14T19:00:00+00:00
252,atleticomadrid,barcelona,Club Atlético de Madrid (ESP),FC Barcelona (ESP),1,2,"Finals, Quarterfinals",21:00,2026-04-14T19:00:00+00:00
254,bayernmunchen,realmadrid,FC Bayern München (GER),Real Madrid CF (ESP),4,3,"Finals, Quarterfinals",21:00,2026-04-15T19:00:00+00:00
255,arsenal,sportingcp,Arsenal FC (ENG),Sporting Clube de Portugal (POR),0,0,"Finals, Quarterfinals",21:00,2026-04-15T19:00:00+00:00
260,parissaintgermain,bayernmunchen,Paris Saint-Germain FC (FRA),FC Bayern München (GER),5,4,"Finals, Semifinals",21:00,2026-04-28T19:00:00+00:00
262,atleticomadrid,arsenal,Club Atlético de Madrid (ESP),Arsenal FC (ENG),1,1,"Finals, Semifinals",21:00,2026-04-29T19:00:00+00:00
264,arsenal,atleticomadrid,Arsenal FC (ENG),Club Atlético de Madrid (ESP),1,0,"Finals, Semifinals",21:00,2026-05-05T19:00:00+00:00
266,bayernmunchen,parissaintgermain,FC Bayern München (GER),Paris Saint-Germain FC (FRA),1,1,"Finals, Semifinals",21:00,2026-05-06T19:00:00+00:00
271,parissaintgermain,arsenal,Paris Saint-Germain FC (FRA),Arsenal FC (ENG),1,1,"Finals, Final",18:00,2026-05-30T16:00:00+00:00
