abs_error,signed_error,fixture_uuid,team_id,gw,team,player,pos,minutes,expected_role,seq_last_started,seq_last_minutes,seq_start_share3,seq_start_share5,seq_start_streak,seq_nonstart_streak,seq_changed_state_last,work_player_rest_days,work_minutes_7d,work_minutes_14d,role_h_fast,role_h_slow,base_p_start,final_p_start,base_xmins,final_xmins
83.88932596075405,-83.88932596075405,89e2194a-5d18-5d77-8037-92733cd9c97f,7,22,chelsea,Marc Cucurella Saseta,DEF,90.0,LB,1.0,21.0,0.3333333333333333,0.6,1.0,0.0,1.0,2.625,81.0,102.0,0.4924754948030631,0.7204092084774858,0.23769694904331135,0.23769694904331135,6.1106740392459535,6.1106740392459535
81.45846334329167,-81.45846334329167,4fe9f44c-bfba-5934-849a-d84876aa86e8,8,32,crystal-palace,Daniel Muñoz,DEF,90.0,RWB,0.0,0.0,0.6666666666666666,0.8,0.0,1.0,1.0,28.0,0.0,0.0,0.4536818392139226,0.5604584190465962,0.3773645365083932,0.3773645365083932,8.541536656708328,8.541536656708328
80.45053272828397,-80.45053272828397,8b19f294-8fed-5a60-8498-f5c9c1b8d138,15,24,newcastle-united,Dan Burn,DEF,90.0,LCB,0.0,0.0,0.0,0.0,0.0,7.0,0.0,2.7291666666666665,90.0,90.0,0.0480001556019482,0.2049085507725682,0.21436218293295478,0.21436218293295478,9.54946727171602,9.54946727171602
79.12732862473662,-79.12732862473662,1ce47acb-bab6-57a0-b8fc-b4936d9f71f7,2,31,aston-villa,Matty Cash,DEF,90.0,RB,0.0,0.0,0.6666666666666666,0.6,0.0,1.0,1.0,15.958333333333334,0.0,0.0,0.5219609506889245,0.7552821976717579,0.2138157910363425,0.2138157910363425,10.872671375263378,10.872671375263378
79.00702573032952,-79.00702573032952,3ee1da64-d7ba-53cf-918f-e24fe92a6eb6,1,22,arsenal,Benjamin White,DEF,90.0,RB,0.0,0.0,0.0,0.0,0.0,5.0,0.0,2.625,159.0,159.0,0.066901207919044,0.1288068827553422,0.21352055571420753,0.21352055571420753,10.992974269670482,10.992974269670482
78.75202477993422,-78.75202477993422,d9ace39d-a5ca-5496-84cb-231df913a305,2,25,aston-villa,Tyrone Mings,DEF,90.0,LCB,0.0,0.0,0.0,0.0,0.0,8.0,1.0,7.9375,0.0,105.0,0.0036697029597929,0.0555828568602898,0.2037591291593054,0.2037591291593054,11.24797522006578,11.24797522006578
77.51801574766245,-77.51801574766245,1e6f4756-7e43-5162-a518-806522137b05,3,29,burnley,Kyle Walker,DEF,90.0,RWB,0.0,0.0,0.6666666666666666,0.8,0.0,1.0,1.0,10.125,0.0,45.0,0.2678157737047479,0.3473442652614316,0.24444620184327467,0.24444620184327467,12.481984252337561,12.481984252337561
76.46719585902046,-76.46719585902046,ecd48097-3a63-58b6-a353-65332e720c42,17,32,sunderland,Nordi Mukiele,DEF,81.0,RB,0.0,0.0,0.0,0.2,0.0,4.0,0.0,28.0,0.0,0.0,0.1519735375925907,0.2997902597799462,0.21970886515464388,0.21970886515464388,4.532804140979542,4.532804140979542
75.5998430980326,75.5998430980326,1ce47acb-bab6-57a0-b8fc-b4936d9f71f7,2,31,aston-villa,Lamare Bogarde,DEF,0.0,RB,1.0,90.0,0.3333333333333333,0.4,1.0,0.0,1.0,5.1875,90.0,90.0,0.1816918815718401,0.1107988576651244,0.7964050169188022,0.7964050169188022,75.5998430980326,75.5998430980326
75.5932278569697,75.5932278569697,fef47b9a-ab98-50c0-a72f-57c356ba1514,18,29,tottenham-hotspur,Radu Dragusin,DEF,0.0,RCB,1.0,89.0,1.0,0.8,3.0,0.0,0.0,2.1666666666666665,89.0,179.0,0.1921471859487378,0.0905929747999065,0.7742900570816036,0.7742900570816036,75.5932278569697,75.5932278569697
75.41293111643607,-75.41293111643607,31ef1d95-b095-52ae-918e-26ed91e99a77,7,29,chelsea,Alejandro Garnacho,MID,90.0,LAM,0.0,4.0,0.0,0.2,0.0,4.0,1.0,2.0625,4.0,4.0,0.0625851304191915,0.2431414848279138,0.2239903753843026,0.2239903753843026,14.587068883563926,14.587068883563926
75.32934602390584,-75.32934602390584,622cfd32-fefc-538b-92e0-7c761e8052b4,7,30,chelsea,Marc Cucurella Saseta,DEF,90.0,LB,0.0,11.0,0.0,0.4,0.0,3.0,1.0,9.75,0.0,11.0,0.237260885867625,0.5547661244433258,0.21225468646390666,0.21225468646390666,14.670653976094153,14.670653976094153
74.39707943786185,74.39707943786185,fd338246-8ad6-503a-aaa4-7c8328aae763,18,31,tottenham-hotspur,Radu Dragusin,DEF,0.0,LCB,1.0,90.0,0.6666666666666666,0.8,1.0,0.0,1.0,5.083333333333333,90.0,90.0,0.1658208383560802,0.0968236550697284,0.7953819304891022,0.7953819304891022,74.39707943786185,74.39707943786185
74.2693152544559,74.2693152544559,0cd96418-d40d-591e-8b10-b423d657377d,13,33,manchester-city,Rodrigo Hernandez,MID,0.0,DM,1.0,90.0,1.0,1.0,8.0,0.0,0.0,5.770833333333333,90.0,90.0,0.4717393166891197,0.4365606557651151,0.7842553144534187,0.7842553144534187,74.2693152544559,74.2693152544559
74.1757852879395,-74.1757852879395,dc1d8946-e5da-5a50-b228-61e8601bc305,13,23,manchester-city,Matheus Luiz Nunes,DEF,90.0,RB,0.0,0.0,0.6666666666666666,0.8,0.0,1.0,1.0,10.625,0.0,62.0,0.5993546324260749,0.7358977165497147,0.2001460472686136,0.2001460472686136,15.82421471206049,15.82421471206049
73.86760486869805,73.86760486869805,239ea4cb-1b2e-5d4d-91ca-19aaa3980d39,15,23,newcastle-united,Bruno Guimarães Rodriguez Moura,MID,0.0,RCM,1.0,90.0,1.0,1.0,8.0,0.0,0.0,2.625,134.0,221.0,0.5434085613679751,0.5462096417309685,0.7674792913600696,0.7674792913600696,73.86760486869805,73.86760486869805
73.86014096520876,73.86014096520876,c6221f70-6420-50cb-a8d9-aba5294bf856,12,22,liverpool,Conor Bradley,DEF,0.0,RB,1.0,90.0,1.0,0.8,3.0,0.0,0.0,8.625,0.0,180.0,0.5216711308248818,0.5214334821650556,0.7960231246638416,0.7960231246638416,73.86014096520876,73.86014096520876
73.73561580444402,73.73561580444402,4969d7af-c9d1-5c54-8620-d87f0b49cff8,12,36,liverpool,Freddie Woodman,GK,0.0,GK,1.0,90.0,0.6666666666666666,0.4,2.0,0.0,0.0,5.8125,90.0,180.0,0.3680067414038461,0.1461263079473061,0.777201439671126,0.777201439671126,73.73561580444402,73.73561580444402
73.70762699020139,-73.70762699020139,a0ae96c4-499d-5d2a-9cc8-6d59f1b73917,16,26,nottingham-forest,Neco Williams,DEF,90.0,LB,0.0,0.0,0.6666666666666666,0.8,0.0,1.0,1.0,9.166666666666666,0.0,110.0,0.4989143109784496,0.5697734933090935,0.32759323453952055,0.32759323453952055,16.292373009798613,16.292373009798613
73.52305739551866,-73.52305739551866,579fdcbf-5156-533a-8f5f-a9226e3d60d1,2,26,aston-villa,Lamare Bogarde,DEF,90.0,RDM,0.0,4.0,0.3333333333333333,0.4,0.0,1.0,1.0,3.125,4.0,139.0,0.0736145333357504,0.0720412436517358,0.2548959124123025,0.2548959124123025,16.476942604481334,16.476942604481334
73.29886977526034,73.29886977526034,97b2d8d5-ad23-581e-a7ba-80ed12ecc351,9,23,everton,Merlin Röhl,MID,0.0,RDM,1.0,90.0,0.3333333333333333,0.4,1.0,0.0,1.0,5.770833333333333,90.0,176.0,0.1110784032621182,0.0565689769164939,0.795826505220495,0.795826505220495,73.29886977526034,73.29886977526034
73.26579903447968,-73.26579903447968,239ea4cb-1b2e-5d4d-91ca-19aaa3980d39,2,23,aston-villa,Amadou Onana,MID,88.0,LDM,0.0,0.0,0.0,0.2,0.0,3.0,0.0,1.71875,15.0,15.0,0.1162098083998186,0.2571594606981257,0.2278007165887537,0.2278007165887537,14.73420096552032,14.73420096552032
73.18289795038778,73.18289795038778,085aaeeb-84d3-58e5-8616-6a821bcd07d0,15,25,newcastle-united,Jacob Ramsey,MID,3.0,LCM,1.0,90.0,0.3333333333333333,0.2,1.0,0.0,1.0,1.9375,180.0,312.0,0.1154242512443633,0.1066854945909395,0.798733721607641,0.798733721607641,76.18289795038778,76.18289795038778
73.10831633953293,73.10831633953293,31402e57-7c34-5b2c-8688-d29a2831522e,14,37,manchester-united,Noussair Mazraoui,DEF,0.0,RB,1.0,90.0,0.3333333333333333,0.6,1.0,0.0,1.0,6.145833333333333,90.0,90.0,0.1410987674932346,0.0817951903110783,0.7804692886525104,0.7804692886525104,73.10831633953293,73.10831633953293
72.9419678236311,72.9419678236311,ecd48097-3a63-58b6-a353-65332e720c42,17,32,sunderland,Lutsharel Geertruida,DEF,0.0,RB,1.0,90.0,1.0,0.8,4.0,0.0,0.0,19.229166666666668,0.0,0.0,0.3020817934833287,0.1447287397813989,0.7385236406656684,0.7385236406656684,72.9419678236311,72.9419678236311
72.91344005677249,-72.91344005677249,ba89faf8-3800-548a-951b-e5d7ed60ed05,7,37,chelsea,Robert Sánchez,GK,90.0,GK,0.0,0.0,0.6666666666666666,0.8,0.0,1.0,1.0,11.145833333333334,0.0,66.0,0.7377740964885261,0.852858461378592,0.2451374654635831,0.2451374654635831,17.086559943227513,17.086559943227513
72.55656254302684,72.55656254302684,25abf903-06d4-5b30-9573-1ca6d4317c79,14,36,manchester-united,Ayden Heaven,DEF,0.0,LCB,1.0,90.0,1.0,0.6,3.0,0.0,0.0,5.8125,90.0,180.0,0.3356655988617392,0.1347344467403193,0.7927385185167425,0.7927385185167425,72.55656254302684,72.55656254302684
72.52419325939863,-72.52419325939863,092fe1c5-46c7-5bc7-a34b-822cf838d6ab,13,36,manchester-city,Rayan Aït-Nouri,DEF,90.0,LB,0.0,0.0,0.3333333333333333,0.4,0.0,1.0,1.0,13.739583333333334,0.0,71.0,0.3124125481408918,0.3427551036803118,0.2119057470768082,0.2119057470768082,17.475806740601378,17.475806740601378
72.37867598727973,72.37867598727973,82942d44-0127-5fda-9351-a16d844fb795,2,35,aston-villa,Lucas Digne,DEF,0.0,LB,1.0,90.0,0.6666666666666666,0.8,1.0,0.0,1.0,6.25,90.0,110.0,0.4637604993092439,0.4753348543014568,0.7745512839929297,0.7745512839929297,72.37867598727973,72.37867598727973
72.27483819378003,72.27483819378003,1d93b2bc-9b09-5ae2-aa5b-82d56694fa9c,18,22,tottenham-hotspur,João Palhinha Gonçalves,MID,0.0,RDM,1.0,90.0,0.6666666666666666,0.4,1.0,0.0,1.0,9.645833333333334,0.0,108.0,0.1490736298614029,0.178906027268438,0.7658732506787501,0.7658732506787501,72.27483819378003,72.27483819378003
72.19400117444712,72.19400117444712,1ce47acb-bab6-57a0-b8fc-b4936d9f71f7,2,31,aston-villa,Tyrone Mings,DEF,0.0,LCB,1.0,90.0,0.6666666666666666,0.8,2.0,0.0,0.0,5.1875,90.0,90.0,0.4629779505765046,0.3149590065358812,0.7892291864288612,0.7892291864288612,72.19400117444712,72.19400117444712
71.97703168180729,71.97703168180729,95efeb72-d689-58fb-a022-ffad47516d80,7,35,chelsea,Jorrel Hato,DEF,0.0,LCB,1.0,90.0,1.0,0.8,4.0,0.0,0.0,9.9375,0.0,180.0,0.2870534996117121,0.1824070470689252,0.7710158444154684,0.7710158444154684,71.97703168180729,71.97703168180729
71.93331155852937,-71.93331155852937,53a5b9eb-ba57-5a74-9126-31f1c9776a9b,12,38,liverpool,Alisson Ramses Becker,GK,90.0,GK,0.0,0.0,0.0,0.0,0.0,7.0,0.0,28.0,0.0,0.0,0.2045553580156505,0.5269749262531629,0.2000304109657506,0.2000304109657506,18.066688441470628,18.066688441470628
71.89932213156747,-71.89932213156747,1c02d8a1-3fe4-50a6-a833-13460c80973f,18,34,tottenham-hotspur,Djed Spence,DEF,90.0,LB,0.0,14.0,0.3333333333333333,0.4,0.0,2.0,1.0,6.041666666666667,14.0,14.0,0.09702762360388,0.2353721465176495,0.2634349626259326,0.2634349626259326,18.100677868432527,18.100677868432527
71.8188998140578,-71.8188998140578,622cfd32-fefc-538b-92e0-7c761e8052b4,15,30,newcastle-united,Jacob Ramsey,MID,90.0,RCM,1.0,45.0,1.0,0.8,4.0,0.0,0.0,9.71875,0.0,90.0,0.3212469745615059,0.1909586743606288,0.35085392225155665,0.35085392225155665,18.181100185942192,18.181100185942192
71.80720158343657,71.80720158343657,ebb30294-ec65-5a92-a141-2fa11e9b549c,13,30,manchester-city,Rúben Gato Alves Dias,DEF,0.0,RCB,1.0,90.0,1.0,0.8,4.0,0.0,0.0,9.75,0.0,180.0,0.5407878796634457,0.5810748042276096,0.7795862493653375,0.7795862493653375,71.80720158343657,71.80720158343657
71.80050011266579,-71.80050011266579,a978de95-3470-5a5c-8447-f0d0b4150448,8,36,crystal-palace,Daniel Muñoz,DEF,90.0,RWB,1.0,45.0,1.0,0.8,4.0,0.0,0.0,5.875,45.0,135.0,0.640862776655204,0.6541104768386485,0.35915562167842036,0.35915562167842036,18.19949988733422,18.19949988733422
71.79874962215503,71.79874962215503,47e684ca-483b-5eca-8ec1-c94a86f9452a,3,28,burnley,Marcus Edwards,MID,0.0,RAM,1.0,90.0,1.0,1.0,7.0,0.0,0.0,6.145833333333333,90.0,114.0,0.4309420295133745,0.271951661181445,0.7684430442508764,0.7684430442508764,71.79874962215503,71.79874962215503
71.77220998883875,71.77220998883875,3a30f4e1-3142-58d9-9e6c-52cb2fb9f8b8,16,27,nottingham-forest,Felipe Rodrigues da Silva,DEF,0.0,LCB,1.0,90.0,0.6666666666666666,0.4,2.0,0.0,0.0,9.75,0.0,90.0,0.2858959742605748,0.2394722900287839,0.7409624929446132,0.7409624929446132,71.77220998883875,71.77220998883875
71.75583586699445,71.75583586699445,ba89faf8-3800-548a-951b-e5d7ed60ed05,7,37,chelsea,Filip Jørgensen,GK,0.0,GK,1.0,90.0,0.3333333333333333,0.2,1.0,0.0,1.0,6.25,90.0,114.0,0.262225903511474,0.1471415386214077,0.7642696861376729,0.7642696861376729,71.75583586699445,71.75583586699445
71.74364631271396,-71.74364631271396,8b19f294-8fed-5a60-8498-f5c9c1b8d138,12,24,liverpool,Ibrahima Konaté,DEF,90.0,RCB,0.0,0.0,0.6666666666666666,0.8,0.0,1.0,1.0,13.9375,0.0,90.0,0.6256965619564182,0.8338785082548038,0.20132554683241713,0.20132554683241713,18.256353687286033,18.256353687286033
71.7178033520467,71.7178033520467,765085cb-7964-5516-8303-f380c3d19685,17,27,sunderland,Reinildo Mandava,DEF,0.0,LB,1.0,90.0,1.0,1.0,5.0,0.0,0.0,9.71875,0.0,180.0,0.3762375421569487,0.3348460500796427,0.7967991707606283,0.7967991707606283,71.7178033520467,71.7178033520467
71.3946266465449,-71.3946266465449,7eb9f651-a02f-59cf-843e-8b905b79f98c,10,38,fulham,Sander Berge,MID,90.0,LDM,1.0,45.0,0.3333333333333333,0.4,1.0,0.0,1.0,6.979166666666667,45.0,45.0,0.2811139198638291,0.3764862896670927,0.4029380156550052,0.4029380156550052,18.6053733534551,18.6053733534551
71.31903735538526,71.31903735538526,9d7e2609-879a-5940-b916-fce719c34570,14,32,manchester-united,Kobbie Mainoo,MID,0.0,LDM,1.0,90.0,1.0,1.0,8.0,0.0,0.0,20.89583333333333,0.0,0.0,0.6165686955458497,0.4081050374846873,0.7724079054603352,0.7724079054603352,71.31903735538526,71.31903735538526
71.23752203876694,71.23752203876694,0d6a442b-e1f2-53f3-a9a8-0b75c19465d8,8,38,crystal-palace,Chris Richards,DEF,0.0,RCB,0.0,29.0,0.6666666666666666,0.6,0.0,1.0,1.0,6.979166666666667,29.0,119.0,0.3932761342162914,0.4541251638424888,0.7161227714752333,0.7161227714752333,71.23752203876694,71.23752203876694
71.00237413701738,71.00237413701738,7c80f6d1-598d-5dcc-b7e4-44865b2ed593,6,23,brighton-hove-albion,Joël Veltman,DEF,0.0,RB,1.0,90.0,0.6666666666666666,0.6,1.0,0.0,1.0,4.625,90.0,167.0,0.3143998049590954,0.2648702364269873,0.7591406429391867,0.7591406429391867,71.00237413701738,71.00237413701738
71.00046646133725,-71.00046646133725,03ba7107-f9dd-5a5e-8bcd-9aa4919ff36d,9,22,everton,Nathan Patterson,DEF,90.0,RB,0.0,3.0,0.3333333333333333,0.2,0.0,2.0,1.0,6.947916666666667,116.0,119.0,0.0511984880238687,0.0357760011530149,0.22296457154796787,0.22296457154796787,18.999533538662753,18.999533538662753
70.93782111588978,-70.93782111588978,081f5491-2f1e-5422-bb74-cd9ec55d87c9,10,26,fulham,Kenny Tete,DEF,90.0,RB,0.0,7.0,0.0,0.0,0.0,6.0,1.0,3.125,7.0,7.0,0.1281447622546292,0.442519681534032,0.28404622147078606,0.28404622147078606,19.062178884110224,19.062178884110224
70.82418334561146,-70.82418334561146,e1b64232-1ee4-522c-b106-e651d9eba4ea,2,38,aston-villa,Tyrone Mings,DEF,90.0,LCB,0.0,0.0,0.6666666666666666,0.6,0.0,1.0,1.0,14.020833333333334,0.0,0.0,0.353772147449231,0.3454234736516577,0.20201805851189183,0.20201805851189183,19.17581665438854,19.17581665438854
70.74558637657492,70.74558637657492,02c1a42f-1cb3-5453-a3e8-cca6c129d901,2,33,aston-villa,Pau Torres,DEF,0.0,LCB,1.0,90.0,0.6666666666666666,0.6,2.0,0.0,0.0,5.875,90.0,90.0,0.3957193482698973,0.4265942721146439,0.782915106696535,0.782915106696535,70.74558637657492,70.74558637657492
70.66990955475731,70.66990955475731,03ba7107-f9dd-5a5e-8bcd-9aa4919ff36d,9,22,everton,Tim Iroegbunam,MID,0.0,RDM,1.0,90.0,1.0,1.0,5.0,0.0,0.0,9.645833333333334,0.0,166.0,0.3418232925241521,0.3032589317282849,0.7855568449523588,0.7855568449523588,70.66990955475731,70.66990955475731
70.66475378003432,70.66475378003432,03ba7107-f9dd-5a5e-8bcd-9aa4919ff36d,2,22,aston-villa,Victor Lindelöf,DEF,0.0,LCB,1.0,90.0,1.0,1.0,6.0,0.0,0.0,9.645833333333334,0.0,180.0,0.5812634706383182,0.3720490988431271,0.7741586624874004,0.7741586624874004,70.66475378003432,70.66475378003432
70.44717878528121,-70.44717878528121,82942d44-0127-5fda-9351-a16d844fb795,2,35,aston-villa,Ian Maatsen,DEF,90.0,LB,0.0,0.0,0.3333333333333333,0.2,0.0,1.0,1.0,12.1875,0.0,69.0,0.2429512141259482,0.3909856069008474,0.2165357155070472,0.2165357155070472,19.552821214718797,19.552821214718797
70.3710493148663,70.3710493148663,02c1a42f-1cb3-5453-a3e8-cca6c129d901,2,33,aston-villa,Marco Bizot,GK,0.0,GK,1.0,90.0,0.3333333333333333,0.2,1.0,0.0,1.0,5.875,90.0,90.0,0.2264783143160077,0.1456682465499613,0.7710853172828745,0.7710853172828745,70.3710493148663,70.3710493148663
70.33563724657421,70.33563724657421,0a9d6243-8e34-53a1-aac3-295adbb204df,6,29,brighton-hove-albion,James Milner,MID,0.0,RDM,1.0,85.0,0.6666666666666666,0.4,2.0,0.0,0.0,2.1666666666666665,85.0,174.0,0.1191967155899082,0.0595778624616141,0.700082452327169,0.700082452327169,70.33563724657421,70.33563724657421
70.30743448564992,-70.30743448564992,9bd2ffae-fc89-5d81-90f1-964fb8e98ceb,11,38,leeds-united,Pascal Struijk,DEF,90.0,LCB,0.0,0.0,0.6666666666666666,0.8,0.0,1.0,1.0,12.770833333333334,0.0,55.0,0.4895380679327678,0.690773142577104,0.331051773317716,0.331051773317716,19.692565514350083,19.692565514350083
69.99485539487141,69.99485539487141,54675f42-95ba-5491-a3fd-06557d576830,12,31,liverpool,Joseph Gomez,DEF,0.0,RB,1.0,90.0,0.6666666666666666,0.4,1.0,0.0,1.0,5.083333333333333,90.0,180.0,0.1451578363018239,0.1038784431914504,0.740911168958199,0.740911168958199,69.99485539487141,69.99485539487141
69.91793853923247,-69.91793853923247,c6221f70-6420-50cb-a8d9-aba5294bf856,12,22,liverpool,Hugo Ekitiké,FWD,90.0,ST,0.0,0.0,0.3333333333333333,0.6,0.0,2.0,0.0,4.635416666666667,30.0,30.0,0.341803599308228,0.4914762235502121,0.20649720689617837,0.20649720689617837,20.082061460767534,20.082061460767534
69.76486624262857,69.76486624262857,1d93b2bc-9b09-5ae2-aa5b-82d56694fa9c,18,22,tottenham-hotspur,Rodrigo Bentancur,MID,0.0,RDM,1.0,85.0,1.0,1.0,8.0,0.0,0.0,9.645833333333334,0.0,175.0,0.3051093385278953,0.2791679531463648,0.7705242517962267,0.7705242517962267,69.76486624262857,69.76486624262857
69.7608667509406,69.7608667509406,3d697222-511a-5186-8b43-b412dd31f564,16,28,nottingham-forest,Stefan Ortega Moreno,GK,0.0,GK,1.0,90.0,1.0,0.6,3.0,0.0,0.0,5.1875,90.0,90.0,0.49118965212808,0.2244804508334408,0.7733791565053365,0.7733791565053365,69.7608667509406,69.7608667509406
69.58249723620219,-69.58249723620219,6f555168-6fa4-5bdb-ad1e-d646c8e0f78a,5,24,brentford,Kristoffer Ajer,DEF,90.0,RCB,1.0,36.0,1.0,1.0,6.0,0.0,0.0,5.979166666666667,36.0,126.0,0.5571369953021728,0.3694018692202936,0.4428499428655096,0.4428499428655096,20.417502763797813,20.417502763797813
69.56354476282687,-69.56354476282687,16495e99-1e75-5b2f-a337-1dfde9ddfe08,7,33,chelsea,Enzo Fernández,MID,90.0,CAM,0.0,0.0,0.6666666666666666,0.8,0.0,1.0,1.0,27.6875,0.0,0.0,0.224189973042447,0.2049639697713608,0.213814059129188,0.213814059129188,20.43645523717314,20.43645523717314
69.53211867537433,-69.53211867537433,c24850ac-b48a-5ac5-91e3-bc422c2e52a4,18,27,tottenham-hotspur,Yves Bissouma,MID,90.0,LCM,1.0,45.0,0.6666666666666666,0.6,1.0,0.0,1.0,10.75,0.0,45.0,0.1347222325830485,0.0811477598459771,0.3236486772068387,0.3236486772068387,20.467881324625665,20.467881324625665
69.41139049937843,-69.41139049937843,579fdcbf-5156-533a-8f5f-a9226e3d60d1,6,26,brighton-hove-albion,Jack Hinshelwood,MID,90.0,LDM,0.0,8.0,0.0,0.4,0.0,3.0,1.0,2.1666666666666665,8.0,8.0,0.0547018475048898,0.0695266521911228,0.24431993914464925,0.24431993914464925,20.588609500621565,20.588609500621565
69.33688885325049,69.33688885325049,95efeb72-d689-58fb-a022-ffad47516d80,7,35,chelsea,Pedro Lomba Neto,MID,0.0,LAM,1.0,90.0,1.0,0.8,4.0,0.0,0.0,9.9375,0.0,180.0,0.2753845782359194,0.262756596271092,0.752935652710937,0.752935652710937,69.33688885325049,69.33688885325049
69.25888272862879,-69.25888272862879,b4ec0cde-d0bf-5e52-a05a-625335240554,19,37,west-ham-united,Callum Wilson,FWD,90.0,ST,0.0,5.0,0.0,0.0,0.0,7.0,0.0,5.083333333333333,5.0,30.0,0.0151782885624534,0.1051045976672625,0.21071550498966965,0.21071550498966965,20.741117271371213,20.741117271371213
69.24729758362751,-69.24729758362751,8f269e69-30e8-524b-8bbd-2a4eba3eecb6,10,31,fulham,Timothy Castagne,DEF,90.0,RB,0.0,0.0,0.0,0.0,0.0,5.0,1.0,12.270833333333334,0.0,90.0,0.0972956704684384,0.1446875401765532,0.21092596789449433,0.21092596789449433,20.75270241637249,20.75270241637249
69.23297195247112,69.23297195247112,53a5b9eb-ba57-5a74-9126-31f1c9776a9b,12,38,liverpool,Giorgi Mamardashvili,GK,0.0,GK,1.0,90.0,0.6666666666666666,0.6,2.0,0.0,0.0,8.770833333333334,0.0,90.0,0.5564494934804305,0.3464388531160836,0.767916572744276,0.767916572744276,69.23297195247112,69.23297195247112
69.22919921844439,69.22919921844439,5556a528-cdc7-5a14-8fd1-7f9b7820b711,3,32,burnley,Josh Laurent,MID,0.0,RCB,1.0,90.0,0.6666666666666666,0.8,2.0,0.0,0.0,20.104166666666668,0.0,0.0,0.1298525299721354,0.1501883471554993,0.710156292453857,0.710156292453857,69.22919921844439,69.22919921844439
69.06324502599094,-69.06324502599094,94fcf566-2f2f-5764-a094-bd41afb36a13,9,28,everton,Vitalii Mykolenko,DEF,90.0,LB,0.0,0.0,0.6666666666666666,0.6,0.0,1.0,1.0,16.958333333333332,0.0,0.0,0.5191887820401643,0.7343045138792014,0.23228547239860559,0.23228547239860559,20.936754974009062,20.936754974009062
68.97258070074909,68.97258070074909,d9ace39d-a5ca-5496-84cb-231df913a305,2,25,aston-villa,Pau Torres,DEF,0.0,LCB,1.0,90.0,1.0,0.6,3.0,0.0,0.0,5.1875,90.0,164.0,0.4476931717172446,0.4809663349338373,0.7709440225992676,0.7709440225992676,68.97258070074909,68.97258070074909
68.91694926828586,68.91694926828586,39b8a542-1ee7-5117-ab73-ee2227c88c33,15,33,newcastle-united,Joelinton Cássio Apolinário de Lira,MID,0.0,LCM,1.0,83.0,0.6666666666666666,0.8,2.0,0.0,0.0,5.875,83.0,83.0,0.1387954867249429,0.257540508982298,0.7753814883051204,0.7753814883051204,68.91694926828586,68.91694926828586
68.83387259047223,-68.83387259047223,31ef1d95-b095-52ae-918e-26ed91e99a77,2,29,aston-villa,Tyrone Mings,DEF,90.0,LCB,0.0,0.0,0.6666666666666666,0.6,0.0,1.0,1.0,10.125,0.0,90.0,0.2692676422694876,0.2123095407549318,0.20366446592409576,0.20366446592409576,21.166127409527768,21.166127409527768
68.82593884757003,-68.82593884757003,82942d44-0127-5fda-9351-a16d844fb795,2,35,aston-villa,Tyrone Mings,DEF,90.0,LCB,0.0,0.0,0.3333333333333333,0.4,0.0,1.0,1.0,12.1875,0.0,90.0,0.2776171187416742,0.2865534923406079,0.2212614853851046,0.2212614853851046,21.17406115242997,21.17406115242997
68.69660610134865,-68.69660610134865,7c80f6d1-598d-5dcc-b7e4-44865b2ed593,6,23,brighton-hove-albion,Yasin Ayari,MID,90.0,RDM,0.0,0.0,0.6666666666666666,0.8,0.0,1.0,1.0,12.770833333333334,0.0,13.0,0.2882582572143503,0.2650098671731293,0.22485488550524926,0.22485488550524926,21.30339389865135,21.30339389865135
68.69552450997182,68.69552450997182,4573eab6-7249-598b-9af6-d00c7d62f223,20,36,wolverhampton-wanderers,Tolu Arokodare,FWD,1.0,ST,1.0,90.0,0.3333333333333333,0.2,1.0,0.0,1.0,6.833333333333333,90.0,109.0,0.2107392446731638,0.3255179406381161,0.7388293593658366,0.7388293593658366,69.69552450997182,69.69552450997182
68.64406178980478,68.64406178980478,ecd48097-3a63-58b6-a353-65332e720c42,17,32,sunderland,Melker Ellborg,GK,0.0,GK,1.0,90.0,1.0,0.6,3.0,0.0,0.0,19.229166666666668,0.0,0.0,0.500372469723928,0.2168287802206304,0.7606127818298449,0.7606127818298449,68.64406178980478,68.64406178980478
68.58113314757016,68.58113314757016,875862ec-2f61-5965-8e94-d3ed55e4bf3f,9,32,everton,Michael Keane,DEF,0.0,LCB,1.0,90.0,0.6666666666666666,0.6,2.0,0.0,0.0,20.0,0.0,0.0,0.4654504235872984,0.605966399799943,0.7237762315491454,0.7237762315491454,68.58113314757016,68.58113314757016
68.47067092239446,68.47067092239446,f5b8d4db-d7b4-5da2-a157-94fd8af41961,20,25,wolverhampton-wanderers,Emmanuel Agbadou,DEF,0.0,CB,1.0,90.0,0.3333333333333333,0.2,1.0,0.0,1.0,6.145833333333333,90.0,90.0,0.113635623702976,0.1577381610035678,0.756475878528369,0.756475878528369,68.47067092239446,68.47067092239446
68.39450941640702,68.39450941640702,9fb7fb28-1745-597c-aab4-27fb0e6c5383,11,28,leeds-united,Jaka Bijol,DEF,3.0,CB,0.0,45.0,0.3333333333333333,0.2,0.0,1.0,1.0,6.145833333333333,45.0,165.0,0.2410075912684692,0.3031322359237857,0.7372873567084284,0.7372873567084284,71.39450941640702,71.39450941640702
68.36038218584747,68.36038218584747,53a5b9eb-ba57-5a74-9126-31f1c9776a9b,12,38,liverpool,Milos Kerkez,DEF,7.0,LB,1.0,90.0,0.6666666666666666,0.4,2.0,0.0,0.0,8.770833333333334,0.0,90.0,0.4079714539640013,0.56529389254442,0.7987851790741053,0.7987851790741053,75.36038218584747,75.36038218584747
68.32266636017563,-68.32266636017563,4366c228-7c85-5d35-8048-663446bd1b28,11,25,leeds-united,Ilia Gruev,MID,90.0,LCM,1.0,45.0,1.0,1.0,6.0,0.0,0.0,6.145833333333333,45.0,110.0,0.4690551576469851,0.3109573291027272,0.42065194630805913,0.42065194630805913,21.67733363982437,21.67733363982437
68.15353002669268,-68.15353002669268,d810d3c3-dec2-50fb-85ae-1b4d0b80559f,19,27,west-ham-united,Soungoutou Magassa,MID,83.0,RDM,0.0,11.0,0.0,0.0,0.0,6.0,1.0,7.052083333333333,0.0,131.0,0.0492496254859653,0.1104145820524531,0.22195326359994452,0.22195326359994452,14.846469973307318,14.846469973307318
68.03876917252833,68.03876917252833,d9ace39d-a5ca-5496-84cb-231df913a305,2,25,aston-villa,Tammy Abraham,FWD,4.0,ST,1.0,90.0,1.0,1.0,1.0,0.0,0.0,5.1875,90.0,90.0,0.1110774304767051,0.0463799754107506,0.7656997930980511,0.7656997930980511,72.03876917252833,72.03876917252833
67.94489138557691,-67.94489138557691,ecd48097-3a63-58b6-a353-65332e720c42,17,32,sunderland,Reinildo Mandava,DEF,90.0,LB,0.0,1.0,0.0,0.0,0.0,5.0,1.0,19.229166666666668,0.0,0.0,0.0887174446479386,0.2164095859859751,0.22274511897564428,0.22274511897564428,22.055108614423098,22.055108614423098
67.92908876451244,-67.92908876451244,94fcf566-2f2f-5764-a094-bd41afb36a13,9,28,everton,Jake O'Brien,DEF,90.0,RB,0.0,0.0,0.6666666666666666,0.8,0.0,1.0,1.0,16.958333333333332,0.0,0.0,0.3768638361987799,0.509512875108412,0.27933217540691785,0.27933217540691785,22.07091123548755,22.07091123548755
67.91397187628687,67.91397187628687,579fdcbf-5156-533a-8f5f-a9226e3d60d1,2,26,aston-villa,Lucas Digne,DEF,0.0,LB,1.0,85.0,0.3333333333333333,0.4,1.0,0.0,1.0,3.125,85.0,175.0,0.2641009784855403,0.4197223378959502,0.7744328137492235,0.7744328137492235,67.91397187628687,67.91397187628687
67.87493690200357,67.87493690200357,e1b64232-1ee4-522c-b106-e651d9eba4ea,13,38,manchester-city,Rodrigo Hernandez,MID,0.0,DM,1.0,90.0,0.3333333333333333,0.2,1.0,0.0,1.0,4.791666666666667,90.0,90.0,0.2170786546398447,0.3121566081574375,0.7469200170931819,0.7469200170931819,67.87493690200357,67.87493690200357
67.79482091835443,67.79482091835443,7729aaf4-dd5e-5f38-a0a4-430fccf34c7c,6,30,brighton-hove-albion,Georginio Rutter,MID,0.0,ST,1.0,90.0,0.3333333333333333,0.4,1.0,0.0,1.0,9.75,0.0,90.0,0.1566225654079494,0.2218940783605898,0.7465271777257022,0.7465271777257022,67.79482091835443,67.79482091835443
67.72953441039736,67.72953441039736,cf2cfda2-d007-5839-984a-e3c0650fa9de,7,23,chelsea,Cole Palmer,MID,0.0,CAM,1.0,90.0,1.0,1.0,8.0,0.0,0.0,6.833333333333333,90.0,90.0,0.4414781313616482,0.3771228896442579,0.7433106155369085,0.7433106155369085,67.72953441039736,67.72953441039736
67.61149186865455,-67.61149186865455,3b0bba38-af04-5460-b39f-e5c32eaf27ff,16,36,nottingham-forest,Jair Paula da Cunha Filho,DEF,90.0,RCB,1.0,45.0,0.6666666666666666,0.4,2.0,0.0,0.0,4.833333333333333,45.0,45.0,0.1340233876491172,0.0804880529963956,0.24736200669668268,0.24736200669668268,22.388508131345446,22.388508131345446
67.6040416872483,67.6040416872483,82942d44-0127-5fda-9351-a16d844fb795,2,35,aston-villa,Pau Torres,DEF,0.0,LCB,1.0,90.0,0.6666666666666666,0.6,1.0,0.0,1.0,6.25,90.0,90.0,0.3990615204352919,0.4310456396742508,0.7488837120371235,0.7488837120371235,67.6040416872483,67.6040416872483
67.55889855944041,67.55889855944041,b1b0e185-0108-508b-aa08-e3732938787f,14,35,manchester-united,Noussair Mazraoui,DEF,0.0,RCB,0.0,45.0,0.6666666666666666,0.4,0.0,1.0,1.0,3.9375,45.0,135.0,0.0833989359656202,0.0650220822200438,0.6842036818457381,0.6842036818457381,67.55889855944041,67.55889855944041
67.44015556831101,-67.44015556831101,b4ec0cde-d0bf-5e52-a05a-625335240554,15,37,newcastle-united,Kieran Trippier,DEF,84.0,RB,0.0,1.0,0.0,0.0,0.0,5.0,1.0,5.1875,1.0,1.0,0.1215936821014037,0.330789940959275,0.20613446582961145,0.20613446582961145,16.559844431688983,16.559844431688983
67.37857654786411,-67.37857654786411,cf2cfda2-d007-5839-984a-e3c0650fa9de,7,23,chelsea,Andrey Nascimento dos Santos,MID,90.0,LDM,0.0,33.0,0.3333333333333333,0.2,0.0,1.0,1.0,6.833333333333333,33.0,213.0,0.0464211004383452,0.0546461910050767,0.49797955502364283,0.49797955502364283,22.621423452135883,22.621423452135883
67.29369549952295,67.29369549952295,875862ec-2f61-5965-8e94-d3ed55e4bf3f,5,32,brentford,Jordan Henderson,MID,0.0,RDM,1.0,90.0,1.0,0.8,3.0,0.0,0.0,19.89583333333333,0.0,0.0,0.1827798110307256,0.2403873368188098,0.7021148400413268,0.7021148400413268,67.29369549952295,67.29369549952295
67.12832050602496,67.12832050602496,57b20b8b-c663-5991-a397-771f728fd27c,1,33,arsenal,Myles Lewis-Skelly,DEF,0.0,LB,1.0,90.0,0.3333333333333333,0.2,1.0,0.0,1.0,6.9375,90.0,150.0,0.1156165012052527,0.0632241866353169,0.7357404660479684,0.7357404660479684,67.12832050602496,67.12832050602496
66.95875221872697,-66.95875221872697,6087d963-451a-5a7b-b016-d3853de520ea,10,22,fulham,Jorge Cuenca Barreno,DEF,90.0,LCB,1.0,45.0,1.0,1.0,5.0,0.0,0.0,9.645833333333334,0.0,135.0,0.5243368519962828,0.3638650755074373,0.44921209903870113,0.44921209903870113,23.041247781273025,23.041247781273025
66.94016787293057,66.94016787293057,9bd2ffae-fc89-5d81-90f1-964fb8e98ceb,11,38,leeds-united,Sebastiaan Bornauw,DEF,1.0,LCB,1.0,90.0,0.3333333333333333,0.2,1.0,0.0,1.0,6.979166666666667,90.0,124.0,0.1076521327227411,0.0523297119450755,0.7205185494570034,0.7205185494570034,67.94016787293057,67.94016787293057
66.84853871779026,-66.84853871779026,9fb7fb28-1745-597c-aab4-27fb0e6c5383,13,28,manchester-city,Rúben Gato Alves Dias,DEF,90.0,RCB,1.0,45.0,0.6666666666666666,0.4,2.0,0.0,0.0,5.9375,45.0,45.0,0.3839533821867672,0.521887993348372,0.3032474884106408,0.3032474884106408,23.151461282209745,23.151461282209745
66.84438881635208,66.84438881635208,b5ed6c3e-25b0-50e3-8e36-86250fd00a0b,4,30,afc-bournemouth,Tyler Adams,MID,0.0,RDM,1.0,90.0,1.0,0.6,3.0,0.0,0.0,10.75,0.0,90.0,0.2264429217229659,0.201017438111343,0.7694916477412364,0.7694916477412364,66.84438881635208,66.84438881635208
66.71370711492762,-66.71370711492762,3a30f4e1-3142-58d9-9e6c-52cb2fb9f8b8,16,27,nottingham-forest,Murillo Santiago Costa dos Santos,DEF,90.0,LCB,0.0,0.0,0.3333333333333333,0.6,0.0,2.0,0.0,19.979166666666668,0.0,0.0,0.43557475826385,0.6078026500699064,0.2574658236717439,0.2574658236717439,23.286292885072385,23.286292885072385
66.56354476282687,-66.56354476282687,14980272-dff9-5025-a8ef-deeed283d4ce,7,33,chelsea,Enzo Fernández,MID,87.0,CAM,0.0,0.0,0.6666666666666666,0.8,0.0,1.0,1.0,27.6875,0.0,0.0,0.224189973042447,0.2049639697713608,0.213814059129188,0.213814059129188,20.43645523717314,20.43645523717314
66.53449288150985,66.53449288150985,de9a09f3-6021-5322-bb75-a6a0dc72d91d,8,22,crystal-palace,Jaydee Canvot,DEF,0.0,RCB,1.0,90.0,0.3333333333333333,0.2,1.0,0.0,1.0,6.947916666666667,45.0,187.0,0.1105106797132292,0.0506515878067757,0.664161169434582,0.664161169434582,66.53449288150985,66.53449288150985
66.333691356444,-66.333691356444,5e1fcbbc-fc52-5596-a3cd-5663e323f785,5,33,brentford,Mikkel Damsgaard,MID,90.0,CAM,1.0,45.0,0.6666666666666666,0.8,1.0,0.0,1.0,6.833333333333333,45.0,45.0,0.2625466305012066,0.3419880016039056,0.4442887489432185,0.4442887489432185,23.66630864355599,23.66630864355599
66.27261882641852,-66.27261882641852,4366c228-7c85-5d35-8048-663446bd1b28,11,25,leeds-united,James Justin,DEF,90.0,RWB,1.0,45.0,1.0,1.0,6.0,0.0,0.0,6.145833333333333,45.0,135.0,0.1721027427476723,0.097265517798574,0.41480224564839213,0.41480224564839213,23.72738117358148,23.72738117358148
66.1560459223963,-66.1560459223963,9d7e2609-879a-5940-b916-fce719c34570,14,32,manchester-united,Manuel Ugarte,MID,90.0,RDM,0.0,8.0,0.0,0.0,0.0,8.0,0.0,20.89583333333333,0.0,0.0,0.0123195332089905,0.0426764897264261,0.21019799692307853,0.21019799692307853,23.843954077603698,23.843954077603698
66.13806075928741,66.13806075928741,9d7e2609-879a-5940-b916-fce719c34570,11,32,leeds-united,Joe Rodon,DEF,0.0,RCB,1.0,90.0,1.0,1.0,8.0,0.0,0.0,5.083333333333333,52.0,52.0,0.3901705881632171,0.4486613182358161,0.7333045051558964,0.7333045051558964,66.13806075928741,66.13806075928741
66.11977019201227,66.11977019201227,09eed520-5d17-51e8-8b91-f6b3a3579507,5,31,brentford,Kristoffer Ajer,DEF,0.0,RCB,0.0,18.0,0.3333333333333333,0.6,0.0,2.0,0.0,3.9375,18.0,115.0,0.4188973458203828,0.4511402405144344,0.6627256175453704,0.6627256175453704,66.11977019201227,66.11977019201227
65.90675243387082,-65.90675243387082,0a9d6243-8e34-53a1-aac3-295adbb204df,6,29,brighton-hove-albion,Carlos Baleba,MID,77.0,RDM,0.0,4.0,0.3333333333333333,0.6,0.0,2.0,0.0,2.1666666666666665,4.0,5.0,0.1238241547304232,0.1913523885601692,0.20748829725177545,0.20748829725177545,11.093247566129175,11.093247566129175
65.71898789654935,65.71898789654935,98cff3cf-1de8-5696-a0e6-f4967eacc3c6,2,34,aston-villa,Tyrone Mings,DEF,0.0,LCB,1.0,90.0,0.3333333333333333,0.6,1.0,0.0,1.0,5.1875,90.0,90.0,0.3699787508071704,0.3123553256674916,0.722062339231545,0.722062339231545,65.71898789654935,65.71898789654935
65.68887999796023,65.68887999796023,17a9d946-6355-53b8-baf6-c49011bd1d69,8,30,crystal-palace,Chadi Riad Dnanou,DEF,0.0,LCB,1.0,90.0,0.6666666666666666,0.4,1.0,0.0,1.0,8.729166666666666,0.0,122.0,0.2484898838845534,0.1393818275483158,0.6606510144281567,0.6606510144281567,65.68887999796023,65.68887999796023
65.4388364945435,65.4388364945435,31de2a73-94e2-5e1f-829e-f19990739961,2,28,aston-villa,Tyrone Mings,DEF,0.0,LCB,1.0,90.0,1.0,0.6,3.0,0.0,0.0,6.145833333333333,90.0,90.0,0.3592509089422762,0.2329794944084034,0.701760103550202,0.701760103550202,65.4388364945435,65.4388364945435
65.40446624771823,-65.40446624771823,1c02d8a1-3fe4-50a6-a833-13460c80973f,18,34,tottenham-hotspur,Rodrigo Bentancur,MID,90.0,RDM,1.0,66.0,0.3333333333333333,0.2,1.0,0.0,1.0,6.041666666666667,66.0,66.0,0.0816588827262058,0.0911241432382506,0.3658784089049086,0.3658784089049086,24.595533752281767,24.595533752281767
65.39172803056938,65.39172803056938,ecd48097-3a63-58b6-a353-65332e720c42,17,32,sunderland,Trai Hume,DEF,8.0,LB,1.0,90.0,1.0,1.0,8.0,0.0,0.0,19.229166666666668,0.0,0.0,0.4413842695390613,0.236334075294784,0.7651262569378892,0.7651262569378892,73.39172803056938,73.39172803056938
65.29655984959065,-65.29655984959065,ee2e6f43-96fc-5070-b018-615238c06305,2,32,aston-villa,Marco Bizot,GK,90.0,GK,0.0,0.0,0.0,0.0,0.0,8.0,0.0,28.0,0.0,0.0,0.03042749061904,0.0769110876292264,0.2609681061335308,0.2609681061335308,24.70344015040935,24.70344015040935
65.25463182196019,-65.25463182196019,6a84969a-7d59-589c-94a0-d71eb1a266ff,20,26,wolverhampton-wanderers,Jean-Ricner Bellegarde,MID,83.0,LW,0.0,11.0,0.0,0.0,0.0,8.0,0.0,3.125,11.0,30.0,0.0094528445905906,0.0529773891417878,0.22680079919401858,0.22680079919401858,17.74536817803981,17.74536817803981
65.23456091789467,65.23456091789467,70cc935f-f357-52d9-b752-3a2a21e28e41,14,30,manchester-united,Noussair Mazraoui,DEF,0.0,RB,1.0,84.0,0.3333333333333333,0.2,1.0,0.0,1.0,9.71875,0.0,150.0,0.1082625468870316,0.0549769435127998,0.654734453567047,0.654734453567047,65.23456091789467,65.23456091789467
65.2159642547237,65.2159642547237,31ef1d95-b095-52ae-918e-26ed91e99a77,2,29,aston-villa,Pau Torres,DEF,0.0,LCB,1.0,90.0,0.3333333333333333,0.4,1.0,0.0,1.0,3.9166666666666665,90.0,90.0,0.3075051057959084,0.4087771685658899,0.7200727325163989,0.7200727325163989,65.2159642547237,65.2159642547237
65.177095130482,-65.177095130482,e07812fd-53bd-5cff-a85b-94bea63806fe,5,30,brentford,Keane Lewis-Potter,DEF,90.0,LAM,0.0,3.0,0.3333333333333333,0.6,0.0,2.0,0.0,4.75,120.0,141.0,0.1128683049126828,0.1050116448756746,0.34276190872394385,0.34276190872394385,24.822904869518005,24.822904869518005
65.17557810353858,65.17557810353858,3670426a-a771-510e-9762-2f3db0f13f12,2,27,aston-villa,Lamare Bogarde,DEF,3.0,RB,1.0,90.0,0.6666666666666666,0.6,1.0,0.0,1.0,6.822916666666667,90.0,184.0,0.1436758566194131,0.0937812609701223,0.7368018539241793,0.7368018539241793,68.17557810353858,68.17557810353858
65.17099836487068,65.17099836487068,457d30c3-d5ec-5fbc-9e3e-b071192ded0c,9,30,everton,Jarrad Branthwaite,DEF,0.0,LCB,1.0,82.0,1.0,0.8,4.0,0.0,0.0,10.75,0.0,172.0,0.3018719429233814,0.1506845737549205,0.764463651254332,0.764463651254332,65.17099836487068,65.17099836487068
65.12198258922976,65.12198258922976,53a5b9eb-ba57-5a74-9126-31f1c9776a9b,5,38,brentford,Kristoffer Ajer,DEF,0.0,RCB,1.0,81.0,0.6666666666666666,0.4,2.0,0.0,0.0,6.979166666666667,81.0,81.0,0.3361185972418922,0.3781742833539693,0.771512465753864,0.771512465753864,65.12198258922976,65.12198258922976
65.01634192690803,-65.01634192690803,7769decc-98b9-5b54-a4a3-fc4aa47199e9,10,35,fulham,Antonee Robinson,DEF,90.0,LB,0.0,9.0,0.3333333333333333,0.6,0.0,2.0,0.0,6.25,9.0,18.0,0.2745550961496718,0.3264178929796288,0.26884596518504195,0.26884596518504195,24.983658073091974,24.983658073091974
64.98411075277836,-64.98411075277836,35e69758-b8a6-5f8b-9c26-dc2813d81978,8,34,crystal-palace,Adam Wharton,MID,90.0,RCM,0.0,0.0,0.0,0.4,0.0,3.0,1.0,12.1875,0.0,26.0,0.2997882728214517,0.5671710549631597,0.22353450760931762,0.22353450760931762,25.015889247221637,25.015889247221637
64.88816652681038,-64.88816652681038,ebb30294-ec65-5a92-a141-2fa11e9b549c,13,30,manchester-city,Abdukodir Khusanov,DEF,90.0,RCB,0.0,13.0,0.0,0.2,0.0,4.0,1.0,6.729166666666667,90.0,103.0,0.1563349456996964,0.1823737838182526,0.3092180846442789,0.3092180846442789,25.11183347318962,25.11183347318962
64.8409862693133,-64.8409862693133,d9ace39d-a5ca-5496-84cb-231df913a305,2,25,aston-villa,Amadou Onana,MID,90.0,LDM,0.0,0.0,0.3333333333333333,0.2,0.0,1.0,1.0,7.9375,0.0,154.0,0.1245363103560405,0.2056500707310412,0.2436072203275436,0.2436072203275436,25.159013730686688,25.159013730686688
64.67643211535669,-64.67643211535669,4fe9f44c-bfba-5934-849a-d84876aa86e8,15,32,newcastle-united,Sandro Tonali,MID,90.0,CM,0.0,0.0,0.3333333333333333,0.6,0.0,2.0,0.0,28.0,0.0,0.0,0.3079007453261265,0.481378294946217,0.2615948454426292,0.2615948454426292,25.32356788464331,25.32356788464331
64.42866776840347,64.42866776840347,31402e57-7c34-5b2c-8688-d29a2831522e,16,37,nottingham-forest,Ryan Yates,MID,0.0,RCM,0.0,45.0,0.3333333333333333,0.2,0.0,1.0,1.0,5.1875,45.0,135.0,0.0731128010161193,0.0402536972402883,0.588272166149272,0.588272166149272,64.42866776840347,64.42866776840347
64.33998327523518,64.33998327523518,ba89faf8-3800-548a-951b-e5d7ed60ed05,7,37,chelsea,Levi Colwill,DEF,0.0,LCB,1.0,90.0,0.3333333333333333,0.2,1.0,0.0,1.0,6.25,90.0,135.0,0.1041264984496909,0.0401007260013938,0.652860756133471,0.652860756133471,64.33998327523518,64.33998327523518
64.27739419975956,-64.27739419975956,f2500cd6-3213-514b-bc50-11600f2a02df,18,24,tottenham-hotspur,Archie Gray,MID,90.0,LDM,0.0,12.0,0.3333333333333333,0.6,0.0,1.0,1.0,2.7291666666666665,102.0,237.0,0.2405371992742654,0.2250176115968962,0.3855794906736077,0.3855794906736077,25.722605800240444,25.722605800240444
64.21619714861329,64.21619714861329,039b583c-5bdc-51f2-8934-ef0b7746978e,9,31,everton,Tim Iroegbunam,MID,1.0,RDM,1.0,85.0,0.3333333333333333,0.4,1.0,0.0,1.0,6.041666666666667,85.0,85.0,0.1481108410528105,0.1858926263156108,0.7517012374389156,0.7517012374389156,65.21619714861329,65.21619714861329
64.21504256876331,64.21504256876331,99445e05-228b-5b5b-b1fd-ade1bcefe99a,18,33,tottenham-hotspur,Pape Matar Sarr,MID,0.0,LCM,0.0,29.0,0.6666666666666666,0.6,0.0,1.0,1.0,5.875,29.0,29.0,0.3737639143845718,0.243717474284187,0.6250803731918365,0.6250803731918365,64.21504256876331,64.21504256876331
64.17015942971435,64.17015942971435,b05d8bbc-90bb-57d4-a3ff-25dce53593e4,1,37,arsenal,Martín Zubimendi Ibáñez,MID,1.0,CM,0.0,39.0,0.3333333333333333,0.6,0.0,2.0,0.0,5.083333333333333,39.0,65.0,0.2340449119225143,0.3901588786045745,0.6902345404371882,0.6902345404371882,65.17015942971435,65.17015942971435
64.15607530709454,-64.15607530709454,7771779b-354a-5626-9f0f-129de4d443ba,11,24,leeds-united,Gabriel Gudmundsson,DEF,90.0,LWB,0.0,0.0,0.6666666666666666,0.8,0.0,1.0,1.0,13.9375,0.0,90.0,0.3525512598175057,0.350102520510673,0.2708887919754469,0.2708887919754469,25.84392469290546,25.84392469290546
64.09737452634158,-64.09737452634158,de92aec0-17cd-521d-ae3d-f425ab7e09dd,1,34,arsenal,Noni Madueke,MID,80.0,RW,1.0,45.0,1.0,0.6,3.0,0.0,0.0,5.083333333333333,45.0,98.0,0.1746443061171728,0.1652605729546089,0.30618643454790834,0.30618643454790834,15.902625473658416,15.902625473658416
64.04525278201122,-64.04525278201122,4e3797d6-a1bb-50e5-9754-8c9a138c6c48,20,29,wolverhampton-wanderers,Ladislav Krejcí,DEF,90.0,LCB,0.0,0.0,0.6666666666666666,0.6,0.0,1.0,1.0,9.166666666666666,0.0,150.0,0.4124320529167385,0.4075706182835231,0.3355498783864581,0.3355498783864581,25.954747217988785,25.954747217988785
64.01288611547918,-64.01288611547918,1e0e866b-bb70-545e-b6dc-8a8424b208c6,4,23,afc-bournemouth,Adam Smith,DEF,90.0,RB,0.0,19.0,0.0,0.2,0.0,4.0,1.0,4.625,19.0,139.0,0.1057487529782592,0.2396710270351682,0.4632702811476555,0.4632702811476555,25.987113884520824,25.987113884520824
63.93936053420823,-63.93936053420823,57b20b8b-c663-5991-a397-771f728fd27c,1,33,arsenal,Kai Havertz,FWD,90.0,CAM,1.0,53.0,0.6666666666666666,0.4,2.0,0.0,0.0,6.9375,53.0,132.0,0.12095132993632,0.0654321484545738,0.2871407072418746,0.2871407072418746,26.060639465791773,26.060639465791773
63.88970342623987,-63.88970342623987,47e684ca-483b-5eca-8ec1-c94a86f9452a,5,28,brentford,Mikkel Damsgaard,MID,90.0,CAM,0.0,23.0,0.0,0.2,0.0,4.0,0.0,6.145833333333333,23.0,23.0,0.112725801104827,0.3014745109949923,0.3595104990642148,0.3595104990642148,26.11029657376013,26.11029657376013
63.86244129838094,-63.86244129838094,ecd48097-3a63-58b6-a353-65332e720c42,18,32,tottenham-hotspur,Micky van de Ven,DEF,90.0,LCB,1.0,45.0,0.6666666666666666,0.8,1.0,0.0,1.0,19.135416666666668,0.0,0.0,0.3819603904699036,0.6731378739263378,0.5778626612309871,0.5778626612309871,26.137558701619053,26.137558701619053
63.83083126169691,63.83083126169691,0d6a442b-e1f2-53f3-a9a8-0b75c19465d8,1,38,arsenal,Martin Ødegaard,MID,0.0,RCM,1.0,90.0,0.3333333333333333,0.6,1.0,0.0,1.0,5.770833333333333,90.0,113.0,0.2581504784331491,0.3270490867238873,0.6692951385034587,0.6692951385034587,63.83083126169691,63.83083126169691
63.7812644807062,-63.7812644807062,17a9d946-6355-53b8-baf6-c49011bd1d69,8,30,crystal-palace,Maxence Lacroix,DEF,90.0,CB,0.0,0.0,0.3333333333333333,0.6,0.0,1.0,1.0,12.979166666666666,0.0,55.0,0.4969574715347267,0.7809248366843083,0.47044199296640554,0.47044199296640554,26.218735519293805,26.218735519293805
63.77619702523473,-63.77619702523473,1ce47acb-bab6-57a0-b8fc-b4936d9f71f7,19,31,west-ham-united,Pablo Felipe Pereira de Jesus,FWD,90.0,CAM,1.0,63.0,0.3333333333333333,0.2,1.0,0.0,1.0,5.9375,63.0,123.0,0.0894865524547001,0.0833792989956717,0.37700847571814694,0.37700847571814694,26.22380297476527,26.22380297476527
63.391724314427904,-63.391724314427904,c843cd2e-5dfa-5148-ae4c-944a685f95dc,18,26,tottenham-hotspur,Djed Spence,DEF,90.0,LB,0.0,0.0,0.3333333333333333,0.4,0.0,2.0,0.0,12.916666666666666,0.0,90.0,0.1583012830163351,0.3431833161780216,0.23707356429336818,0.23707356429336818,26.608275685572096,26.608275685572096
63.380109252003706,-63.380109252003706,95efeb72-d689-58fb-a022-ffad47516d80,16,35,nottingham-forest,Ryan Yates,MID,90.0,RCM,0.0,23.0,0.0,0.0,0.0,8.0,0.0,6.9375,23.0,37.0,0.0007890044425228,0.0022139530510422,0.21746885545015734,0.21746885545015734,26.619890747996298,26.619890747996298
63.33668937914402,-63.33668937914402,622cfd32-fefc-538b-92e0-7c761e8052b4,15,30,newcastle-united,Sven Botman,DEF,90.0,LCB,0.0,1.0,0.0,0.4,0.0,3.0,1.0,6.729166666666667,90.0,91.0,0.1725341233897886,0.2557565055784558,0.270098487444647,0.270098487444647,26.663310620855977,26.663310620855977
63.262890093071626,-63.262890093071626,e1b64232-1ee4-522c-b106-e651d9eba4ea,2,38,aston-villa,Ian Maatsen,DEF,90.0,LB,0.0,5.0,0.6666666666666666,0.6,0.0,1.0,1.0,8.770833333333334,0.0,5.0,0.3339524801175483,0.4288385753181312,0.2934292148965987,0.2934292148965987,26.737109906928374,26.737109906928374
63.19429633054936,-63.19429633054936,ecd48097-3a63-58b6-a353-65332e720c42,18,32,tottenham-hotspur,Randal Kolo Muani,FWD,90.0,ST,0.0,23.0,0.3333333333333333,0.6,0.0,2.0,0.0,19.135416666666668,0.0,0.0,0.1306185446567226,0.2093942982735797,0.3628233714079606,0.3628233714079606,26.805703669450637,26.805703669450637
63.12107989286587,63.12107989286587,dc1d8946-e5da-5a50-b228-61e8601bc305,13,23,manchester-city,Nathan Aké,DEF,0.0,LB,1.0,90.0,0.6666666666666666,0.6,2.0,0.0,0.0,6.9375,90.0,223.0,0.2149918448078415,0.1101707289829325,0.6929287550754887,0.6929287550754887,63.12107989286587,63.12107989286587
63.109305769651584,-63.109305769651584,8a75a887-d709-591e-8651-c5160a6f23f9,5,29,brentford,Nathan Collins,DEF,90.0,LCB,0.0,0.0,0.0,0.0,0.0,5.0,1.0,10.125,0.0,45.0,0.1304058005339206,0.2582217076159427,0.2339110700527735,0.2339110700527735,26.89069423034842,26.89069423034842
63.06854879924445,-63.06854879924445,8a8173fc-ec21-5f23-879c-3fb3c88918a2,7,27,chelsea,Reece James,DEF,88.0,RB,0.0,0.0,0.0,0.4,0.0,3.0,0.0,7.739583333333333,0.0,60.0,0.1315938292014253,0.2470640536780101,0.27243833573414156,0.27243833573414156,24.931451200755554,24.931451200755554
62.88147955992957,-62.88147955992957,4573eab6-7249-598b-9af6-d00c7d62f223,6,36,brighton-hove-albion,Maxim De Cuyper,DEF,87.0,LB,0.0,9.0,0.0,0.0,0.0,8.0,0.0,6.833333333333333,9.0,9.0,0.0146712099581058,0.099361507670257,0.2551379288323514,0.2551379288323514,24.118520440070423,24.118520440070423
62.80050011266578,-62.80050011266578,092fe1c5-46c7-5bc7-a34b-822cf838d6ab,8,36,crystal-palace,Daniel Muñoz,DEF,81.0,RWB,1.0,45.0,1.0,0.8,4.0,0.0,0.0,5.875,45.0,135.0,0.640862776655204,0.6541104768386485,0.35915562167842036,0.35915562167842036,18.19949988733422,18.19949988733422
62.77618042248588,62.77618042248588,03ba7107-f9dd-5a5e-8bcd-9aa4919ff36d,2,22,aston-villa,Marco Bizot,GK,0.0,GK,0.0,45.0,0.0,0.0,0.0,5.0,1.0,6.71875,90.0,135.0,0.127533605755886,0.1682343506899209,0.6573167560436052,0.6573167560436052,62.77618042248588,62.77618042248588
62.60845321895894,-62.60845321895894,4969d7af-c9d1-5c54-8620-d87f0b49cff8,7,36,chelsea,Levi Colwill,DEF,90.0,UNKNOWN,0.0,45.0,0.0,0.0,0.0,8.0,1.0,4.833333333333333,45.0,45.0,0.0,0.0,0.22496501115243261,0.22496501115243261,27.391546781041054,27.391546781041054
62.60843268077855,62.60843268077855,085aaeeb-84d3-58e5-8616-6a821bcd07d0,15,25,newcastle-united,Anthony Gordon,MID,0.0,LW,1.0,90.0,1.0,1.0,8.0,0.0,0.0,1.9375,134.0,219.0,0.4648450951245648,0.5110076020532052,0.6870915899989481,0.6870915899989481,62.60843268077855,62.60843268077855
62.572629462804755,-62.572629462804755,9fb7fb28-1745-597c-aab4-27fb0e6c5383,11,28,leeds-united,Gabriel Gudmundsson,DEF,90.0,LWB,1.0,45.0,1.0,0.8,4.0,0.0,0.0,6.145833333333333,45.0,165.0,0.5960332911844973,0.4455358172930223,0.5267611798992622,0.5267611798992622,27.42737053719524,27.42737053719524
62.480254724509734,62.480254724509734,1e0e866b-bb70-545e-b6dc-8a8424b208c6,4,23,afc-bournemouth,Marcus Tavernier,MID,0.0,CAM,1.0,70.0,1.0,1.0,8.0,0.0,0.0,4.625,70.0,119.0,0.2132468142929821,0.178768856324655,0.7851707179103635,0.7851707179103635,62.480254724509734,62.480254724509734
62.47900759868175,-62.47900759868175,dcb932a5-b690-59b8-8026-5a592284f9a8,7,38,chelsea,João Pedro Junqueira de Jesus,FWD,90.0,ST,0.0,0.0,0.6666666666666666,0.4,0.0,1.0,1.0,7.979166666666667,0.0,86.0,0.424403619423029,0.5454798463688609,0.2781733776211075,0.2781733776211075,27.52099240131825,27.52099240131825
62.29405589843753,62.29405589843753,318ad40d-b456-558d-bca7-c9fa1aed3f94,13,29,manchester-city,Nico O'Reilly,DEF,0.0,LB,1.0,69.0,1.0,1.0,6.0,0.0,0.0,3.020833333333333,69.0,159.0,0.4396387459688283,0.3928715046245877,0.7857831448024475,0.7857831448024475,62.29405589843753,62.29405589843753
62.28597640383401,62.28597640383401,0d6a442b-e1f2-53f3-a9a8-0b75c19465d8,8,38,crystal-palace,Brennan Johnson,MID,0.0,LAM,0.0,45.0,0.6666666666666666,0.8,0.0,1.0,1.0,6.979166666666667,45.0,119.0,0.1849190991439166,0.1453585634442862,0.7025632466227851,0.7025632466227851,62.28597640383401,62.28597640383401
62.23920752671879,-62.23920752671879,58063874-83a0-58d3-88f4-272c896d19f4,11,37,leeds-united,Sebastiaan Bornauw,DEF,90.0,RCB,0.0,34.0,0.0,0.0,0.0,8.0,1.0,3.9375,34.0,34.0,0.008475032948427,0.042754780525326,0.39497003752984183,0.39497003752984183,27.760792473281207,27.760792473281207
62.209512363416,62.209512363416,7eb9f651-a02f-59cf-843e-8b905b79f98c,15,38,newcastle-united,Kieran Trippier,DEF,0.0,RB,1.0,84.0,0.3333333333333333,0.2,1.0,0.0,1.0,6.875,84.0,84.0,0.2440610187764928,0.372205435274801,0.7219469620457147,0.7219469620457147,62.209512363416,62.209512363416
62.157524167764194,-62.157524167764194,99445e05-228b-5b5b-b1fd-ade1bcefe99a,18,33,tottenham-hotspur,Xavi Simons,MID,90.0,CAM,0.0,5.0,0.0,0.2,0.0,4.0,0.0,5.875,5.0,5.0,0.0727625313523024,0.1199096899691242,0.305246160046948,0.305246160046948,27.842475832235806,27.842475832235806
62.15003679436213,62.15003679436213,7729aaf4-dd5e-5f38-a0a4-430fccf34c7c,6,30,brighton-hove-albion,Olivier Boscagli,DEF,0.0,LCB,1.0,90.0,0.3333333333333333,0.4,1.0,0.0,1.0,9.75,0.0,90.0,0.1828470010297058,0.1290417972756272,0.6634605070447915,0.6634605070447915,62.15003679436213,62.15003679436213
62.131261763499104,-62.131261763499104,dfe891e4-ce71-5e78-94ea-cee9d70885e6,2,36,aston-villa,John McGinn,MID,84.0,RAM,0.0,0.0,0.6666666666666666,0.8,0.0,1.0,1.0,13.9375,0.0,73.0,0.2448048747365341,0.2330258678146342,0.2800496216872728,0.2800496216872728,21.868738236500896,21.868738236500896
62.11573566564156,-62.11573566564156,52ecb34c-b2fd-592c-b014-dc770fdef03b,10,29,fulham,Samuel Chukwueze,MID,90.0,LAM,0.0,18.0,0.3333333333333333,0.6,0.0,2.0,1.0,2.1666666666666665,18.0,18.0,0.1945568456185857,0.2140708350468003,0.3579638688234767,0.3579638688234767,27.88426433435844,27.88426433435844
61.99908044902162,61.99908044902162,54675f42-95ba-5491-a3fd-06557d576830,12,31,liverpool,Mohamed Salah,MID,0.0,RAM,0.0,26.0,0.6666666666666666,0.8,0.0,1.0,1.0,5.083333333333333,26.0,95.0,0.4092393052632724,0.4078275400221582,0.6173834578344265,0.6173834578344265,61.99908044902162,61.99908044902162
61.80713108051286,-61.80713108051286,092fe1c5-46c7-5bc7-a34b-822cf838d6ab,13,36,manchester-city,Omar Marmoush,MID,78.0,ST,0.0,3.0,0.0,0.2,0.0,4.0,1.0,4.625,3.0,74.0,0.1014879227713054,0.1522716929941169,0.2238080490149741,0.2238080490149741,16.192868919487143,16.192868919487143
61.769021028682765,-61.769021028682765,9f01409f-ff79-57df-908c-ea5de472f8ba,9,34,everton,Michael Keane,DEF,90.0,LCB,0.0,3.0,0.3333333333333333,0.4,0.0,2.0,1.0,5.1875,3.0,3.0,0.2630806378980426,0.5124044599833727,0.25750463517695615,0.25750463517695615,28.230978971317235,28.230978971317235
61.767730990569895,61.767730990569895,01b894d5-057a-530b-917f-9397231a3249,6,22,brighton-hove-albion,Maxim De Cuyper,DEF,0.0,LB,1.0,90.0,0.6666666666666666,0.8,1.0,0.0,1.0,9.645833333333334,0.0,110.0,0.2023291675486129,0.21511777738571,0.6457174456521219,0.6457174456521219,61.767730990569895,61.767730990569895
61.68070050282856,-61.68070050282856,006f69f1-9b0e-551d-bed7-448d3b640101,13,22,manchester-city,Rico Lewis,DEF,90.0,RB,0.0,17.0,0.0,0.0,0.0,8.0,1.0,3.625,118.0,135.0,0.0016312270199914,0.0180997962232744,0.2817786513991593,0.2817786513991593,28.31929949717144,28.31929949717144
61.67352176217137,-61.67352176217137,cd31646e-3d5b-5b6b-97a2-0f706664986c,3,35,burnley,Loum Tchaouna,MID,90.0,RW,1.0,71.0,0.3333333333333333,0.2,1.0,0.0,1.0,8.9375,0.0,78.0,0.0712837117371685,0.0759480121400155,0.3460795367919566,0.3460795367919566,28.32647823782863,28.32647823782863
61.46096336268603,61.46096336268603,95efeb72-d689-58fb-a022-ffad47516d80,7,35,chelsea,Alejandro Garnacho,MID,0.0,LAM,0.0,45.0,0.0,0.2,0.0,4.0,0.0,9.9375,0.0,119.0,0.0566384236525925,0.1782029457736763,0.5090072875491561,0.5090072875491561,61.46096336268603,61.46096336268603
61.448316848710405,-61.448316848710405,1ce6ee26-3057-5ae0-a140-416d1bd98ae2,8,35,crystal-palace,Jefferson Lerma Solís,MID,90.0,LCM,0.0,0.0,0.6666666666666666,0.6,0.0,1.0,1.0,10.9375,0.0,90.0,0.1779724277746633,0.1699377634389078,0.29922951428157785,0.29922951428157785,28.5516831512896,28.5516831512896
61.410399294476605,61.410399294476605,dfe891e4-ce71-5e78-94ea-cee9d70885e6,2,36,aston-villa,Lamare Bogarde,DEF,10.0,RDM,1.0,90.0,0.6666666666666666,0.4,2.0,0.0,0.0,5.666666666666667,90.0,163.0,0.2168538905385013,0.1275992350777037,0.7862969308419964,0.7862969308419964,71.4103992944766,71.4103992944766
61.2166108955016,-61.2166108955016,03ba7107-f9dd-5a5e-8bcd-9aa4919ff36d,2,22,aston-villa,Pau Torres,DEF,90.0,LCB,0.0,0.0,0.0,0.0,0.0,6.0,0.0,6.71875,90.0,90.0,0.1228476757737992,0.3505842165694586,0.32612683769519063,0.32612683769519063,28.783389104498397,28.783389104498397
61.19626560755051,61.19626560755051,3b0bba38-af04-5460-b39f-e5c32eaf27ff,16,36,nottingham-forest,Morgan Gibbs-White,MID,0.0,CAM,0.0,20.0,0.6666666666666666,0.8,0.0,1.0,1.0,4.833333333333333,20.0,20.0,0.2811631791061591,0.5016224103228715,0.5739948558392831,0.5739948558392831,61.19626560755051,61.19626560755051
61.10913119229599,61.10913119229599,dcb932a5-b690-59b8-8026-5a592284f9a8,7,38,chelsea,Liam Delap,FWD,5.0,ST,1.0,88.0,0.3333333333333333,0.6,1.0,0.0,1.0,4.760416666666667,88.0,95.0,0.2734476585381217,0.2657227661542554,0.6889980099591366,0.6889980099591366,66.10913119229599,66.10913119229599
60.93712225679192,60.93712225679192,6f555168-6fa4-5bdb-ad1e-d646c8e0f78a,2,24,aston-villa,Youri Tielemans,MID,0.0,LDM,1.0,73.0,1.0,1.0,8.0,0.0,0.0,5.979166666666667,73.0,252.0,0.4429343797084424,0.2964557141106195,0.7928914519762901,0.7928914519762901,60.93712225679192,60.93712225679192
60.926467894812774,-60.926467894812774,31de2a73-94e2-5e1f-829e-f19990739961,20,28,wolverhampton-wanderers,João Victor Gomes da Silva,MID,90.0,LCM,0.0,3.0,0.3333333333333333,0.6,0.0,2.0,1.0,5.1875,3.0,3.0,0.1299173357051168,0.215378866882179,0.27544121994654613,0.27544121994654613,29.07353210518723,29.07353210518723
60.896613421522716,60.896613421522716,31ef1d95-b095-52ae-918e-26ed91e99a77,7,29,chelsea,Pedro Lomba Neto,MID,0.0,RAM,1.0,69.0,0.6666666666666666,0.6,2.0,0.0,0.0,2.0625,69.0,156.0,0.2007446707655736,0.3043764692068168,0.7858718623919903,0.7858718623919903,60.896613421522716,60.896613421522716
60.8431708926867,-60.8431708926867,70cc935f-f357-52d9-b752-3a2a21e28e41,14,30,manchester-united,Amad Diallo,MID,90.0,RAM,0.0,14.0,0.3333333333333333,0.6,0.0,2.0,0.0,9.71875,0.0,29.0,0.2888922064999388,0.2507339156216119,0.3575626305092101,0.3575626305092101,29.1568291073133,29.1568291073133
60.82673326043267,-60.82673326043267,5556a528-cdc7-5a14-8fd1-7f9b7820b711,6,32,brighton-hove-albion,Yasin Ayari,MID,90.0,RDM,0.0,7.0,0.0,0.0,0.0,7.0,0.0,20.197916666666668,0.0,0.0,0.0369812101323505,0.1233353266064015,0.2617868962504934,0.2617868962504934,29.17326673956733,29.17326673956733
60.806851519497215,60.806851519497215,579fdcbf-5156-533a-8f5f-a9226e3d60d1,6,26,brighton-hove-albion,Georginio Rutter,MID,0.0,CAM,1.0,81.0,0.6666666666666666,0.6,2.0,0.0,0.0,2.1666666666666665,81.0,140.0,0.1953847312895556,0.2721987949115723,0.7290754571892276,0.7290754571892276,60.806851519497215,60.806851519497215
60.79505376287137,-60.79505376287137,6c5986e0-8dbe-5289-99bb-f5fdd49bf3bf,17,28,sunderland,Eliezer Mayenda Dossou,FWD,90.0,ST,0.0,20.0,0.0,0.2,0.0,4.0,1.0,5.1875,20.0,20.0,0.0512147312522526,0.0893858302844829,0.325336734726716,0.325336734726716,29.20494623712863,29.20494623712863
60.766204827242035,-60.766204827242035,798085e6-30c4-5023-9459-9ecd515df77f,9,26,everton,Jarrad Branthwaite,DEF,90.0,LB,0.0,5.0,0.3333333333333333,0.2,0.0,1.0,1.0,3.125,5.0,93.0,0.0809907197360478,0.0412800585974907,0.2815672784906603,0.2815672784906603,29.23379517275797,29.23379517275797
60.616998815730796,-60.616998815730796,94338b30-8c36-517f-8821-7e38666f86c7,14,27,manchester-united,Leny Yoro,DEF,90.0,RCB,0.0,22.0,0.0,0.0,0.0,6.0,1.0,10.71875,0.0,22.0,0.0506670051403628,0.2595463119716055,0.3457261907019214,0.3457261907019214,29.3830011842692,29.3830011842692
60.553151429436284,60.553151429436284,092fe1c5-46c7-5bc7-a34b-822cf838d6ab,8,36,crystal-palace,Justin Devenny,MID,0.0,LWB,1.0,90.0,0.3333333333333333,0.2,1.0,0.0,1.0,5.875,90.0,90.0,0.1105461589227528,0.0517339346254048,0.6533084231989729,0.6533084231989729,60.553151429436284,60.553151429436284
60.553151429436284,60.553151429436284,a978de95-3470-5a5c-8447-f0d0b4150448,8,36,crystal-palace,Justin Devenny,MID,0.0,LWB,1.0,90.0,0.3333333333333333,0.2,1.0,0.0,1.0,5.875,90.0,90.0,0.1105461589227528,0.0517339346254048,0.6533084231989729,0.6533084231989729,60.553151429436284,60.553151429436284
60.45855261082917,-60.45855261082917,dfe891e4-ce71-5e78-94ea-cee9d70885e6,2,36,aston-villa,Ezri Konsa Ngoyo,DEF,90.0,RCB,0.0,0.0,0.6666666666666666,0.6,0.0,1.0,1.0,13.9375,0.0,90.0,0.523158742634557,0.7844949387848953,0.32611094957628395,0.32611094957628395,29.541447389170823,29.541447389170823
60.443657970138105,-60.443657970138105,8b19f294-8fed-5a60-8498-f5c9c1b8d138,12,24,liverpool,Milos Kerkez,DEF,90.0,LB,1.0,45.0,1.0,0.8,4.0,0.0,0.0,6.833333333333333,45.0,212.0,0.6742521960233261,0.7336433807428642,0.49354159091449135,0.49354159091449135,29.55634202986189,29.55634202986189
60.41933183774015,60.41933183774015,5556a528-cdc7-5a14-8fd1-7f9b7820b711,3,32,burnley,Lyle Foster,FWD,0.0,ST,1.0,77.0,1.0,0.6,3.0,0.0,0.0,20.104166666666668,0.0,0.0,0.206489335033182,0.1458828045968501,0.7225209492159884,0.7225209492159884,60.41933183774015,60.41933183774015
60.39449883545845,-60.39449883545845,ecd48097-3a63-58b6-a353-65332e720c42,18,32,tottenham-hotspur,Destiny Udogie,DEF,90.0,LB,0.0,45.0,0.0,0.0,0.0,6.0,1.0,19.135416666666668,0.0,0.0,0.022152275066618,0.0809760885865348,0.3849618749093488,0.3849618749093488,29.605501164541554,29.605501164541554
60.35830926708869,-60.35830926708869,16495e99-1e75-5b2f-a337-1dfde9ddfe08,6,33,brighton-hove-albion,Carlos Baleba,MID,90.0,RDM,0.0,15.0,0.0,0.2,0.0,3.0,0.0,6.833333333333333,15.0,15.0,0.0614415313002568,0.1747607659666464,0.2875748044608014,0.2875748044608014,29.641690732911307,29.641690732911307
60.347022995065245,-60.347022995065245,1c02d8a1-3fe4-50a6-a833-13460c80973f,20,34,wolverhampton-wanderers,José Malheiro de Sá,GK,90.0,GK,0.0,0.0,0.6666666666666666,0.8,0.0,1.0,1.0,13.9375,0.0,90.0,0.7494357669919652,0.7239904836681592,0.3271730658794574,0.3271730658794574,29.65297700493475,29.65297700493475
60.325689773326616,-60.325689773326616,ecd48097-3a63-58b6-a353-65332e720c42,18,32,tottenham-hotspur,Conor Gallagher,MID,84.0,RCM,0.0,6.0,0.0,0.4,0.0,3.0,1.0,19.135416666666668,0.0,0.0,0.1298733676583075,0.1528340303558595,0.32244365343026354,0.32244365343026354,23.674310226673384,23.674310226673384
60.32333929036929,60.32333929036929,a978de95-3470-5a5c-8447-f0d0b4150448,8,36,crystal-palace,Jefferson Lerma Solís,MID,10.0,LCM,1.0,90.0,0.6666666666666666,0.8,1.0,0.0,1.0,5.875,90.0,90.0,0.2039601491142414,0.1650987112283039,0.7751423342230946,0.7751423342230946,70.32333929036929,70.32333929036929
60.31910947197117,-60.31910947197117,3b0bba38-af04-5460-b39f-e5c32eaf27ff,15,36,newcastle-united,Lewis Hall,DEF,90.0,LB,0.0,22.0,0.3333333333333333,0.6,0.0,2.0,1.0,6.833333333333333,22.0,22.0,0.427823078749577,0.6077665666953337,0.5029669261198764,0.5029669261198764,29.680890528028833,29.680890528028833
60.30958248108583,-60.30958248108583,6a84969a-7d59-589c-94a0-d71eb1a266ff,20,26,wolverhampton-wanderers,André Trindade da Costa Neto,MID,90.0,CM,0.0,0.0,0.6666666666666666,0.6,0.0,1.0,1.0,10.125,0.0,79.0,0.3054701139853445,0.3342084388111148,0.29712563168761214,0.29712563168761214,29.690417518914167,29.690417518914167
60.28895823400137,-60.28895823400137,31402e57-7c34-5b2c-8688-d29a2831522e,16,37,nottingham-forest,Morgan Gibbs-White,MID,90.0,CAM,0.0,0.0,0.3333333333333333,0.6,0.0,2.0,1.0,11.145833333333334,0.0,20.0,0.2105961777672538,0.4621789389354676,0.2593889084935528,0.2593889084935528,29.71104176599863,29.71104176599863
60.279227576878796,-60.279227576878796,506fe9f4-c4a7-57b8-9b66-23314b429f92,17,24,sunderland,Reinildo Mandava,DEF,90.0,LB,1.0,45.0,0.6666666666666666,0.4,2.0,0.0,0.0,7.041666666666667,0.0,135.0,0.2767347917678363,0.2800136183518888,0.5958962241423165,0.5958962241423165,29.720772423121204,29.720772423121204
60.22551494334525,-60.22551494334525,8a75a887-d709-591e-8651-c5160a6f23f9,4,29,afc-bournemouth,Tyler Adams,MID,90.0,RDM,1.0,61.0,0.6666666666666666,0.4,2.0,0.0,0.0,3.2291666666666665,61.0,126.0,0.1330450052574143,0.1723071212895498,0.4803557852032371,0.4803557852032371,29.774485056654747,29.774485056654747
60.12557938321118,-60.12557938321118,006f69f1-9b0e-551d-bed7-448d3b640101,13,22,manchester-city,Nathan Aké,DEF,90.0,LCB,1.0,72.0,0.6666666666666666,0.4,1.0,0.0,1.0,3.625,133.0,214.0,0.1155850972811389,0.0753244725299143,0.32787457914281276,0.32787457914281276,29.874420616788818,29.874420616788818
60.02755214822891,-60.02755214822891,c7bf9b15-363a-5871-9b7f-a786725d7ed3,8,25,crystal-palace,Adam Wharton,MID,90.0,RCM,0.0,0.0,0.6666666666666666,0.8,0.0,1.0,1.0,12.1875,0.0,72.0,0.5226662453167007,0.6419277075218852,0.4025677171675151,0.4025677171675151,29.972447851771093,29.972447851771093
60.02125050911,60.02125050911,9d7e2609-879a-5940-b916-fce719c34570,11,32,leeds-united,Anton Stach,MID,0.0,LCM,1.0,90.0,1.0,1.0,5.0,0.0,0.0,5.083333333333333,38.0,38.0,0.2202781003775025,0.2261950122252043,0.6570786639099174,0.6570786639099174,60.02125050911,60.02125050911
60.014112463241474,60.014112463241474,622cfd32-fefc-538b-92e0-7c761e8052b4,7,30,chelsea,Jorrel Hato,DEF,8.0,LB,1.0,90.0,0.6666666666666666,0.4,2.0,0.0,0.0,6.822916666666667,65.0,229.0,0.2847796128403249,0.1486107470672904,0.7349370966224718,0.7349370966224718,68.01411246324147,68.01411246324147
60.00935990725178,-60.00935990725178,25988556-93c6-5dfd-b380-96f4dd98805b,5,36,brentford,Kristoffer Ajer,DEF,90.0,RCB,0.0,10.0,0.0,0.0,0.0,7.0,1.0,6.833333333333333,10.0,10.0,0.0935713028907897,0.2959631791636681,0.29500435630330774,0.29500435630330774,29.990640092748226,29.990640092748226
59.941735515823666,-59.941735515823666,ee2e6f43-96fc-5070-b018-615238c06305,2,32,aston-villa,Youri Tielemans,MID,90.0,LDM,0.0,23.0,0.0,0.0,0.0,8.0,1.0,19.135416666666668,0.0,0.0,0.0430302202986206,0.1447207980186377,0.3358952190442422,0.3358952190442422,30.058264484176334,30.058264484176334
59.919999977792344,-59.919999977792344,73cbcb0c-704f-544b-98be-2945eb6c0891,9,24,everton,Harrison Armstrong,MID,79.0,CAM,1.0,45.0,1.0,0.6,3.0,0.0,0.0,4.729166666666667,45.0,135.0,0.1887843170932952,0.0933556347975964,0.29115755970723556,0.29115755970723556,19.080000022207656,19.080000022207656
59.884348364449004,59.884348364449004,bf65d025-43dc-57fa-842e-f2c6a2eb4f8c,10,30,fulham,Issa Diop,DEF,0.0,RCB,1.0,90.0,0.6666666666666666,0.4,2.0,0.0,0.0,9.75,0.0,180.0,0.3012399858193444,0.2169028206424935,0.6558118163568354,0.6558118163568354,59.884348364449004,59.884348364449004
59.75392052575832,-59.75392052575832,5766fb4a-8b72-52a7-9737-b231937d4d3c,18,30,tottenham-hotspur,Radu Dragusin,DEF,90.0,RCB,0.0,0.0,0.6666666666666666,0.6,0.0,1.0,1.0,12.979166666666666,0.0,89.0,0.1449167604501763,0.0823372685566945,0.2524515026496006,0.2524515026496006,30.24607947424168,30.24607947424168
59.753744624864524,59.753744624864524,dfe891e4-ce71-5e78-94ea-cee9d70885e6,2,36,aston-villa,Jadon Sancho,MID,0.0,RAM,1.0,84.0,0.3333333333333333,0.4,1.0,0.0,1.0,5.666666666666667,84.0,100.0,0.2512706995341162,0.2887174750189371,0.6595268929368333,0.6595268929368333,59.753744624864524,59.753744624864524
59.670041391417044,59.670041391417044,039b583c-5bdc-51f2-8934-ef0b7746978e,7,31,chelsea,Liam Delap,FWD,12.0,ST,0.0,45.0,0.0,0.0,0.0,6.0,0.0,6.041666666666667,45.0,130.0,0.0456749055617018,0.1797957939328269,0.7011631459953047,0.7011631459953047,71.67004139141704,71.67004139141704
59.510002929083,-59.510002929083,31402e57-7c34-5b2c-8688-d29a2831522e,14,37,manchester-united,Diogo Dalot Teixeira,DEF,90.0,RB,0.0,0.0,0.6666666666666666,0.6,0.0,1.0,1.0,12.125,0.0,90.0,0.489025477294448,0.4489415058026429,0.2999650134766408,0.2999650134766408,30.489997070917003,30.489997070917003
59.49530403684992,-59.49530403684992,01b894d5-057a-530b-917f-9397231a3249,6,22,brighton-hove-albion,Joël Veltman,DEF,90.0,RB,0.0,0.0,0.6666666666666666,0.4,0.0,1.0,1.0,5.770833333333333,77.0,167.0,0.1947676041279212,0.2051276054446139,0.2719233897488264,0.2719233897488264,30.504695963150077,30.504695963150077
59.48694999149308,-59.48694999149308,de92aec0-17cd-521d-ae3d-f425ab7e09dd,1,34,arsenal,Benjamin White,DEF,90.0,RB,0.0,16.0,0.3333333333333333,0.2,0.0,1.0,1.0,5.083333333333333,16.0,91.0,0.0904706768879933,0.1219648448418037,0.32443367794505046,0.32443367794505046,30.513050008506927,30.513050008506927
59.48561431235743,59.48561431235743,82942d44-0127-5fda-9351-a16d844fb795,2,35,aston-villa,John McGinn,MID,0.0,RAM,1.0,73.0,1.0,1.0,5.0,0.0,0.0,6.25,73.0,152.0,0.3224182014294178,0.2528267322690178,0.7938209665324962,0.7938209665324962,59.48561431235743,59.48561431235743
59.422670094613835,-59.422670094613835,97b2d8d5-ad23-581e-a7ba-80ed12ecc351,11,23,leeds-united,Anton Stach,MID,84.0,LCM,0.0,0.0,0.6666666666666666,0.8,0.0,1.0,1.0,12.958333333333334,0.0,1.0,0.2168851782704335,0.3326580492171582,0.27502267886806286,0.27502267886806286,24.57732990538617,24.57732990538617
59.35844309233483,59.35844309233483,9d7e2609-879a-5940-b916-fce719c34570,14,32,manchester-united,Harry Maguire,DEF,0.0,LCB,1.0,77.0,1.0,1.0,8.0,0.0,0.0,20.89583333333333,0.0,0.0,0.4569256173044749,0.244407506221238,0.7526168478472375,0.7526168478472375,59.35844309233483,59.35844309233483
59.25347214664498,-59.25347214664498,4573eab6-7249-598b-9af6-d00c7d62f223,6,36,brighton-hove-albion,Lewis Dunk,DEF,90.0,LCB,0.0,2.0,0.0,0.2,0.0,4.0,1.0,6.833333333333333,2.0,2.0,0.2000792075745387,0.52389236214053,0.3051208263977677,0.3051208263977677,30.74652785335502,30.74652785335502
59.22967242505638,-59.22967242505638,54675f42-95ba-5491-a3fd-06557d576830,12,31,liverpool,Ibrahima Konaté,DEF,76.0,RCB,0.0,0.0,0.6666666666666666,0.8,0.0,1.0,1.0,13.9375,0.0,9.0,0.5867624163698534,0.8021437460172892,0.2089042214657813,0.2089042214657813,16.77032757494362,16.77032757494362
59.15641795780494,59.15641795780494,0e68800a-19f1-5423-a940-7747c367f85b,15,27,newcastle-united,Sven Botman,DEF,0.0,LCB,1.0,90.0,0.6666666666666666,0.8,2.0,0.0,0.0,10.75,0.0,180.0,0.4144752075199314,0.3355742739515361,0.6292137399272513,0.6292137399272513,59.15641795780494,59.15641795780494
59.072881926311844,59.072881926311844,0cd96418-d40d-591e-8b10-b423d657377d,3,33,burnley,Lesley Ugochukwu,MID,0.0,RCM,1.0,66.0,0.3333333333333333,0.4,1.0,0.0,1.0,6.833333333333333,66.0,66.0,0.143053069890872,0.2710140267224004,0.6982708725862642,0.6982708725862642,59.072881926311844,59.072881926311844
59.06065362786837,-59.06065362786837,006f69f1-9b0e-551d-bed7-448d3b640101,14,22,manchester-united,Bruno Borges Fernandes,MID,90.0,LCM,1.0,60.0,0.3333333333333333,0.4,1.0,0.0,1.0,9.614583333333334,0.0,60.0,0.1692379156829763,0.4100446431002192,0.5125943448971648,0.5125943448971648,30.93934637213163,30.93934637213163
59.04891957924607,-59.04891957924607,4fe9f44c-bfba-5934-849a-d84876aa86e8,15,32,newcastle-united,Sven Botman,DEF,90.0,LCB,1.0,53.0,0.6666666666666666,0.4,2.0,0.0,0.0,19.229166666666668,0.0,0.0,0.2206486123829957,0.2615437946163733,0.48577124798158117,0.48577124798158117,30.951080420753932,30.951080420753932
59.0267841490775,-59.0267841490775,03ba7107-f9dd-5a5e-8bcd-9aa4919ff36d,2,22,aston-villa,Emiliano Martínez Romero,GK,90.0,GK,1.0,45.0,1.0,1.0,5.0,0.0,0.0,9.645833333333334,0.0,135.0,0.8724663942441142,0.8317656493100788,0.6150771738979629,0.6150771738979629,30.973215850922497,30.973215850922497
58.98547502559859,-58.98547502559859,3670426a-a771-510e-9762-2f3db0f13f12,2,27,aston-villa,Matty Cash,DEF,86.0,RB,0.0,0.0,0.6666666666666666,0.8,0.0,1.0,1.0,13.9375,0.0,90.0,0.5898257214550112,0.794790197904267,0.29867886030016183,0.29867886030016183,27.01452497440141,27.01452497440141
58.797790172192904,58.797790172192904,4969d7af-c9d1-5c54-8620-d87f0b49cff8,7,36,chelsea,Liam Delap,FWD,0.0,ST,0.0,45.0,0.6666666666666666,0.4,0.0,1.0,1.0,4.833333333333333,45.0,46.0,0.1996278589502265,0.2343607290649692,0.6511422583256916,0.6511422583256916,58.797790172192904,58.797790172192904
58.716031506891774,-58.716031506891774,ecd48097-3a63-58b6-a353-65332e720c42,17,32,sunderland,Robin Roefs,GK,90.0,GK,0.0,0.0,0.0,0.4,0.0,3.0,0.0,28.0,0.0,0.0,0.4996275302760721,0.7831712197793695,0.3466021335430677,0.3466021335430677,31.283968493108226,31.283968493108226
58.58619411562574,58.58619411562574,02c1a42f-1cb3-5453-a3e8-cca6c129d901,2,33,aston-villa,Victor Lindelöf,DEF,0.0,LCB,1.0,90.0,0.3333333333333333,0.2,1.0,0.0,1.0,5.875,90.0,90.0,0.1092469916158634,0.1199561482487377,0.6395985428427107,0.6395985428427107,58.58619411562574,58.58619411562574
58.58317445476085,58.58317445476085,bf65d025-43dc-57fa-842e-f2c6a2eb4f8c,10,30,fulham,Emile Smith Rowe,MID,0.0,CAM,0.0,29.0,0.6666666666666666,0.8,0.0,1.0,1.0,6.0625,89.0,189.0,0.4380851701711376,0.4357857411038545,0.6896368969551524,0.6896368969551524,58.58317445476085,58.58317445476085
58.57026442062205,58.57026442062205,3670426a-a771-510e-9762-2f3db0f13f12,11,27,leeds-united,Noah Okafor,MID,0.0,ST,0.0,35.0,0.3333333333333333,0.4,0.0,1.0,1.0,6.0625,82.0,117.0,0.1295079908614981,0.1869333905320385,0.5775769840165046,0.5775769840165046,58.57026442062205,58.57026442062205
58.53156274711809,58.53156274711809,31402e57-7c34-5b2c-8688-d29a2831522e,16,37,nottingham-forest,Jair Paula da Cunha Filho,DEF,6.0,RCB,1.0,90.0,1.0,0.6,3.0,0.0,0.0,5.1875,90.0,135.0,0.1302075635496448,0.0731756772552574,0.7085681459196844,0.7085681459196844,64.53156274711809,64.53156274711809
58.35430774029555,58.35430774029555,9bd2ffae-fc89-5d81-90f1-964fb8e98ceb,11,38,leeds-united,Anton Stach,MID,0.0,RCM,1.0,73.0,1.0,0.6,3.0,0.0,0.0,6.979166666666667,73.0,163.0,0.3103179788107572,0.2105094080186426,0.7789788579035338,0.7789788579035338,58.35430774029555,58.35430774029555
58.285275939476826,-58.285275939476826,a978de95-3470-5a5c-8447-f0d0b4150448,8,36,crystal-palace,Daichi Kamada,MID,90.0,LCM,1.0,45.0,0.6666666666666666,0.4,2.0,0.0,0.0,5.875,45.0,135.0,0.1979863847567456,0.2133649469965778,0.4281097068315973,0.4281097068315973,31.714724060523174,31.714724060523174
58.25759655269289,-58.25759655269289,47e684ca-483b-5eca-8ec1-c94a86f9452a,5,28,brentford,Michael Kayode,DEF,90.0,RB,0.0,0.0,0.6666666666666666,0.8,0.0,1.0,1.0,10.958333333333334,0.0,90.0,0.6028811100169095,0.7014548937820109,0.3509759190642872,0.3509759190642872,31.74240344730711,31.74240344730711
58.24352312473277,-58.24352312473277,82942d44-0127-5fda-9351-a16d844fb795,2,35,aston-villa,Jadon Sancho,MID,84.0,RAM,0.0,16.0,0.0,0.2,0.0,3.0,0.0,6.25,16.0,26.0,0.1296277712391496,0.2393849791759748,0.27023554549337186,0.27023554549337186,25.756476875267232,25.756476875267232
58.22063847873105,-58.22063847873105,039b583c-5bdc-51f2-8934-ef0b7746978e,9,31,everton,James Tarkowski,DEF,90.0,RCB,0.0,0.0,0.6666666666666666,0.8,0.0,1.0,1.0,16.958333333333332,0.0,0.0,0.6284762140275316,0.8504037833187149,0.35138798983366615,0.35138798983366615,31.779361521268953,31.779361521268953
58.197582344093085,-58.197582344093085,16495e99-1e75-5b2f-a337-1dfde9ddfe08,6,33,brighton-hove-albion,Kaoru Mitoma,MID,81.0,LAM,0.0,10.0,0.0,0.4,0.0,3.0,0.0,6.833333333333333,10.0,10.0,0.1554742933272198,0.2373953743431741,0.3047030558957722,0.3047030558957722,22.802417655906915,22.802417655906915
58.17936836828464,58.17936836828464,bf65d025-43dc-57fa-842e-f2c6a2eb4f8c,16,30,nottingham-forest,Jair Paula da Cunha Filho,DEF,0.0,RCB,1.0,90.0,0.3333333333333333,0.2,1.0,0.0,1.0,9.75,0.0,124.0,0.1155203547187675,0.0573540705781165,0.5867670136419663,0.5867670136419663,58.17936836828464,58.17936836828464
58.059943375459326,-58.059943375459326,085aaeeb-84d3-58e5-8616-6a821bcd07d0,15,25,newcastle-united,Sven Botman,DEF,90.0,LCB,0.0,0.0,0.6666666666666666,0.4,0.0,1.0,1.0,1.9375,90.0,270.0,0.2046763366991884,0.2343895175182322,0.26012142296580903,0.26012142296580903,31.940056624540674,31.940056624540674
57.88859393190539,-57.88859393190539,53a5b9eb-ba57-5a74-9126-31f1c9776a9b,5,38,brentford,Vitaly Janelt,MID,90.0,LDM,1.0,62.0,0.3333333333333333,0.2,1.0,0.0,1.0,6.979166666666667,62.0,62.0,0.1512463312474485,0.2468106143998341,0.4144867571149431,0.4144867571149431,32.11140606809461,32.11140606809461
57.88047676503607,57.88047676503607,4fe9f44c-bfba-5934-849a-d84876aa86e8,15,32,newcastle-united,Jacob Ramsey,MID,6.0,RCM,1.0,90.0,1.0,1.0,6.0,0.0,0.0,19.229166666666668,0.0,0.0,0.2580397612459832,0.1565641780947176,0.694705722217494,0.694705722217494,63.88047676503607,63.88047676503607
57.85533850342424,57.85533850342424,e20ba8da-5c02-58df-ad17-3223c3c83acf,7,28,chelsea,Wesley Fofana,DEF,0.0,RCB,1.0,71.0,0.6666666666666666,0.4,1.0,0.0,1.0,6.145833333333333,71.0,148.0,0.2850651972899687,0.3272154684852184,0.776032966227874,0.776032966227874,57.85533850342424,57.85533850342424
57.7830251678272,57.7830251678272,37e41f76-f980-5cb3-9fc3-a71eeebed4f1,8,28,crystal-palace,Yéremy Pino Santos,MID,5.0,LAM,1.0,76.0,0.6666666666666666,0.6,1.0,0.0,1.0,5.1875,76.0,76.0,0.3967660406715433,0.5224890732573578,0.762142373811939,0.762142373811939,62.7830251678272,62.7830251678272
57.750119354532025,57.750119354532025,13a06bbe-773c-5050-a81a-5cecf3bc57eb,9,25,everton,Jarrad Branthwaite,DEF,5.0,LB,1.0,88.0,0.3333333333333333,0.2,1.0,0.0,1.0,6.145833333333333,88.0,133.0,0.1114637381359987,0.0460861084990105,0.6553987098299874,0.6553987098299874,62.750119354532025,62.750119354532025
57.74191973304549,-57.74191973304549,6df41fb2-db8a-58dc-bcef-43cc5f79f6d1,13,25,manchester-city,Rayan Aït-Nouri,DEF,90.0,LB,1.0,69.0,0.3333333333333333,0.2,1.0,0.0,1.0,1.9375,159.0,249.0,0.0998506449625159,0.0812116174645428,0.4154129965676359,0.4154129965676359,32.25808026695451,32.25808026695451
57.682938266887575,57.682938266887575,89e2194a-5d18-5d77-8037-92733cd9c97f,7,22,chelsea,Malo Gusto,DEF,0.0,RB,1.0,75.0,1.0,0.8,3.0,0.0,0.0,9.645833333333334,0.0,165.0,0.3049049121771526,0.296122974056372,0.6856926940219855,0.6856926940219855,57.682938266887575,57.682938266887575
