mode,l2,n_features,cv_deviance,baseline_role_deviance,delta
soft,200.0,24,0.5690685280585741,0.5877065973306977,-0.018638069272123636
hard,200.0,24,0.5696640355589707,0.5877065973306977,-0.018042561771727028
soft,50.0,24,0.5698414209990778,0.5877065973306977,-0.017865176331619992
soft,10.0,24,0.5701893173386129,0.5877065973306977,-0.017517279992084855
hard,50.0,24,0.5703930214800947,0.5877065973306977,-0.017313575850603002
hard,10.0,24,0.5707527173846635,0.5877065973306977,-0.016953879946034256
shared,200.0,3,0.577121255158335,0.5877065973306977,-0.010585342172362733
shared,50.0,3,0.5771276475780468,0.5877065973306977,-0.010578949752650946
shared,10.0,3,0.5771380783732558,0.5877065973306977,-0.01056851895744193
