external_player_id,starters,missing_roles,cam_starts
00be15e9-135e-5a79-956f-cd70f121b4b0,27,27,0
00cc549f-a9f0-54b0-8cbc-ef47c7f8251b,30,0,0
0126b56d-12ca-5f44-ab39-66daa456359f,15,0,0
015a7f1a-67ab-53dc-babc-333cf97f761f,10,0,0
032150f9-1246-5989-8ac4-532f1e3bce74,27,0,2
04c00d3c-a507-5c56-8464-e17ca313c99d,14,0,0
06edf8b9-4201-50b7-b9f9-2e6a7842f113,17,0,2
0832a3fd-b90b-54b3-8f2a-3ce07cc7b6bc,13,0,0
08c10373-3236-58f3-8488-9bc9fad8dfde,9,0,1
09b6a6ee-2109-55b8-8083-5b532f8d0c96,7,0,0
09be2cb2-a90e-562f-8a53-32294044e02f,10,0,4
0af685cb-5dfb-5870-a8e7-c5f8568a71ad,15,0,0
0cd772be-c8d3-5252-8b0a-47f4eeb619ac,38,0,0
0db48051-eb1a-516f-b185-a0846d6f83e1,17,0,0
0e1f7351-8766-5aac-b7ce-1c0c2d514ae2,1,0,0
0f08cbfd-21a3-57ae-9b9f-8692d62a6a24,21,0,0
0f20e713-a3d1-5036-b0b2-e9f32d1bc66f,14,0,0
0f8b78a8-3315-50f5-8b1d-435ce1fc41ac,21,0,0
0fa345a4-e26c-50d4-8f35-8b13aa9d7c09,19,0,0
0fc3de1a-eecc-53a7-b727-451560c890d1,20,0,0
0ffc6ec2-ca3e-5db4-8ebf-a8eba45464b9,7,0,0
102260dc-086e-540f-ac1b-5c571502d8d4,5,0,0
102764c4-bb3d-515e-a161-665b3bc0daf5,26,0,0
112ec44a-8ec0-5a5a-828a-d330905abb6b,20,20,0
12886371-5fae-5789-af23-d20764ecfe3e,29,0,0
133b6e37-92c1-5dc9-a4dd-a5f957768626,23,0,0
138e28b4-ff6e-5598-bbd5-0b255b509b73,19,0,0
140b9b50-7e76-5415-b5b4-069f22ec0a3a,19,0,1
145d420f-bb1d-5646-81b9-1baf31260fb4,11,0,0
148b32f1-d60d-5cdd-9ffe-a5938fcb8671,35,35,0
1551c664-1407-507c-a3f7-41b9bc63a0f8,1,0,0
15d02b2c-303d-5403-b3ee-c1bb398578ae,7,0,2
17b0293a-a54d-554b-bdba-368217c87ad9,35,35,0
17b6a342-b02c-5f36-a340-abadc722db36,30,0,0
184a3e3b-1fa2-5323-8175-88f9b20eb992,28,0,0
18a6f100-002a-5b0b-8366-87056d767a12,21,0,1
19517dba-f8bc-5da6-921a-eec76cc74b58,24,0,0
1993b39f-9a1a-5805-bce4-6ff7cb40ebde,30,0,19
1a956dd6-5231-5dd8-954b-7236c855bc20,3,0,0
1af989ce-689b-54c9-b0af-f7cc033bb301,11,0,0
1b5a9b51-4626-5901-8e54-14c32dbca29e,2,0,0
1b9763d0-3c26-574c-9903-2c98b8431990,29,0,1
1bf5a1f9-7275-56b5-888b-e1417d195339,7,0,0
1cc11978-28c5-57b6-a8a3-ba979d1349e4,8,0,0
1ddf1d34-6f86-5fa6-a5b9-c192a8ae5692,2,0,0
1e4afd94-5426-54f5-893e-eea93b538667,26,0,0
1ef77ed3-fd32-5bdb-aa75-d9414ac14df0,15,0,1
1f91ab10-338d-519d-85b9-048aa573cfc2,2,0,0
1f949251-9252-593a-a2f0-d26d1f7e776b,21,0,0
1ffce999-e957-5580-a533-b5ad7d8de028,11,0,0
208bc81b-07bb-5202-9b86-f6535ba1a7a7,34,0,0
2151f057-0065-57a0-87e5-2a434738b8d1,30,0,0
2158389c-94df-554d-8089-885e17fa9cbe,23,0,0
225f5e34-6fc2-5816-9440-78853ac977df,1,0,0
227cf32e-d062-5df9-8908-cb5491836ff8,7,7,0
229e2aab-318b-5964-bc2e-1b5fcbac0a02,2,0,0
234b9ca0-1d3a-52c1-ae12-d422a588485e,7,0,0
234cf75e-2a33-5c20-84e6-e2da37e6e93e,26,0,0
241cebf3-67a3-5813-9b2f-43078d129f42,26,0,0
246d5877-ce20-5c48-bdc0-bdb7ede514b7,35,0,0
255ce56a-28f3-53e5-ae63-19f3c15aa12d,34,0,0
2739afa2-76d2-5669-864e-6c4324145c72,2,0,0
27ff0ef1-a31f-5e26-bb7d-035a4248bad2,23,0,0
291c5e04-2c65-573a-9493-d704d3de79de,30,0,0
29b8ba2a-672c-5467-b297-bb4fcd65f263,2,0,0
2a5fa9ad-82a2-52c4-bba0-61a641eb0d07,4,0,0
2b912d01-8ef9-569f-bb93-0cec5c578194,10,0,0
2d4c58d3-9f00-5834-a712-c8fbd35a2876,15,0,0
2dc07ee0-9e62-54c5-a6ce-b50249434b2d,34,0,0
2e06beff-d060-52c5-b090-ef85e142bc03,34,0,0
2eec990a-7277-5fb6-b8c8-10423fefbb47,23,0,0
2f4a5cd6-8238-5ff2-9cac-0239ae561506,1,1,0
2f6d1039-5d87-5a97-af8d-222573c68089,1,0,0
2fa40b7b-3ae8-5f1c-9520-aa9d58b7aee5,3,3,0
305c798a-fbdf-56f1-849c-099d894a35e7,1,0,0
33ac99dd-6169-5c59-bc88-cc17620c7707,1,0,0
33f66c9a-ce45-5380-86e0-7903760138c9,30,0,0
359bea2a-202d-5b9f-be77-415683313cef,17,0,0
35ad91b8-a753-5dab-beac-21a352e5cb13,23,0,1
3655e646-d6d9-51ce-a14d-bed863d96c3c,20,0,1
3662a836-64ae-524d-ac5d-6c64245981a2,32,0,0
368ba0e1-be00-5ed2-af7e-82ca90752b95,2,0,0
36a20aea-e0e7-507c-ab6e-6740c5c56568,35,0,0
36a8b089-9a84-5fa6-ae4a-59a2994b9494,15,0,0
37f00cac-e0bd-5d5f-8d3b-b841092110ca,1,0,0
39a54236-bfd4-52f7-8b23-eeb8ca167d6d,31,0,0
39aed718-6b3b-5edf-84ad-3242e984c314,21,0,0
3a3da8a7-b40c-5129-bab5-9c920e3a58ab,11,0,0
3a736c36-502e-5f12-a3a0-3a915cdfdf76,21,0,0
3b36fb97-62ec-53b8-882c-bd6a01550f8c,14,0,0
3bb649d5-6bd9-5f6f-ab96-003ed40fb0e5,1,0,1
3c3955d4-e30d-55eb-924e-d252c6949a50,16,0,0
3c77aa9b-7767-5636-9780-0d94d829b326,31,31,0
3c785544-9ef9-55d3-b726-bcbf136d1d05,1,0,0
3cfeb2a8-cad5-5980-9946-aecc5eb2b011,37,37,0
3d33e637-0658-5cc2-964e-b281c5cdf9fc,31,0,0
3da0d46a-b47e-5811-9668-ebfa18ca336a,11,0,0
3dabd7b1-0f28-5272-86ae-4c5392e1aa45,30,0,0
3e322311-2a0b-53fc-a8b7-22ecd116c42e,24,0,0
3ec8e07c-7a46-5230-8927-d222d0ffa7dd,34,0,0
3f25f3e8-deb4-5121-abaf-e0c9f890735f,28,0,3
40b6a84e-8e7e-529b-8b4e-a2979b1bc8e4,33,0,9
412fc00b-6fb5-5606-bb30-04e075a83220,35,35,0
4156c194-ad00-5d9c-aa4d-5f67c7deba01,12,0,0
41af0355-d126-5dc9-b44e-6d3d4ad2661b,12,12,0
41c51b76-9927-5c91-821a-99eed1686fa9,1,1,0
4238fdb0-cf75-58c4-b3b5-1e9939c55fc1,16,0,0
428099b1-d444-5523-9c48-66ebf6956cc2,14,0,0
438fc70b-3d5c-5a76-8236-a11719e82ea2,2,0,0
43ae6b5e-3989-58fb-8540-6a539dd06218,21,0,0
4406998b-108e-54ac-90cf-ff22cdf7c565,36,0,0
4448091c-aeb7-5ab3-a537-b2b547480e63,31,0,7
444bfe5b-015a-5ec2-ac21-34fd780e0aa5,38,0,3
444fa31b-486a-5e4b-94ca-7e00df06a41b,2,0,0
44d564d8-1d6f-5d92-906d-972644650a55,7,0,0
45407054-6d20-5e2f-99e1-2e3c19a4a991,5,5,0
45ca4681-2d1e-540f-9f02-6746fdcaae79,14,0,3
46c2018f-f80f-532e-b144-ef688e9f44eb,38,0,0
46d563a5-35c2-5766-ad22-b778921da81d,22,0,0
46f70fd6-45f6-55b9-884d-24feb13db9c3,2,0,0
47160bb8-b2e7-5eb8-8ca4-64757268e9ba,1,0,0
474896af-e9ef-5bb3-b82b-79c2fb8c891e,32,0,1
4788a762-a8dd-587b-88ad-eb1d2f51ec12,6,0,2
481b07c4-b805-52cf-a0ee-593af134790d,24,0,11
483fd668-a74d-5c5c-9111-a023961f914b,16,0,2
48738244-3ea2-5188-9df4-934c7ab97fe1,2,0,0
48ac53a0-cc4d-5091-97ab-1bfa01220791,1,0,0
492c6463-bf4e-50f7-a6c1-23e8693ceea0,21,0,0
49545ac1-d9f9-5a0a-b1f5-5bbeeb1bb7f6,24,0,0
4a30d43b-d2c4-514a-8544-4ba07f51e68a,11,0,0
4aecc997-ca9d-57ec-a854-3151849bde99,13,0,1
4b503a23-131b-5e74-983e-6d9f3f06f2dd,27,0,0
4bc72200-ef9d-5946-9969-8e93b001acb1,22,0,0
4c28754a-2719-5e29-8ce7-41731afbf204,3,0,0
4c3f279c-cb21-57c6-9d58-3decef97625e,25,0,1
4cf06c6b-b8c9-5159-90b0-88803e09c4a1,1,0,1
4dba3178-ba81-5a3b-99aa-be47c6225e49,9,0,0
4dc8670b-9980-5a26-9e9d-c98c1f9bb333,6,0,0
4e68227a-9577-5c26-99fa-8a519b052582,38,0,3
4e797913-6f5e-54d0-807d-555d7ec82308,18,0,0
4e7d3349-c869-51f6-a9f2-e86405e21be5,37,37,0
4ef46620-e339-50a5-9169-d9c6d85f3a47,14,0,0
4fd83b82-ea8a-5022-96ec-5b210b9695b8,17,0,0
5089139a-ace7-504b-b31a-2d0b1307e0de,17,0,0
50df4a11-59ff-5eba-85dd-aaca25ba3cd2,27,0,1
513a08ed-3905-5e99-98a3-849492c9d389,14,0,1
51e8b386-e9bf-5082-8db8-d994f8a48d0b,14,0,0
52ef863c-3a3d-510c-ac26-a4176d6b98ff,1,0,0
53bfdbe9-b833-5ee6-b24f-4b838a2a0fa6,32,0,0
542e61a7-899c-5785-91c5-c76ab1e53e2d,16,16,0
559670b7-3af4-5c20-8ab5-783da9a99601,34,0,2
563b4da9-f592-5401-92eb-a55748a6e3e1,33,0,0
57881605-ab70-5c0d-865f-433201de3f6f,38,38,0
599b3b1e-964d-5fae-b225-2aee23b65bad,3,0,0
5a70a2e2-7a8a-554e-9ac0-d3c00ac6383f,33,0,0
5ac01d0b-69fc-5dea-acd4-ecdaec724a83,23,0,0
5b51fc3a-1f45-56e1-9ecc-0bda87474227,35,0,8
5bb0cf13-0fc0-5a3b-a79f-a3be5c5eb24e,36,0,0
5c50ad44-fb04-5cd7-9d1f-513b77683809,3,0,0
5c63f6f0-ec6c-54a9-af70-5b6a64ee0287,14,0,0
5cde41a6-f4dd-545d-93c5-e931c1be6f72,9,0,0
5dc0f8a0-1a29-5eb7-bbf8-b2355b407d6f,5,0,0
5dd58b2f-23b6-55e3-b59d-5617a42d6de1,2,0,0
5dfbea2f-beb3-54f9-ad39-1f8f81f8a323,30,30,0
5e05a265-c5a6-5d89-b646-3db7a5e9e98e,6,0,0
5e18290b-6577-5a0a-9541-c1bab3c65004,14,0,0
607bc478-1de3-5627-b97c-8cc0c015b3e0,35,0,0
627a9a22-f6d8-553e-9594-316391089ebc,15,0,7
62a712a2-a9c6-5298-94c6-5bdfca8f45ab,21,0,0
63254645-c19e-5669-ae4c-6995093f3b92,3,3,0
63588bd5-68f8-567a-8175-c17ab42b05f3,30,0,1
636ed36a-8aff-58b0-a5e5-7b5894084b12,4,0,0
63a30902-aa79-59d2-bbc6-903ff41e54dc,32,32,0
6538c4ff-2308-56ae-85e7-392fba76d555,1,0,0
653dcb32-98a1-5bdb-afc4-4dcee772c921,30,0,3
658b9548-4dbd-5b98-890b-0bb35c8a5625,10,0,0
65910bcc-31a9-56bb-ba12-74e687cd31ec,26,0,0
65f4ba88-b61e-51b2-87e8-eed369448f75,5,0,0
66bc60f5-fa76-5fa0-a7ca-b9f126393376,32,0,2
66ce5aaa-c0e9-5462-8a78-fae312616872,37,0,1
66e53a63-86c7-5b13-92b7-7f9d7f77e440,36,0,0
67859d1e-575f-5ae4-aa8d-8f36bd11696e,34,34,0
68341849-eb35-5296-a270-848df8393917,37,0,0
68e23e27-5010-5c05-a3bd-23e48be32b93,35,0,19
68f9569d-88d0-5993-a084-828e7f6a2610,2,0,0
692da677-7071-5b72-89bc-cc722ba518e2,29,0,0
698f23fd-0fa1-5358-8bd3-2b8aef91e946,23,23,0
69b2f335-365b-5201-b36b-babf799e628a,18,0,0
6a2d7ef6-eb12-5dc2-aaad-c85d30c00b8f,2,0,0
6a3d319d-e848-56e0-bc06-707ee4149c24,12,0,0
6a84c769-ac8f-5aa6-b83b-8d51625d8b35,3,3,0
6b487d4a-07ef-5c9e-b3e0-8bc10e69d873,6,0,0
6bc31bc4-e733-517c-ad34-ef2c089aaa40,8,0,0
6c75a09d-abcd-5e49-80c0-b7bb0873304d,6,0,0
6caa4dfe-3a1a-5c7f-84ef-7342cdfb5745,8,0,1
6cfbd227-d6d0-525d-810f-a1e929d406bf,32,0,0
6e21ee2c-7d42-59f6-9ab0-1b28ff340661,1,0,0
6f380ed1-cc12-5a44-847a-217354668a1e,17,0,0
6f535252-3c34-5ef4-9e4b-fee2b978a96c,10,0,9
70198e6a-5cf9-5344-a2c0-f1b71dfeeb5f,34,0,3
70c234df-f148-59b3-b1f9-6d390e9cf562,16,0,0
70f73e4b-067e-5b9a-9c56-6049178d3e61,18,0,1
712d8210-33f4-517b-8ca4-275cccea49a1,13,0,0
7271dade-6e34-5b7d-850a-ff0969f7a26e,14,0,0
72b4d47e-09d1-54dc-a733-48d72051bfd6,1,0,0
73fbac33-4713-58ec-b9bd-242dfec592a2,29,0,0
7464bba2-d459-5382-a1a5-4bc52ebe7af2,11,0,0
74dac327-64c8-5269-84db-4a4550f5f921,15,0,0
75f6d292-641f-53ef-a822-a86d1d9c8086,12,0,0
762b7b12-29aa-5f0f-aef0-ca1bf2237692,14,0,0
762fd3f4-3f85-52c7-b5be-8c0c563cf25f,13,0,1
77962072-d0d7-5304-8c20-9a75adfd2936,28,0,0
77dbedf3-49eb-53ec-8cc5-c1d344c47ca2,36,0,0
77f6a9da-b2d4-5034-84c5-2580945368b8,37,0,19
7844404e-dd2c-5f68-9390-675ab60be346,34,0,2
78c0a2b0-1177-5877-a879-cde3ee7544cd,12,0,0
79420363-80f0-5eb5-bef5-e1e31f62877c,35,0,3
79caa72c-19b1-5ed2-9eea-49bec88916b3,22,0,8
7a546fa7-fe3d-5862-a0fc-4542c4583e9e,7,0,5
7a5568a1-0d6a-5388-9fe2-daf7af01c339,2,2,0
7ab09590-a77c-56c4-9a78-756ad9d93a0e,11,0,0
7af4896b-be30-5d5e-9119-e9efade2cada,7,0,0
7b8905f9-3045-5c8d-9f0a-ed998a0d417a,2,0,2
7b9dc65d-483e-5ff9-af51-946aceed51e9,25,0,0
7ba3294a-acf2-50da-ba1c-626fce42c1dc,8,0,0
7d600419-69d5-50b5-84da-7b3b616dc8e2,9,0,0
7d97f99a-8163-5c05-a74a-5dd9794bd812,25,0,0
7eb8003c-fda3-5fc5-8d67-ca7a0d89468c,5,0,0
7f48ec5f-f934-516a-9c1f-84d42bd974ff,21,0,10
80984ab9-f368-5f6c-be67-3ca8dc321a4e,33,0,0
82990c89-5786-50c7-898b-b6d67ce0f54a,18,0,0
82a85fe5-3695-5749-b382-fb39650267e9,18,18,0
82e95b4b-22b2-59a9-b33b-e199df378fe3,35,0,0
83056bd2-b742-5b28-b32d-8ba4a3902c61,38,38,0
8336ddce-f2ef-5ef6-8084-2f36c38c78c2,9,0,0
83730675-676b-50b6-b1eb-8dac7bf1945f,4,0,0
8385a2b5-f514-5b12-aa58-82c05b0c3586,15,0,0
8538fec0-f5e3-5124-9d3e-6b46fded6164,5,0,0
85474434-c2d2-5904-bdbc-d8e7b1e46db0,19,0,0
85e0702e-8a5f-5470-a46a-a212a63f3661,9,0,0
86f15f9c-b65a-517d-92ff-a96318d5ae5b,4,0,0
87fd1c0a-a5f8-5f19-b233-de67537cdeb2,26,0,0
8901f1b0-9efa-5490-859d-c7c80fe69b52,10,0,0
89ca84c0-8f48-5f1a-913d-799d45f1691e,37,0,3
89e2dbba-92fb-5ebc-867f-5c1a954b2881,11,0,0
8b1af3a3-b391-5111-954e-dbda5d6d12a5,12,0,1
8b26f624-9357-5669-9698-f5fda36d4e75,35,0,14
8bac1cb7-1c33-563a-9137-8a394efb10f5,5,0,0
8c21213e-5c0e-56d3-81ae-b95f9e5b7c53,8,0,3
8c70bef4-3e5d-5879-ade5-43db59c91c76,9,0,0
8d2526be-436d-5cc9-ac87-685d6e1cc27c,30,0,0
8d2b9ffe-5bdc-5a57-a260-957032f24371,2,0,0
8ddc00f8-7aec-56e5-a5ba-d916b5ee5129,31,0,11
8e00491e-df3c-59d8-8196-500825daf087,23,0,0
8e67ff00-ad19-5384-8c44-acf0faf97249,18,0,0
8eec947b-c2ae-53d6-99f9-096b7744098a,25,0,0
8f8bfbcb-af82-5a5c-952d-234afde668ad,12,0,0
8fc7e356-2dbb-50c9-8b7e-cc573f3855b4,4,4,0
9066de74-0bf4-5c6d-8a3f-3b977b735a67,28,0,0
91321184-4f36-5c7d-80ee-090e5416c822,6,6,0
914fa0d2-167c-55f6-8d3e-677d3abd15e0,13,0,0
920d3e82-2ef6-5ae4-aa99-e8d693a9d888,27,0,0
93153394-38ee-5f40-9adb-90f4f3307e4e,15,0,0
932d386d-f372-53de-a37f-381a73a67e07,12,0,0
94f8d943-9301-57ef-ac78-91de92b9eb41,12,0,0
95129b97-e678-584a-9c78-bc2d29fd7dfa,14,0,0
956e0ed0-2170-56bf-913d-61d007270278,17,0,0
958d771e-00a9-59f9-a094-b799d8712588,1,0,0
95a48a1c-ec3e-52d7-9657-44491739dede,37,0,0
95d64f2a-d4e8-52d7-b6b5-d4388ee086e2,2,0,1
962c06ed-3fb4-5908-98c9-be26b5491e6c,34,0,0
970e8a65-ee1a-5d1a-94d7-82973dc0b1dc,17,0,0
9720eb96-9da3-5717-9ed4-45874361e243,38,38,0
972fc541-f01f-51fc-b746-5238f72285d7,26,0,0
976cba43-39e3-5bd2-a17b-74524487c441,18,0,1
985b9a31-a1a8-56e4-8ff5-61888deeb760,20,0,0
98e68e85-52f1-5832-b572-18ffcbfa3d40,5,0,0
9998e641-8e7f-5837-8d46-ad335b484a00,8,0,0
99c5358b-6b7a-567b-a6ef-22541e365423,11,0,4
9a8ecf00-4990-5980-88ac-7e6f3426cc04,30,0,0
9a90c10b-4796-5eda-a505-8db9bc21605d,24,0,0
9ac55e79-9cb2-5ac5-ae8c-6a2ebd620277,37,37,0
9ac5d5a9-74b6-578c-8e14-559019eb509d,19,0,1
9b51b592-7b40-53df-a62d-6af0afa0bb0e,12,0,1
9b794fd2-1f1b-52a8-bb5e-459a0ac2702e,2,0,1
9b9067ce-8398-553d-8496-d169d55e5396,8,0,0
9c63b373-5b16-5d1a-8ee1-2b35708a7892,25,0,3
9cb12f76-aa67-5f6a-9571-1925e3cbe9ef,17,0,2
9d1de056-bbbd-54d4-a192-06c57ccb0fd6,15,0,8
9e042355-866c-5b17-9097-0d84e263ecf3,17,0,0
9e1945d4-3c6d-54ed-b8d0-6ba8f66541c2,11,0,0
9edb1bd6-ff23-53a0-a02c-7ca47626ee0e,1,0,0
9f1ab4dd-f86c-5749-967d-c8f0fbfe15f7,16,0,7
9fd390de-abdd-53c9-abf5-63b5a6ec3423,11,0,0
a0539466-bf5c-5202-baf7-336484f9a7c3,12,0,1
a07371ec-857a-5545-8632-0e982ad6b1be,19,0,0
a213c4ca-4778-5981-91eb-7708f7294de0,5,0,0
a23baf91-ec47-50be-b8ff-f71c64818005,37,0,0
a2afe8eb-9890-541f-9258-8202cd512f1f,17,0,1
a2bfdc0c-78a1-5fff-b07a-3cbbbabdeba5,19,0,0
a3c3b39a-01de-5b45-bc30-ba20944b56aa,37,0,0
a46d13d4-ea9c-563c-80b3-0e4a2e2883b8,33,0,0
a493cdaf-9cab-5479-8687-9533f241460c,3,3,0
a4b84834-eb21-54ba-be68-660ea3815e93,27,0,0
a5346cce-0d2c-5baf-97da-d70579ec7aa9,6,0,0
a5750705-f098-5007-84b9-214a2063f4c8,7,0,0
a5ac6603-1c8f-569d-acdb-bba58bd047c8,17,0,0
a5e7c659-813a-5a36-8fb6-3f0f74e37c40,24,0,4
a64b9087-3727-58f9-8f2f-95b904b936bf,9,0,0
a6c3f89e-b9b1-5e12-9487-4f18ad700191,32,0,0
a71659ac-51ab-555b-9916-b585f197aa60,1,0,0
a71d684a-cc48-5dab-9f2a-addd0208884c,24,0,0
a8678248-1555-5a99-8bcd-6ec2a944ea53,6,0,0
a8873d13-747b-51b1-97e7-d8505b4f0084,7,0,0
a8aed2e6-b0b5-5558-b149-fc0c412d9844,28,0,0
a8d1cfeb-4f1e-53fc-a90a-4610ccf746c6,35,0,1
a93b852e-6cc5-59da-a7e7-213f7dec5f1b,31,0,0
a97d91b0-ab9b-5d5d-a9e8-01690cad9588,13,0,0
a9c228ea-04e0-5861-b004-a8719101c698,5,0,0
aa82079f-0382-5b01-bb3b-9224650f408b,19,0,6
aa986b3e-e0d4-5c58-b3da-46a8810d3ca9,27,0,0
abc5ff85-af28-52a6-899e-59f93406af42,12,0,0
ad87488c-769c-5325-bce6-63daff9b32a3,10,0,3
ada8c7db-805e-5910-b00a-946e17af3218,19,0,0
aec63649-ffe1-5e88-829b-d1e462e7e679,38,38,0
af777f5c-5e76-5ea9-8f99-a7a8459df650,21,0,0
b02dbbb7-35b6-53d3-be68-f7c1b2c4e70f,34,0,2
b03249c0-b20e-52bd-a82c-add878e8eda0,33,0,0
b0761079-7e99-5095-aa38-877404766193,20,0,6
b0f2d5cb-b80d-5e8a-9e43-b15a89d555ca,18,0,0
b29e3c1f-f8e8-5b6a-a5de-fbd51d039e55,22,0,0
b3a37e1a-2034-5649-97db-eea9b4ff11f9,8,0,0
b429ad96-edac-5640-8304-cd7a0cf6d7fa,29,0,0
b4dab7b7-e19a-5e09-89be-21a334277de4,17,0,0
b4f928ae-7ba3-580f-98d8-aafd811dfc4b,21,0,0
b5144153-3ffb-56d4-89c7-cf4cc50a101e,19,0,0
b565eaae-40d9-5a94-8063-106bd85084b9,9,0,0
b6572497-1067-596a-a218-6e465214dcc8,9,0,0
b6e20f32-3f8f-5d7f-b0b7-140bc97b69fe,24,0,0
b6fb865b-2ea3-5f14-9db7-b2b1c2d82003,26,0,0
b741dff8-c470-5246-a88a-18fd87c23462,6,0,0
b7c9efe9-e4ac-5f89-b85e-5170d8689598,1,0,0
b7ff49f3-d1e0-5e63-b004-29bee7a1f2ea,35,0,0
b8cff13d-168c-5c65-ad52-99b0426b08f2,36,0,10
b8d260b7-8922-5c13-b885-b00fbe91b80e,38,0,0
b95b9e81-9894-50ab-b2de-c2234cfde8c6,21,0,4
b9aca1a6-3e7e-50d1-85c7-bc4c6432da09,14,0,0
bafec5b4-70cd-5296-82ed-5f50f9b35506,24,0,2
bb04fd88-02f4-5b58-a126-01b07e773bd8,32,0,0
bb4e74c1-9fc8-588e-8e27-159ea5d120df,22,0,0
bb7d5990-008e-5f6d-871a-83ec4490dd2d,26,26,0
bb9f5ed9-455a-5a73-a068-c865110bd21e,17,0,0
bbeb1769-f6ef-5a78-abdb-84df15c86c28,32,0,0
bc4b8805-6f13-565d-a977-295468e6a0cb,9,0,0
bcf42999-24c1-5f09-8693-5a3e09ad1527,9,0,0
be864262-5b78-5455-be5c-8eb1eb4b8ed9,37,0,0
be977983-b55e-52b9-96d5-b98b8b42edbb,32,0,1
bec3b39e-5fff-5ae4-a7ba-ba525d5b3911,26,0,4
bf6c1651-0779-512e-9c37-3b8ac8c14714,29,0,7
c0368969-bbd9-51aa-b3f8-938783260736,8,0,0
c04d1727-85e9-5596-a2b4-b5341c1ffb6a,1,0,0
c0582007-f657-5440-9f24-83c1666418bb,21,0,12
c13afcac-5201-5504-affd-a886825266d4,35,0,0
c1d2c6e2-92b5-5eb7-abc2-bfb9ba6fffa1,1,0,0
c200ab96-c995-5e7a-a713-5bac0dc5b3fa,21,0,1
c2bb5215-da9d-515a-81f0-604c302f3078,10,0,0
c369cb81-fb27-51a7-8457-4b7a866bbbdc,33,0,0
c3ed1064-989c-5d91-badd-450b776d7aa2,1,0,1
c462a624-2653-5229-87c5-bd5b685f0e3c,11,0,0
c550c5c9-6be9-5d60-a724-ed8b1d333548,30,0,1
c59d2c13-36a9-56b4-b9fc-1462e5df19fc,25,0,1
c5c12262-4fce-5d62-89d5-5e4ae2679565,21,0,0
c648214a-7d9c-5efe-aa6f-da16039cd486,17,0,1
c708e3fc-c1ec-575e-9376-9578775d41dc,28,0,0
c7d912b7-acf9-59e7-a5a7-c7e64aed18da,31,0,0
c8138451-1f86-5025-a3dd-94d71340efab,2,0,0
c86ca08c-b2a0-524b-91f4-254b65701bdd,1,0,1
c92d55cb-06d1-553d-aad7-f64c0de898a5,32,0,0
c99e7187-586e-5722-8e10-93fd50f92627,19,0,7
c9bc6786-f728-505a-9d48-33b1f2444d9f,8,0,0
cb53d8d9-b190-5b1f-adab-60f5562d5d10,11,0,0
cbc3d646-143c-51fb-9e03-365e6edc5e78,11,0,0
cd221270-eb70-5941-b084-b02fff2a8b2e,13,0,0
cde7eda9-ac09-5cd3-abff-bd8116cd4a4e,23,0,0
cffb76ef-9edc-5e36-95cd-8c4ce7623f4e,6,0,0
d0fb5815-b17b-56d0-869e-d0e8910ab751,25,0,3
d1024899-f7ef-5fdb-9ad0-62b5c6b72bd5,4,0,0
d23b8279-3fbf-54f8-827e-4312b70cd086,10,0,0
d32e1d40-cd0b-5139-ba7c-c76463a583d8,21,0,0
d3c7337d-334b-58de-b6a2-e7e1ce9a18ea,22,0,1
d4c29433-6018-52a2-83a9-429997023fab,32,0,0
d64982ba-72ef-52d6-b8fe-3706499963ab,14,0,4
d66fa01c-cc13-5ddf-bec4-31c90df4cade,18,0,0
d7143aed-fcb8-5af3-8721-72433dd889d7,3,3,0
d7693e44-9092-592e-b518-8da97eaf9fdf,19,0,0
d7a7fcda-2a3c-55c2-80be-adc778736b39,17,0,0
d7ab42eb-50da-5a3f-a583-fdf38b0d2cfe,22,0,0
d837c631-a257-5737-bc4d-ffd7f2b0021b,5,0,0
d8394430-94ff-553e-be45-217705fee1db,3,0,0
d921acea-ffba-515b-a957-12586c43f133,22,22,0
d982f8cc-b7f6-5eef-880a-7588a8d9c761,31,0,6
db76d454-818a-5043-8d04-22e24f696027,32,32,0
dc426f23-df1b-5d0d-9706-56cdf33051e4,1,0,0
ddd5f39d-2c3a-5f8e-a76f-e64d451f6ac1,4,0,0
de5e511c-9379-5b70-8f43-d2b814dfdcc3,17,0,4
de6b06be-d7b4-506e-9177-df5cf336214a,20,0,3
dea12abc-e8dd-5839-b626-0cb7e72e9a26,32,0,1
debd2971-955d-5acb-b321-caec89c7ad6d,5,0,0
df163264-e6df-5807-b72d-55a49982fc76,9,0,0
df240c75-117c-5865-8931-093b55e8d7fd,3,0,0
dfca7131-f158-5eea-ba5e-b71b5a3655b2,19,0,0
dfe46c71-1b4e-5387-a3a0-4accc6dc5b39,18,0,0
dfe5ecab-1907-51dd-86d8-e202dc3cfab8,11,0,0
e037fafa-e08a-50a4-8014-a43e6c2d13a4,33,0,0
e0417b35-b1b1-5957-8ee5-7996c5db5cb0,19,0,0
e17b28b4-18e0-5316-b0b4-279fe412f5e5,18,0,6
e1be452d-eabb-5030-8f89-d3b48d85fedb,27,0,17
e2213bab-7401-5edc-9994-4eb0772f48ef,32,0,0
e294bf9c-b850-58e2-8e18-b24687408f28,1,0,0
e2d4248d-32fc-5ca0-8ae6-6abd3c22634e,20,0,0
e3545d57-5636-57c9-a5ad-35a839d1f8bd,18,0,0
e46e6c45-efd0-538e-9f60-d68b8b3a42fe,11,0,0
e4c8a2d7-919b-5751-8fe8-5d4c55df8256,32,0,0
e5098785-f2ed-5b29-af5e-f569a62ab2c0,33,0,1
e51ce209-cf65-5a91-b162-98b8d46e6d71,10,0,0
e5ce8638-ef71-56e5-ae05-c0e425118aa3,21,0,0
e5d36ad0-dba5-56c7-a5d2-b091b2fa1b0d,26,0,6
e65af070-c3e5-52d5-a47d-80432c274dc7,2,0,0
e85a3c19-e5b4-542c-b4a1-85edbb700d53,13,0,0
e8c63dd8-d5d3-5d3c-9ca3-16081a763f80,20,0,0
e8f9ae6c-524f-581f-b52e-91657ed81bf5,23,0,0
e951e717-39ca-59bd-bf7f-6e59ece9fd54,20,0,9
e9e9ef49-852e-55b1-9544-097415eb392b,9,0,0
e9f5aa44-1c52-51c9-85a6-b079a6b78080,6,0,1
eb26516f-9061-5a83-a316-5cd4bef43df5,18,0,5
ebd46261-67a5-56cc-9b55-02bde7f16bba,15,0,0
ec2bf467-94f7-5b79-97a2-3632c0d199a8,20,0,0
eeb782c9-d515-562b-b132-d07e7ac988fa,11,0,0
eeb9fc59-f254-555c-b473-e81a697d50ea,1,1,0
eebb4710-6fe9-53e9-81e0-a650547126a0,19,0,6
eef1cb4a-8a4c-5cee-9eac-636079e4d785,18,0,1
ef1caf6e-67a5-53c4-afb0-2523323cbfe4,29,0,0
ef53aa3a-f5fe-5a12-9743-66a2adc7f069,7,0,1
ef5625b9-1910-5982-85f1-1966467ad375,14,0,2
ef597ccf-9296-5f73-a908-245e5d67b0ef,11,11,0
ef856b2c-4200-58fa-8d76-23913677f5ba,12,0,0
f00c4421-dac8-5cde-9808-50d3e6144cb1,4,0,0
f01a999e-cac7-5aa8-a867-4257d2382021,32,0,1
f0504a37-2a31-5f04-8704-2c307c2384cd,35,0,1
f0bfb35e-c09e-553b-a545-fec85a6cd62d,5,0,0
f10b2a81-0b74-578a-872a-ded3a4da9ea0,24,0,17
f192bac3-5939-5751-bfc7-fc9da3a23532,6,6,0
f2831f63-18d0-5405-9349-288d723614fe,10,10,0
f2eb0907-28df-5daf-b912-aec135508e38,17,0,1
f33e474a-8556-5f17-915d-49956a1c0f64,10,0,0
f3622ce0-e53f-5501-815d-62c51a6d4fea,14,0,0
f5da0015-9c1c-5ba2-a447-9fc51ceed482,18,0,0
f60b2907-3c2e-5574-80f2-70b4f5078182,18,0,0
f6f6439f-07ed-5fba-988d-36a0c8ad3580,26,0,1
f717009d-d433-5fa0-9cf5-1e081478a8f1,23,0,2
f8666db2-925c-5357-81ba-263e71b165b3,4,0,0
f941023a-8afb-5610-bf89-e6cc352c84c9,1,0,0
fa7d8081-617d-5e86-a227-d01a088e1f55,10,0,0
fa80a3f3-4a6b-5450-b9b2-8a68571a21a4,22,0,0
fada1568-55fd-5aec-8b69-9db9bcbee6ae,15,0,0
fb26090c-51ee-5620-9b67-0dad993b3242,32,0,0
fb5999b1-7357-5d65-94c6-bba6bff6ac3a,1,0,0
fba35e22-cb10-554f-ad2e-e62d2b5a5da8,15,0,1
fbe43cca-fb14-5420-94d6-3e253d5e57f2,31,0,0
fc1d6631-4455-5cd1-be3d-3748e604ca74,25,0,0
fc551cf2-132e-5dac-a9b5-aaeb090b32b5,3,0,0
fe525ab5-78d1-5766-a583-9b76113d2d57,21,0,0
fef527c5-6c7c-57b6-9192-f9347f34904a,16,0,0
fff05087-e912-5616-900c-dbab609d6cf8,6,0,4
