gw,teams,mean_p_not_11,mean_p_not_one_gk,mean_expected_abs_deviation,mean_starter_variance
22,14,0.7655298393914809,0.19162958695639803,1.3288438997489866,2.9622486425652155
23,18,0.767858007665597,0.1579089691491972,1.3410098527492513,3.010357077788962
24,14,0.7651284593068192,0.1081281696818446,1.3204734028805976,2.9166258400897584
25,20,0.7618687929582741,0.14332348219326424,1.3084299354279139,2.879731106613044
26,22,0.766987055424756,0.15920265515820445,1.3413199363882524,3.022102396737299
27,18,0.7730110343186686,0.16681293495085836,1.3717010869455621,3.139232062335063
28,18,0.7674594873392316,0.13925358781027836,1.3362975989292978,2.9863928742772172
29,18,0.7615268038020355,0.15579492770739387,1.3057999160992455,2.8680599000495013
30,18,0.7690281814231557,0.17739626711001988,1.3498805040458335,3.0518400895725555
31,12,0.7727666622472834,0.15421912762478848,1.3710739787093027,3.137708239820921
32,18,0.8007265092084458,0.2726786948386169,1.5679704038699933,4.038305507891549
33,20,0.7614453109182966,0.15401658378051292,1.3088249699512926,2.8882573987311395
34,12,0.7536671840759034,0.18033883598205916,1.2887170244739514,2.839086631730519
35,16,0.7585390702738224,0.13201545110361246,1.3045297481623641,2.885058064473823
36,16,0.7605211101410781,0.13900445366470238,1.3110237724789897,2.907270663076528
37,16,0.7648632582559104,0.15171124127663504,1.3281325189788666,2.9655514247796346
38,18,0.7722372565316924,0.1701255365923185,1.366351817402587,3.1151771316868286
