name,count,mean_points,min_points,max_points,mean_dev,mean_late,mean_transfers,mean_hit_points,mean_uplift,mean_runtime
exp_0.60,3,2015.0,1990,2030,1062.6666666666667,952.3333333333334,42.666666666666664,21.333333333333332,590.0,225.66441074366563
exp_0.65,3,1948.6666666666667,1845,2051,1043.3333333333333,905.3333333333334,43.333333333333336,24.0,523.6666666666666,230.23965364799946
exp_0.70,3,1926.3333333333333,1863,1958,1027.3333333333333,899.0,42.666666666666664,22.666666666666668,501.3333333333333,225.8336084923341
exp_0.75,3,1919.6666666666667,1901,1947,997.0,922.6666666666666,43.0,24.0,494.6666666666667,205.51199768266724
exp_0.80,3,1960.6666666666667,1948,1971,1041.0,919.6666666666666,44.666666666666664,30.666666666666668,535.6666666666666,200.67629720199935
exp_0.85,3,2006.0,2000,2010,1038.0,968.0,44.666666666666664,30.666666666666668,581.0,187.96321798433382
exp_0.90,3,1958.3333333333333,1951,1970,1057.3333333333333,901.0,46.333333333333336,37.333333333333336,533.3333333333334,180.31051469833287
manual_070_045,3,1976.3333333333333,1935,2051,1061.0,915.3333333333334,42.333333333333336,20.0,551.3333333333334,223.9578771079999
manual_075_055,3,1950.6666666666667,1924,1964,1022.0,928.6666666666666,42.333333333333336,21.333333333333332,525.6666666666666,214.26458607766654
manual_080_060,3,2010.0,2004,2019,1069.0,941.0,44.333333333333336,29.333333333333332,585.0,214.3167806409996
manual_085_065,3,1946.3333333333333,1924,1964,1022.0,924.3333333333334,43.333333333333336,25.333333333333332,521.3333333333334,207.42062817533338
manual_baseline,3,1972.0,1954,1992,1039.0,933.0,44.333333333333336,29.333333333333332,547.0,201.91767647766665
