target_role_case_posthoc,variant,n,brier,log_loss,xmins_mae,xmins_rmse
agreement,baseline,3199,0.1595182113773487,0.5062528564610423,21.66971226337,31.13071476456604
agreement,calibration,3199,0.15946537900462507,0.5061619747005485,21.65612474630827,31.127425366354313
agreement,role_aware,3199,0.15103937179861168,0.48374948307946886,21.68542410264171,30.548730175068034
agreement,q_only,3199,0.1533988457534288,0.48600916105618697,21.669981462305614,30.60393306806437
agreement,h_only,3199,0.15975969944409443,0.508416223005688,21.6150659862269,31.213861545358874
disagreement,baseline,541,0.1755612851547847,0.5346942791170965,22.560827160337748,31.315001551952417
disagreement,calibration,541,0.1755101340095549,0.5345928109093033,22.54970697167724,31.312730340537808
disagreement,role_aware,541,0.16875697412496626,0.5251104093685535,22.67455143354822,30.964187653581874
disagreement,q_only,541,0.1734306077724158,0.5358194096854699,23.05291305432345,31.185053388669232
disagreement,h_only,541,0.174830495575549,0.5342382011142971,22.400879266698485,31.333010418516754
unobserved_bench,baseline,10247,0.04623717080809216,0.16550222807502057,8.367200954917786,17.369017631408084
unobserved_bench,calibration,10247,0.046259038098043555,0.16552567379866914,8.361672856329813,17.372525715202663
unobserved_bench,role_aware,10247,0.04855672877071456,0.16433388445965735,8.172071220556887,17.613373167409325
unobserved_bench,q_only,10247,0.047304636634576264,0.16405662890683742,8.267831444921564,17.44015491402848
unobserved_bench,h_only,10247,0.04636426399434733,0.1656539779795312,8.334348751371119,17.398024126636514
