season,competition,provider_match_id,kickoff,home_name,away_name
2025/2026,prem,4813374,2025-08-15T19:00:00Z,Liverpool,AFC Bournemouth
2025/2026,prem,4813375,2025-08-16T11:30:00Z,Aston Villa,Newcastle United
2025/2026,prem,4813376,2025-08-16T14:00:00Z,Brighton & Hove Albion,Fulham
2025/2026,prem,4813378,2025-08-16T14:00:00Z,Sunderland,West Ham United
2025/2026,prem,4813379,2025-08-16T14:00:00Z,Tottenham Hotspur,Burnley
2025/2026,prem,4813380,2025-08-16T16:30:00Z,Wolverhampton Wanderers,Manchester City
2025/2026,prem,4813381,2025-08-17T13:00:00Z,Chelsea,Crystal Palace
2025/2026,prem,4813377,2025-08-17T13:00:00Z,Nottingham Forest,Brentford
2025/2026,prem,4813382,2025-08-17T15:30:00Z,Manchester United,Arsenal
2025/2026,prem,4813383,2025-08-18T19:00:00Z,Leeds United,Everton
2025/2026,prem,4813394,2025-08-22T19:00:00Z,West Ham United,Chelsea
2025/2026,prem,4813392,2025-08-23T11:30:00Z,Manchester City,Tottenham Hotspur
2025/2026,prem,4813385,2025-08-23T14:00:00Z,AFC Bournemouth,Wolverhampton Wanderers
2025/2026,prem,4813387,2025-08-23T14:00:00Z,Brentford,Aston Villa
2025/2026,prem,4813388,2025-08-23T14:00:00Z,Burnley,Sunderland
2025/2026,prem,4813386,2025-08-23T16:30:00Z,Arsenal,Leeds United
2025/2026,prem,4813389,2025-08-24T13:00:00Z,Crystal Palace,Nottingham Forest
2025/2026,prem,4813390,2025-08-24T13:00:00Z,Everton,Brighton & Hove Albion
2025/2026,prem,4813391,2025-08-24T15:30:00Z,Fulham,Manchester United
2025/2026,prem,4813393,2025-08-25T19:00:00Z,Newcastle United,Liverpool
2025/2026,prem,4813397,2025-08-30T11:30:00Z,Chelsea,Fulham
2025/2026,prem,4813400,2025-08-30T14:00:00Z,Manchester United,Burnley
2025/2026,prem,4813402,2025-08-30T14:00:00Z,Sunderland,Brentford
2025/2026,prem,4813403,2025-08-30T14:00:00Z,Tottenham Hotspur,AFC Bournemouth
2025/2026,prem,4813404,2025-08-30T14:00:00Z,Wolverhampton Wanderers,Everton
2025/2026,prem,4813398,2025-08-30T16:30:00Z,Leeds United,Newcastle United
2025/2026,prem,4813396,2025-08-31T13:00:00Z,Brighton & Hove Albion,Manchester City
2025/2026,prem,4813401,2025-08-31T13:00:00Z,Nottingham Forest,West Ham United
2025/2026,prem,4813399,2025-08-31T15:30:00Z,Liverpool,Arsenal
2025/2026,prem,4813395,2025-08-31T18:00:00Z,Aston Villa,Crystal Palace
2025/2026,prem,4813406,2025-09-13T11:30:00Z,Arsenal,Nottingham Forest
2025/2026,prem,4813405,2025-09-13T14:00:00Z,AFC Bournemouth,Brighton & Hove Albion
2025/2026,prem,4813409,2025-09-13T14:00:00Z,Crystal Palace,Sunderland
2025/2026,prem,4813410,2025-09-13T14:00:00Z,Everton,Aston Villa
2025/2026,prem,4813411,2025-09-13T14:00:00Z,Fulham,Leeds United
2025/2026,prem,4813413,2025-09-13T14:00:00Z,Newcastle United,Wolverhampton Wanderers
2025/2026,prem,4813414,2025-09-13T16:30:00Z,West Ham United,Tottenham Hotspur
2025/2026,prem,4813407,2025-09-13T19:00:00Z,Brentford,Chelsea
2025/2026,prem,4813408,2025-09-14T13:00:00Z,Burnley,Liverpool
2025/2026,prem,4813412,2025-09-14T15:30:00Z,Manchester City,Manchester United
2025/2026,prem,4813420,2025-09-20T11:30:00Z,Liverpool,Everton
2025/2026,prem,4813417,2025-09-20T14:00:00Z,Brighton & Hove Albion,Tottenham Hotspur
2025/2026,prem,4813418,2025-09-20T14:00:00Z,Burnley,Nottingham Forest
2025/2026,prem,4813423,2025-09-20T14:00:00Z,West Ham United,Crystal Palace
2025/2026,prem,4813424,2025-09-20T14:00:00Z,Wolverhampton Wanderers,Leeds United
2025/2026,prem,4813421,2025-09-20T16:30:00Z,Manchester United,Chelsea
2025/2026,prem,4813419,2025-09-20T19:00:00Z,Fulham,Brentford
2025/2026,prem,4813415,2025-09-21T13:00:00Z,AFC Bournemouth,Newcastle United
2025/2026,prem,4813422,2025-09-21T13:00:00Z,Sunderland,Aston Villa
2025/2026,prem,4813416,2025-09-21T15:30:00Z,Arsenal,Manchester City
2025/2026,prem,4813426,2025-09-27T11:30:00Z,Brentford,Manchester United
2025/2026,prem,4813427,2025-09-27T14:00:00Z,Chelsea,Brighton & Hove Albion
2025/2026,prem,4813428,2025-09-27T14:00:00Z,Crystal Palace,Liverpool
2025/2026,prem,4813430,2025-09-27T14:00:00Z,Leeds United,AFC Bournemouth
2025/2026,prem,4813431,2025-09-27T14:00:00Z,Manchester City,Burnley
2025/2026,prem,4813433,2025-09-27T16:30:00Z,Nottingham Forest,Sunderland
2025/2026,prem,4813434,2025-09-27T19:00:00Z,Tottenham Hotspur,Wolverhampton Wanderers
2025/2026,prem,4813425,2025-09-28T13:00:00Z,Aston Villa,Fulham
2025/2026,prem,4813432,2025-09-28T15:30:00Z,Newcastle United,Arsenal
2025/2026,prem,4813429,2025-09-29T19:00:00Z,Everton,West Ham United
2025/2026,prem,4813435,2025-10-03T19:00:00Z,AFC Bournemouth,Fulham
2025/2026,prem,4813441,2025-10-04T11:30:00Z,Leeds United,Tottenham Hotspur
2025/2026,prem,4813436,2025-10-04T14:00:00Z,Arsenal,West Ham United
2025/2026,prem,4813442,2025-10-04T14:00:00Z,Manchester United,Sunderland
2025/2026,prem,4813439,2025-10-04T16:30:00Z,Chelsea,Liverpool
2025/2026,prem,4813437,2025-10-05T13:00:00Z,Aston Villa,Burnley
2025/2026,prem,4813440,2025-10-05T13:00:00Z,Everton,Crystal Palace
2025/2026,prem,4813443,2025-10-05T13:00:00Z,Newcastle United,Nottingham Forest
2025/2026,prem,4813444,2025-10-05T13:00:00Z,Wolverhampton Wanderers,Brighton & Hove Albion
2025/2026,prem,4813438,2025-10-05T15:30:00Z,Brentford,Manchester City
2025/2026,prem,4813451,2025-10-18T11:30:00Z,Nottingham Forest,Chelsea
2025/2026,prem,4813445,2025-10-18T14:00:00Z,Brighton & Hove Albion,Newcastle United
2025/2026,prem,4813446,2025-10-18T14:00:00Z,Burnley,Leeds United
2025/2026,prem,4813447,2025-10-18T14:00:00Z,Crystal Palace,AFC Bournemouth
2025/2026,prem,4813450,2025-10-18T14:00:00Z,Manchester City,Everton
2025/2026,prem,4813452,2025-10-18T14:00:00Z,Sunderland,Wolverhampton Wanderers
2025/2026,prem,4813448,2025-10-18T16:30:00Z,Fulham,Arsenal
2025/2026,prem,4813453,2025-10-19T13:00:00Z,Tottenham Hotspur,Aston Villa
2025/2026,prem,4813449,2025-10-19T15:30:00Z,Liverpool,Manchester United
2025/2026,prem,4813454,2025-10-20T19:00:00Z,West Ham United,Brentford
2025/2026,prem,4813461,2025-10-24T19:00:00Z,Leeds United,West Ham United
2025/2026,prem,4813459,2025-10-25T14:00:00Z,Chelsea,Sunderland
2025/2026,prem,4813463,2025-10-25T14:00:00Z,Newcastle United,Fulham
2025/2026,prem,4813462,2025-10-25T16:30:00Z,Manchester United,Brighton & Hove Albion
2025/2026,prem,4813458,2025-10-25T19:00:00Z,Brentford,Liverpool
2025/2026,prem,4813455,2025-10-26T14:00:00Z,AFC Bournemouth,Nottingham Forest
2025/2026,prem,4813456,2025-10-26T14:00:00Z,Arsenal,Crystal Palace
2025/2026,prem,4813457,2025-10-26T14:00:00Z,Aston Villa,Manchester City
2025/2026,prem,4813464,2025-10-26T14:00:00Z,Wolverhampton Wanderers,Burnley
2025/2026,prem,4813460,2025-10-26T16:30:00Z,Everton,Tottenham Hotspur
2025/2026,prem,4813465,2025-11-01T15:00:00Z,Brighton & Hove Albion,Leeds United
2025/2026,prem,4813466,2025-11-01T15:00:00Z,Burnley,Arsenal
2025/2026,prem,4813467,2025-11-01T15:00:00Z,Crystal Palace,Brentford
2025/2026,prem,4813468,2025-11-01T15:00:00Z,Fulham,Wolverhampton Wanderers
2025/2026,prem,4813471,2025-11-01T15:00:00Z,Nottingham Forest,Manchester United
2025/2026,prem,4813473,2025-11-01T17:30:00Z,Tottenham Hotspur,Chelsea
2025/2026,prem,4813469,2025-11-01T20:00:00Z,Liverpool,Aston Villa
2025/2026,prem,4813474,2025-11-02T14:00:00Z,West Ham United,Newcastle United
2025/2026,prem,4813470,2025-11-02T16:30:00Z,Manchester City,AFC Bournemouth
2025/2026,prem,4813472,2025-11-03T20:00:00Z,Sunderland,Everton
2025/2026,prem,4813483,2025-11-08T12:30:00Z,Tottenham Hotspur,Manchester United
2025/2026,prem,4813479,2025-11-08T15:00:00Z,Everton,Fulham
2025/2026,prem,4813484,2025-11-08T15:00:00Z,West Ham United,Burnley
2025/2026,prem,4813482,2025-11-08T17:30:00Z,Sunderland,Arsenal
2025/2026,prem,4813477,2025-11-08T20:00:00Z,Chelsea,Wolverhampton Wanderers
2025/2026,prem,4813475,2025-11-09T14:00:00Z,Aston Villa,AFC Bournemouth
2025/2026,prem,4813476,2025-11-09T14:00:00Z,Brentford,Newcastle United
2025/2026,prem,4813478,2025-11-09T14:00:00Z,Crystal Palace,Brighton & Hove Albion
2025/2026,prem,4813481,2025-11-09T14:00:00Z,Nottingham Forest,Leeds United
2025/2026,prem,4813480,2025-11-09T16:30:00Z,Manchester City,Liverpool
2025/2026,prem,4813488,2025-11-22T12:30:00Z,Burnley,Chelsea
2025/2026,prem,4813485,2025-11-22T15:00:00Z,AFC Bournemouth,West Ham United
2025/2026,prem,4813487,2025-11-22T15:00:00Z,Brighton & Hove Albion,Brentford
2025/2026,prem,4813489,2025-11-22T15:00:00Z,Fulham,Sunderland
2025/2026,prem,4813491,2025-11-22T15:00:00Z,Liverpool,Nottingham Forest
2025/2026,prem,4813494,2025-11-22T15:00:00Z,Wolverhampton Wanderers,Crystal Palace
2025/2026,prem,4813493,2025-11-22T17:30:00Z,Newcastle United,Manchester City
2025/2026,prem,4813490,2025-11-23T14:00:00Z,Leeds United,Aston Villa
2025/2026,prem,4813486,2025-11-23T16:30:00Z,Arsenal,Tottenham Hotspur
2025/2026,prem,4813492,2025-11-24T20:00:00Z,Manchester United,Everton
2025/2026,prem,4813496,2025-11-29T15:00:00Z,Brentford,Burnley
2025/2026,prem,4813500,2025-11-29T15:00:00Z,Manchester City,Leeds United
2025/2026,prem,4813502,2025-11-29T15:00:00Z,Sunderland,AFC Bournemouth
2025/2026,prem,4813499,2025-11-29T17:30:00Z,Everton,Newcastle United
2025/2026,prem,4813503,2025-11-29T20:00:00Z,Tottenham Hotspur,Fulham
2025/2026,prem,4813498,2025-11-30T12:00:00Z,Crystal Palace,Manchester United
2025/2026,prem,4813495,2025-11-30T14:05:00Z,Aston Villa,Wolverhampton Wanderers
2025/2026,prem,4813501,2025-11-30T14:05:00Z,Nottingham Forest,Brighton & Hove Albion
2025/2026,prem,4813504,2025-11-30T14:05:00Z,West Ham United,Liverpool
2025/2026,prem,4813497,2025-11-30T16:30:00Z,Chelsea,Arsenal
2025/2026,prem,4813505,2025-12-02T19:30:00Z,AFC Bournemouth,Everton
2025/2026,prem,4813509,2025-12-02T19:30:00Z,Fulham,Manchester City
2025/2026,prem,4813513,2025-12-02T20:15:00Z,Newcastle United,Tottenham Hotspur
2025/2026,prem,4813506,2025-12-03T19:30:00Z,Arsenal,Brentford
2025/2026,prem,4813507,2025-12-03T19:30:00Z,Brighton & Hove Albion,Aston Villa
2025/2026,prem,4813508,2025-12-03T19:30:00Z,Burnley,Crystal Palace
2025/2026,prem,4813514,2025-12-03T19:30:00Z,Wolverhampton Wanderers,Nottingham Forest
2025/2026,prem,4813510,2025-12-03T20:15:00Z,Leeds United,Chelsea
2025/2026,prem,4813511,2025-12-03T20:15:00Z,Liverpool,Sunderland
2025/2026,prem,4813512,2025-12-04T20:00:00Z,Manchester United,West Ham United
2025/2026,prem,4813516,2025-12-06T12:30:00Z,Aston Villa,Arsenal
2025/2026,prem,4813515,2025-12-06T15:00:00Z,AFC Bournemouth,Chelsea
2025/2026,prem,4813518,2025-12-06T15:00:00Z,Everton,Nottingham Forest
2025/2026,prem,4813521,2025-12-06T15:00:00Z,Manchester City,Sunderland
2025/2026,prem,4813522,2025-12-06T15:00:00Z,Newcastle United,Burnley
2025/2026,prem,4813523,2025-12-06T15:00:00Z,Tottenham Hotspur,Brentford
2025/2026,prem,4813520,2025-12-06T17:30:00Z,Leeds United,Liverpool
2025/2026,prem,4813517,2025-12-07T14:00:00Z,Brighton & Hove Albion,West Ham United
2025/2026,prem,4813519,2025-12-07T16:30:00Z,Fulham,Crystal Palace
2025/2026,prem,4813524,2025-12-08T20:00:00Z,Wolverhampton Wanderers,Manchester United
2025/2026,prem,4813528,2025-12-13T15:00:00Z,Chelsea,Everton
2025/2026,prem,4813530,2025-12-13T15:00:00Z,Liverpool,Brighton & Hove Albion
2025/2026,prem,4813527,2025-12-13T17:30:00Z,Burnley,Fulham
2025/2026,prem,4813525,2025-12-13T20:00:00Z,Arsenal,Wolverhampton Wanderers
2025/2026,prem,4813529,2025-12-14T14:00:00Z,Crystal Palace,Manchester City
2025/2026,prem,4813532,2025-12-14T14:00:00Z,Nottingham Forest,Tottenham Hotspur
2025/2026,prem,4813533,2025-12-14T14:00:00Z,Sunderland,Newcastle United
2025/2026,prem,4813534,2025-12-14T14:00:00Z,West Ham United,Aston Villa
2025/2026,prem,4813526,2025-12-14T16:30:00Z,Brentford,Leeds United
2025/2026,prem,4813531,2025-12-15T20:00:00Z,Manchester United,AFC Bournemouth
2025/2026,prem,4813542,2025-12-20T12:30:00Z,Newcastle United,Chelsea
2025/2026,prem,4813535,2025-12-20T15:00:00Z,AFC Bournemouth,Burnley
2025/2026,prem,4813537,2025-12-20T15:00:00Z,Brighton & Hove Albion,Sunderland
2025/2026,prem,4813541,2025-12-20T15:00:00Z,Manchester City,West Ham United
2025/2026,prem,4813544,2025-12-20T15:00:00Z,Wolverhampton Wanderers,Brentford
2025/2026,prem,4813543,2025-12-20T17:30:00Z,Tottenham Hotspur,Liverpool
2025/2026,prem,4813538,2025-12-20T20:00:00Z,Everton,Arsenal
2025/2026,prem,4813540,2025-12-20T20:00:00Z,Leeds United,Crystal Palace
2025/2026,prem,4813536,2025-12-21T16:30:00Z,Aston Villa,Manchester United
2025/2026,prem,4813539,2025-12-22T20:00:00Z,Fulham,Nottingham Forest
2025/2026,prem,4813551,2025-12-26T20:00:00Z,Manchester United,Newcastle United
2025/2026,prem,4813552,2025-12-27T12:30:00Z,Nottingham Forest,Manchester City
2025/2026,prem,4813545,2025-12-27T15:00:00Z,Arsenal,Brighton & Hove Albion
2025/2026,prem,4813546,2025-12-27T15:00:00Z,Brentford,AFC Bournemouth
2025/2026,prem,4813547,2025-12-27T15:00:00Z,Burnley,Everton
2025/2026,prem,4813550,2025-12-27T15:00:00Z,Liverpool,Wolverhampton Wanderers
2025/2026,prem,4813554,2025-12-27T15:00:00Z,West Ham United,Fulham
2025/2026,prem,4813548,2025-12-27T17:30:00Z,Chelsea,Aston Villa
2025/2026,prem,4813553,2025-12-28T14:00:00Z,Sunderland,Leeds United
2025/2026,prem,4813549,2025-12-28T16:30:00Z,Crystal Palace,Tottenham Hotspur
2025/2026,prem,4813557,2025-12-30T19:30:00Z,Burnley,Newcastle United
2025/2026,prem,4813558,2025-12-30T19:30:00Z,Chelsea,AFC Bournemouth
2025/2026,prem,4813562,2025-12-30T19:30:00Z,Nottingham Forest,Everton
2025/2026,prem,4813564,2025-12-30T19:30:00Z,West Ham United,Brighton & Hove Albion
2025/2026,prem,4813555,2025-12-30T20:15:00Z,Arsenal,Aston Villa
2025/2026,prem,4813561,2025-12-30T20:15:00Z,Manchester United,Wolverhampton Wanderers
2025/2026,prem,4813559,2026-01-01T17:30:00Z,Crystal Palace,Fulham
2025/2026,prem,4813560,2026-01-01T17:30:00Z,Liverpool,Leeds United
2025/2026,prem,4813556,2026-01-01T20:00:00Z,Brentford,Tottenham Hotspur
2025/2026,prem,4813563,2026-01-01T20:00:00Z,Sunderland,Manchester City
2025/2026,prem,4813566,2026-01-03T12:30:00Z,Aston Villa,Nottingham Forest
2025/2026,prem,4813567,2026-01-03T15:00:00Z,Brighton & Hove Albion,Burnley
2025/2026,prem,4813574,2026-01-03T15:00:00Z,Wolverhampton Wanderers,West Ham United
2025/2026,prem,4813565,2026-01-03T17:30:00Z,AFC Bournemouth,Arsenal
2025/2026,prem,4813570,2026-01-04T12:30:00Z,Leeds United,Manchester United
2025/2026,prem,4813568,2026-01-04T15:00:00Z,Everton,Brentford
2025/2026,prem,4813572,2026-01-04T15:00:00Z,Newcastle United,Crystal Palace
2025/2026,prem,4813573,2026-01-04T15:00:00Z,Tottenham Hotspur,Sunderland
2025/2026,prem,4813569,2026-01-04T15:15:00Z,Fulham,Liverpool
2025/2026,prem,4813571,2026-01-04T17:30:00Z,Manchester City,Chelsea
2025/2026,prem,4813584,2026-01-06T20:00:00Z,West Ham United,Nottingham Forest
2025/2026,prem,4813575,2026-01-07T19:30:00Z,AFC Bournemouth,Tottenham Hotspur
2025/2026,prem,4813577,2026-01-07T19:30:00Z,Brentford,Sunderland
2025/2026,prem,4813579,2026-01-07T19:30:00Z,Crystal Palace,Aston Villa
2025/2026,prem,4813580,2026-01-07T19:30:00Z,Everton,Wolverhampton Wanderers
2025/2026,prem,4813581,2026-01-07T19:30:00Z,Fulham,Chelsea
2025/2026,prem,4813582,2026-01-07T19:30:00Z,Manchester City,Brighton & Hove Albion
2025/2026,prem,4813578,2026-01-07T20:15:00Z,Burnley,Manchester United
2025/2026,prem,4813583,2026-01-07T20:15:00Z,Newcastle United,Leeds United
2025/2026,prem,4813576,2026-01-08T20:00:00Z,Arsenal,Liverpool
2025/2026,prem,4813590,2026-01-17T12:30:00Z,Manchester United,Manchester City
2025/2026,prem,4813587,2026-01-17T15:00:00Z,Chelsea,Brentford
2025/2026,prem,4813588,2026-01-17T15:00:00Z,Leeds United,Fulham
2025/2026,prem,4813589,2026-01-17T15:00:00Z,Liverpool,Burnley
2025/2026,prem,4813592,2026-01-17T15:00:00Z,Sunderland,Crystal Palace
2025/2026,prem,4813593,2026-01-17T15:00:00Z,Tottenham Hotspur,West Ham United
2025/2026,prem,4813591,2026-01-17T17:30:00Z,Nottingham Forest,Arsenal
2025/2026,prem,4813594,2026-01-18T14:00:00Z,Wolverhampton Wanderers,Newcastle United
2025/2026,prem,4813585,2026-01-18T16:30:00Z,Aston Villa,Everton
2025/2026,prem,4813586,2026-01-19T20:00:00Z,Brighton & Hove Albion,AFC Bournemouth
2025/2026,prem,4813604,2026-01-24T12:30:00Z,West Ham United,Sunderland
2025/2026,prem,4813598,2026-01-24T15:00:00Z,Burnley,Tottenham Hotspur
2025/2026,prem,4813601,2026-01-24T15:00:00Z,Fulham,Brighton & Hove Albion
2025/2026,prem,4813602,2026-01-24T15:00:00Z,Manchester City,Wolverhampton Wanderers
2025/2026,prem,4813595,2026-01-24T17:30:00Z,AFC Bournemouth,Liverpool
2025/2026,prem,4813597,2026-01-25T14:00:00Z,Brentford,Nottingham Forest
2025/2026,prem,4813599,2026-01-25T14:00:00Z,Crystal Palace,Chelsea
2025/2026,prem,4813603,2026-01-25T14:00:00Z,Newcastle United,Aston Villa
2025/2026,prem,4813596,2026-01-25T16:30:00Z,Arsenal,Manchester United
2025/2026,prem,4813600,2026-01-26T20:00:00Z,Everton,Leeds United
2025/2026,prem,4813606,2026-01-31T15:00:00Z,Brighton & Hove Albion,Everton
2025/2026,prem,4813608,2026-01-31T15:00:00Z,Leeds United,Arsenal
2025/2026,prem,4813614,2026-01-31T15:00:00Z,Wolverhampton Wanderers,AFC Bournemouth
2025/2026,prem,4813607,2026-01-31T17:30:00Z,Chelsea,West Ham United
2025/2026,prem,4813609,2026-01-31T20:00:00Z,Liverpool,Newcastle United
2025/2026,prem,4813605,2026-02-01T14:00:00Z,Aston Villa,Brentford
2025/2026,prem,4813610,2026-02-01T14:00:00Z,Manchester United,Fulham
2025/2026,prem,4813611,2026-02-01T14:00:00Z,Nottingham Forest,Crystal Palace
2025/2026,prem,4813613,2026-02-01T16:30:00Z,Tottenham Hotspur,Manchester City
2025/2026,prem,4813612,2026-02-02T20:00:00Z,Sunderland,Burnley
2025/2026,prem,4813620,2026-02-06T20:00:00Z,Leeds United,Nottingham Forest
2025/2026,prem,4813622,2026-02-07T12:30:00Z,Manchester United,Tottenham Hotspur
2025/2026,prem,4813615,2026-02-07T15:00:00Z,AFC Bournemouth,Aston Villa
2025/2026,prem,4813616,2026-02-07T15:00:00Z,Arsenal,Sunderland
2025/2026,prem,4813618,2026-02-07T15:00:00Z,Burnley,West Ham United
2025/2026,prem,4813619,2026-02-07T15:00:00Z,Fulham,Everton
2025/2026,prem,4813624,2026-02-07T15:00:00Z,Wolverhampton Wanderers,Chelsea
2025/2026,prem,4813623,2026-02-07T17:30:00Z,Newcastle United,Brentford
2025/2026,prem,4813617,2026-02-08T14:00:00Z,Brighton & Hove Albion,Crystal Palace
2025/2026,prem,4813621,2026-02-08T16:30:00Z,Liverpool,Manchester City
2025/2026,prem,4813627,2026-02-10T19:30:00Z,Chelsea,Leeds United
2025/2026,prem,4813629,2026-02-10T19:30:00Z,Everton,AFC Bournemouth
2025/2026,prem,4813633,2026-02-10T19:30:00Z,Tottenham Hotspur,Newcastle United
2025/2026,prem,4813634,2026-02-10T20:15:00Z,West Ham United,Manchester United
2025/2026,prem,4813625,2026-02-11T19:30:00Z,Aston Villa,Brighton & Hove Albion
2025/2026,prem,4813630,2026-02-11T19:30:00Z,Manchester City,Fulham
2025/2026,prem,4813631,2026-02-11T19:30:00Z,Nottingham Forest,Wolverhampton Wanderers
2025/2026,prem,4813628,2026-02-11T19:40:00Z,Crystal Palace,Burnley
2025/2026,prem,4813632,2026-02-11T20:15:00Z,Sunderland,Liverpool
2025/2026,prem,4813626,2026-02-12T20:00:00Z,Brentford,Arsenal
2025/2026,prem,4813684,2026-02-18T20:00:00Z,Wolverhampton Wanderers,Arsenal
2025/2026,prem,4813635,2026-02-21T15:00:00Z,Aston Villa,Leeds United
2025/2026,prem,4813636,2026-02-21T15:00:00Z,Brentford,Brighton & Hove Albion
2025/2026,prem,4813637,2026-02-21T15:00:00Z,Chelsea,Burnley
2025/2026,prem,4813644,2026-02-21T17:30:00Z,West Ham United,AFC Bournemouth
2025/2026,prem,4813640,2026-02-21T20:00:00Z,Manchester City,Newcastle United
2025/2026,prem,4813638,2026-02-22T14:00:00Z,Crystal Palace,Wolverhampton Wanderers
2025/2026,prem,4813641,2026-02-22T14:00:00Z,Nottingham Forest,Liverpool
2025/2026,prem,4813642,2026-02-22T14:00:00Z,Sunderland,Fulham
2025/2026,prem,4813643,2026-02-22T16:30:00Z,Tottenham Hotspur,Arsenal
2025/2026,prem,4813639,2026-02-23T20:00:00Z,Everton,Manchester United
2025/2026,prem,4813654,2026-02-27T20:00:00Z,Wolverhampton Wanderers,Aston Villa
2025/2026,prem,4813645,2026-02-28T12:30:00Z,AFC Bournemouth,Sunderland
2025/2026,prem,4813648,2026-02-28T15:00:00Z,Burnley,Brentford
2025/2026,prem,4813651,2026-02-28T15:00:00Z,Liverpool,West Ham United
2025/2026,prem,4813653,2026-02-28T15:00:00Z,Newcastle United,Everton
2025/2026,prem,4813650,2026-02-28T17:30:00Z,Leeds United,Manchester City
2025/2026,prem,4813647,2026-03-01T14:00:00Z,Brighton & Hove Albion,Nottingham Forest
2025/2026,prem,4813649,2026-03-01T14:00:00Z,Fulham,Tottenham Hotspur
2025/2026,prem,4813652,2026-03-01T14:00:00Z,Manchester United,Crystal Palace
2025/2026,prem,4813646,2026-03-01T16:30:00Z,Arsenal,Chelsea
2025/2026,prem,4813655,2026-03-03T19:30:00Z,AFC Bournemouth,Brentford
2025/2026,prem,4813658,2026-03-03T19:30:00Z,Everton,Burnley
2025/2026,prem,4813660,2026-03-03T19:30:00Z,Leeds United,Sunderland
2025/2026,prem,4813664,2026-03-03T20:15:00Z,Wolverhampton Wanderers,Liverpool
2025/2026,prem,4813656,2026-03-04T19:30:00Z,Aston Villa,Chelsea
2025/2026,prem,4813657,2026-03-04T19:30:00Z,Brighton & Hove Albion,Arsenal
2025/2026,prem,4813659,2026-03-04T19:30:00Z,Fulham,West Ham United
2025/2026,prem,4813661,2026-03-04T19:30:00Z,Manchester City,Nottingham Forest
2025/2026,prem,4813662,2026-03-04T20:15:00Z,Newcastle United,Manchester United
2025/2026,prem,4813663,2026-03-05T20:00:00Z,Tottenham Hotspur,Crystal Palace
2025/2026,prem,4813667,2026-03-14T15:00:00Z,Burnley,AFC Bournemouth
2025/2026,prem,4813673,2026-03-14T15:00:00Z,Sunderland,Brighton & Hove Albion
2025/2026,prem,4813665,2026-03-14T17:30:00Z,Arsenal,Everton
2025/2026,prem,4813668,2026-03-14T17:30:00Z,Chelsea,Newcastle United
2025/2026,prem,4813674,2026-03-14T20:00:00Z,West Ham United,Manchester City
2025/2026,prem,4813669,2026-03-15T14:00:00Z,Crystal Palace,Leeds United
2025/2026,prem,4813671,2026-03-15T14:00:00Z,Manchester United,Aston Villa
2025/2026,prem,4813672,2026-03-15T14:00:00Z,Nottingham Forest,Fulham
2025/2026,prem,4813670,2026-03-15T16:30:00Z,Liverpool,Tottenham Hotspur
2025/2026,prem,4813666,2026-03-16T20:00:00Z,Brentford,Wolverhampton Wanderers
2025/2026,prem,4813675,2026-03-20T20:00:00Z,AFC Bournemouth,Manchester United
2025/2026,prem,4813677,2026-03-21T12:45:00Z,Brighton & Hove Albion,Liverpool
2025/2026,prem,4813679,2026-03-21T15:00:00Z,Fulham,Burnley
2025/2026,prem,4813678,2026-03-21T17:30:00Z,Everton,Chelsea
2025/2026,prem,4813680,2026-03-21T20:00:00Z,Leeds United,Brentford
2025/2026,prem,4813682,2026-03-22T12:00:00Z,Newcastle United,Sunderland
2025/2026,prem,4813676,2026-03-22T14:15:00Z,Aston Villa,West Ham United
2025/2026,prem,4813683,2026-03-22T14:15:00Z,Tottenham Hotspur,Nottingham Forest
2025/2026,prem,4813694,2026-04-10T19:00:00Z,West Ham United,Wolverhampton Wanderers
2025/2026,prem,4813685,2026-04-11T11:30:00Z,Arsenal,AFC Bournemouth
2025/2026,prem,4813686,2026-04-11T14:00:00Z,Brentford,Everton
2025/2026,prem,4813687,2026-04-11T14:00:00Z,Burnley,Brighton & Hove Albion
2025/2026,prem,4813690,2026-04-11T16:30:00Z,Liverpool,Fulham
2025/2026,prem,4813689,2026-04-12T13:00:00Z,Crystal Palace,Newcastle United
2025/2026,prem,4813692,2026-04-12T13:00:00Z,Nottingham Forest,Aston Villa
2025/2026,prem,4813693,2026-04-12T13:00:00Z,Sunderland,Tottenham Hotspur
2025/2026,prem,4813688,2026-04-12T15:30:00Z,Chelsea,Manchester City
2025/2026,prem,4813691,2026-04-13T19:00:00Z,Manchester United,Leeds United
2025/2026,prem,4813696,2026-04-18T11:30:00Z,Brentford,Fulham
2025/2026,prem,4813700,2026-04-18T14:00:00Z,Leeds United,Wolverhampton Wanderers
2025/2026,prem,4813702,2026-04-18T14:00:00Z,Newcastle United,AFC Bournemouth
2025/2026,prem,4813704,2026-04-18T16:30:00Z,Tottenham Hotspur,Brighton & Hove Albion
2025/2026,prem,4813697,2026-04-18T19:00:00Z,Chelsea,Manchester United
2025/2026,prem,4813695,2026-04-19T13:00:00Z,Aston Villa,Sunderland
2025/2026,prem,4813699,2026-04-19T13:00:00Z,Everton,Liverpool
2025/2026,prem,4813703,2026-04-19T13:00:00Z,Nottingham Forest,Burnley
2025/2026,prem,4813701,2026-04-19T15:30:00Z,Manchester City,Arsenal
2025/2026,prem,4813698,2026-04-20T19:00:00Z,Crystal Palace,West Ham United
2025/2026,prem,4813707,2026-04-21T19:00:00Z,Brighton & Hove Albion,Chelsea
2025/2026,prem,4813705,2026-04-22T19:00:00Z,AFC Bournemouth,Leeds United
2025/2026,prem,4813708,2026-04-22T19:00:00Z,Burnley,Manchester City
2025/2026,prem,4813712,2026-04-24T19:00:00Z,Sunderland,Nottingham Forest
2025/2026,prem,4813709,2026-04-25T11:30:00Z,Fulham,Aston Villa
2025/2026,prem,4813710,2026-04-25T14:00:00Z,Liverpool,Crystal Palace
2025/2026,prem,4813713,2026-04-25T14:00:00Z,West Ham United,Everton
2025/2026,prem,4813714,2026-04-25T14:00:00Z,Wolverhampton Wanderers,Tottenham Hotspur
2025/2026,prem,4813706,2026-04-25T16:30:00Z,Arsenal,Newcastle United
2025/2026,prem,4813711,2026-04-27T19:00:00Z,Manchester United,Brentford
2025/2026,prem,4813721,2026-05-01T19:00:00Z,Leeds United,Burnley
2025/2026,prem,4813718,2026-05-02T14:00:00Z,Brentford,West Ham United
2025/2026,prem,4813723,2026-05-02T14:00:00Z,Newcastle United,Brighton & Hove Albion
2025/2026,prem,4813724,2026-05-02T14:00:00Z,Wolverhampton Wanderers,Sunderland
2025/2026,prem,4813716,2026-05-02T16:30:00Z,Arsenal,Fulham
2025/2026,prem,4813715,2026-05-03T13:00:00Z,AFC Bournemouth,Crystal Palace
2025/2026,prem,4813722,2026-05-03T14:30:00Z,Manchester United,Liverpool
2025/2026,prem,4813717,2026-05-03T18:00:00Z,Aston Villa,Tottenham Hotspur
2025/2026,prem,4813719,2026-05-04T14:00:00Z,Chelsea,Nottingham Forest
2025/2026,prem,4813720,2026-05-04T19:00:00Z,Everton,Manchester City
2025/2026,prem,4813729,2026-05-09T11:30:00Z,Liverpool,Chelsea
2025/2026,prem,4813725,2026-05-09T14:00:00Z,Brighton & Hove Albion,Wolverhampton Wanderers
2025/2026,prem,4813728,2026-05-09T14:00:00Z,Fulham,AFC Bournemouth
2025/2026,prem,4813732,2026-05-09T14:00:00Z,Sunderland,Manchester United
2025/2026,prem,4813730,2026-05-09T16:30:00Z,Manchester City,Brentford
2025/2026,prem,4813726,2026-05-10T13:00:00Z,Burnley,Aston Villa
2025/2026,prem,4813727,2026-05-10T13:00:00Z,Crystal Palace,Everton
2025/2026,prem,4813731,2026-05-10T13:00:00Z,Nottingham Forest,Newcastle United
2025/2026,prem,4813734,2026-05-10T15:30:00Z,West Ham United,Arsenal
2025/2026,prem,4813733,2026-05-11T19:00:00Z,Tottenham Hotspur,Leeds United
2025/2026,prem,4813681,2026-05-13T19:00:00Z,Manchester City,Crystal Palace
2025/2026,prem,4813737,2026-05-15T19:00:00Z,Aston Villa,Liverpool
2025/2026,prem,4813742,2026-05-17T11:30:00Z,Manchester United,Nottingham Forest
2025/2026,prem,4813738,2026-05-17T14:00:00Z,Brentford,Crystal Palace
2025/2026,prem,4813740,2026-05-17T14:00:00Z,Everton,Sunderland
2025/2026,prem,4813741,2026-05-17T14:00:00Z,Leeds United,Brighton & Hove Albion
2025/2026,prem,4813744,2026-05-17T14:00:00Z,Wolverhampton Wanderers,Fulham
2025/2026,prem,4813743,2026-05-17T16:30:00Z,Newcastle United,West Ham United
2025/2026,prem,4813736,2026-05-18T19:00:00Z,Arsenal,Burnley
2025/2026,prem,4813735,2026-05-19T18:30:00Z,AFC Bournemouth,Manchester City
2025/2026,prem,4813739,2026-05-19T19:15:00Z,Chelsea,Tottenham Hotspur
2025/2026,prem,4813745,2026-05-24T15:00:00Z,Brighton & Hove Albion,Manchester United
2025/2026,prem,4813746,2026-05-24T15:00:00Z,Burnley,Wolverhampton Wanderers
2025/2026,prem,4813747,2026-05-24T15:00:00Z,Crystal Palace,Arsenal
2025/2026,prem,4813748,2026-05-24T15:00:00Z,Fulham,Newcastle United
2025/2026,prem,4813749,2026-05-24T15:00:00Z,Liverpool,Brentford
2025/2026,prem,4813750,2026-05-24T15:00:00Z,Manchester City,Aston Villa
2025/2026,prem,4813751,2026-05-24T15:00:00Z,Nottingham Forest,AFC Bournemouth
2025/2026,prem,4813752,2026-05-24T15:00:00Z,Sunderland,Chelsea
2025/2026,prem,4813753,2026-05-24T15:00:00Z,Tottenham Hotspur,Everton
2025/2026,prem,4813754,2026-05-24T15:00:00Z,West Ham United,Leeds United
2025/2026,champions-league,4947178,2025-09-16T16:45:00Z,Athletic Club,Arsenal
2025/2026,champions-league,4947209,2025-09-16T19:00:00Z,Tottenham Hotspur,Villarreal
2025/2026,champions-league,4947101,2025-09-17T19:00:00Z,Bayern München,Chelsea
2025/2026,champions-league,4947139,2025-09-17T19:00:00Z,Liverpool,Atlético Madrid
2025/2026,champions-league,4947162,2025-09-18T19:00:00Z,Manchester City,Napoli
2025/2026,champions-league,4947153,2025-09-18T19:00:00Z,Newcastle United,Barcelona
2025/2026,champions-league,4947219,2025-09-30T19:00:00Z,Bodø/Glimt,Tottenham Hotspur
2025/2026,champions-league,4947110,2025-09-30T19:00:00Z,Chelsea,Benfica
2025/2026,champions-league,4947144,2025-09-30T19:00:00Z,Galatasaray,Liverpool
2025/2026,champions-league,4947250,2025-10-01T16:45:00Z,Union St.Gilloise,Newcastle United
2025/2026,champions-league,4947175,2025-10-01T19:00:00Z,Arsenal,Olympiacos
2025/2026,champions-league,4947165,2025-10-01T19:00:00Z,Monaco,Manchester City
2025/2026,champions-league,4947173,2025-10-21T19:00:00Z,Arsenal,Atlético Madrid
2025/2026,champions-league,4947189,2025-10-21T19:00:00Z,Newcastle United,Benfica
2025/2026,champions-league,4947161,2025-10-21T19:00:00Z,Villarreal,Manchester City
2025/2026,champions-league,4947112,2025-10-22T19:00:00Z,Chelsea,Ajax
2025/2026,champions-league,4947140,2025-10-22T19:00:00Z,Eintracht Frankfurt,Liverpool
2025/2026,champions-league,4947221,2025-10-22T19:00:00Z,Monaco,Tottenham Hotspur
2025/2026,champions-league,4947176,2025-11-04T17:45:00Z,Slavia Prague,Arsenal
2025/2026,champions-league,4947117,2025-11-04T20:00:00Z,Liverpool,Real Madrid
2025/2026,champions-league,4947220,2025-11-04T20:00:00Z,Tottenham Hotspur,FC København
2025/2026,champions-league,4947115,2025-11-05T17:45:00Z,Qarabağ FK,Chelsea
2025/2026,champions-league,4947132,2025-11-05T20:00:00Z,Manchester City,Borussia Dortmund
2025/2026,champions-league,4947245,2025-11-05T20:00:00Z,Newcastle United,Athletic Club
2025/2026,champions-league,4947109,2025-11-25T20:00:00Z,Chelsea,Barcelona
2025/2026,champions-league,4947160,2025-11-25T20:00:00Z,Manchester City,Bayer Leverkusen
2025/2026,champions-league,4947216,2025-11-25T20:00:00Z,Marseille,Newcastle United
2025/2026,champions-league,4947104,2025-11-26T20:00:00Z,Arsenal,Bayern München
2025/2026,champions-league,4947141,2025-11-26T20:00:00Z,Liverpool,PSV Eindhoven
2025/2026,champions-league,4947156,2025-11-26T20:00:00Z,Paris Saint-Germain,Tottenham Hotspur
2025/2026,champions-league,4947111,2025-12-09T20:00:00Z,Atalanta,Chelsea
2025/2026,champions-league,4947124,2025-12-09T20:00:00Z,Inter,Liverpool
2025/2026,champions-league,4947218,2025-12-09T20:00:00Z,Tottenham Hotspur,Slavia Prague
2025/2026,champions-league,4947171,2025-12-10T20:00:00Z,Bayer Leverkusen,Newcastle United
2025/2026,champions-league,4947174,2025-12-10T20:00:00Z,Club Brugge,Arsenal
2025/2026,champions-league,4947116,2025-12-10T20:00:00Z,Real Madrid,Manchester City
2025/2026,champions-league,4947163,2026-01-20T17:45:00Z,Bodø/Glimt,Manchester City
2025/2026,champions-league,4947126,2026-01-20T20:00:00Z,Inter,Arsenal
2025/2026,champions-league,4947136,2026-01-20T20:00:00Z,Tottenham Hotspur,Borussia Dortmund
2025/2026,champions-league,4947114,2026-01-21T20:00:00Z,Chelsea,Pafos FC
2025/2026,champions-league,4947142,2026-01-21T20:00:00Z,Marseille,Liverpool
2025/2026,champions-league,4947238,2026-01-21T20:00:00Z,Newcastle United,PSV Eindhoven
2025/2026,champions-league,4947177,2026-01-28T20:00:00Z,Arsenal,Kairat Almaty
2025/2026,champions-league,4947195,2026-01-28T20:00:00Z,Eintracht Frankfurt,Tottenham Hotspur
2025/2026,champions-league,4947143,2026-01-28T20:00:00Z,Liverpool,Qarabağ FK
2025/2026,champions-league,4947164,2026-01-28T20:00:00Z,Manchester City,Galatasaray
2025/2026,champions-league,4947158,2026-01-28T20:00:00Z,Paris Saint-Germain,Newcastle United
2025/2026,champions-league,4947113,2026-01-28T20:00:00Z,Napoli,Chelsea
2025/2026,champions-league,5161865,2026-02-18T17:45:00Z,Qarabağ FK,Newcastle United
2025/2026,champions-league,5161866,2026-02-24T20:00:00Z,Newcastle United,Qarabağ FK
2025/2026,champions-league,5205737,2026-03-10T17:45:00Z,Galatasaray,Liverpool
2025/2026,champions-league,5205741,2026-03-10T20:00:00Z,Atlético Madrid,Tottenham Hotspur
2025/2026,champions-league,5205733,2026-03-10T20:00:00Z,Newcastle United,Barcelona
2025/2026,champions-league,5205743,2026-03-11T17:45:00Z,Bayer Leverkusen,Arsenal
2025/2026,champions-league,5205729,2026-03-11T20:00:00Z,Paris Saint-Germain,Chelsea
2025/2026,champions-league,5205731,2026-03-11T20:00:00Z,Real Madrid,Manchester City
2025/2026,champions-league,5205744,2026-03-17T20:00:00Z,Arsenal,Bayer Leverkusen
2025/2026,champions-league,5205730,2026-03-17T20:00:00Z,Chelsea,Paris Saint-Germain
2025/2026,champions-league,5205732,2026-03-17T20:00:00Z,Manchester City,Real Madrid
2025/2026,champions-league,5205734,2026-03-18T17:45:00Z,Barcelona,Newcastle United
2025/2026,champions-league,5205738,2026-03-18T20:00:00Z,Liverpool,Galatasaray
2025/2026,champions-league,5205742,2026-03-18T20:00:00Z,Tottenham Hotspur,Atlético Madrid
2025/2026,champions-league,5205795,2026-04-07T19:00:00Z,Sporting CP,Arsenal
2025/2026,champions-league,5205789,2026-04-08T19:00:00Z,Paris Saint-Germain,Liverpool
2025/2026,champions-league,5205790,2026-04-14T19:00:00Z,Liverpool,Paris Saint-Germain
2025/2026,champions-league,5205796,2026-04-15T19:00:00Z,Arsenal,Sporting CP
2025/2026,champions-league,5205813,2026-04-29T19:00:00Z,Atlético Madrid,Arsenal
2025/2026,champions-league,5205814,2026-05-05T19:00:00Z,Arsenal,Atlético Madrid
2025/2026,champions-league,5205834,2026-05-30T16:00:00Z,Paris Saint-Germain,Arsenal
2025/2026,europa-league,4947798,2025-09-24T19:00:00Z,Real Betis,Nottingham Forest
2025/2026,europa-league,4947807,2025-09-25T19:00:00Z,Aston Villa,Bologna
2025/2026,europa-league,4947780,2025-10-02T19:00:00Z,Feyenoord,Aston Villa
2025/2026,europa-league,4947866,2025-10-02T19:00:00Z,Nottingham Forest,FC Midtjylland
2025/2026,europa-league,4947901,2025-10-23T16:45:00Z,Go Ahead Eagles,Aston Villa
2025/2026,europa-league,4947864,2025-10-23T19:00:00Z,Nottingham Forest,FC Porto
2025/2026,europa-league,4947870,2025-11-06T17:45:00Z,Sturm Graz,Nottingham Forest
2025/2026,europa-league,4947805,2025-11-06T20:00:00Z,Aston Villa,Maccabi Tel Aviv
2025/2026,europa-league,4947806,2025-11-27T17:45:00Z,Aston Villa,Young Boys
2025/2026,europa-league,4947867,2025-11-27T20:00:00Z,Nottingham Forest,Malmö FF
2025/2026,europa-league,4947907,2025-12-11T17:45:00Z,FC Utrecht,Nottingham Forest
2025/2026,europa-league,4947848,2025-12-11T20:00:00Z,Basel,Aston Villa
2025/2026,europa-league,4947808,2026-01-22T17:45:00Z,Fenerbahçe,Aston Villa
2025/2026,europa-league,4947814,2026-01-22T20:00:00Z,Braga,Nottingham Forest
2025/2026,europa-league,4947804,2026-01-29T20:00:00Z,Aston Villa,Salzburg
2025/2026,europa-league,4947865,2026-01-29T20:00:00Z,Nottingham Forest,Ferencváros
2025/2026,europa-league,5161886,2026-02-19T17:45:00Z,Fenerbahçe,Nottingham Forest
2025/2026,europa-league,5161894,2026-02-26T20:00:00Z,Nottingham Forest,Fenerbahçe
2025/2026,europa-league,5206097,2026-03-12T17:45:00Z,Lille,Aston Villa
2025/2026,europa-league,5206096,2026-03-12T20:00:00Z,Nottingham Forest,FC Midtjylland
2025/2026,europa-league,5206104,2026-03-19T17:45:00Z,FC Midtjylland,Nottingham Forest
2025/2026,europa-league,5206105,2026-03-19T20:00:00Z,Aston Villa,Lille
2025/2026,europa-league,5206168,2026-04-09T19:00:00Z,Bologna,Aston Villa
2025/2026,europa-league,5206167,2026-04-09T19:00:00Z,FC Porto,Nottingham Forest
2025/2026,europa-league,5206172,2026-04-16T19:00:00Z,Aston Villa,Bologna
2025/2026,europa-league,5206171,2026-04-16T19:00:00Z,Nottingham Forest,FC Porto
2025/2026,europa-league,5206174,2026-04-30T19:00:00Z,Nottingham Forest,Aston Villa
2025/2026,europa-league,5206176,2026-05-07T19:00:00Z,Aston Villa,Nottingham Forest
2025/2026,europa-league,5206177,2026-05-20T19:00:00Z,Freiburg,Aston Villa
2025/2026,conference-league,4947960,2025-10-02T16:45:00Z,Dynamo Kyiv,Crystal Palace
2025/2026,conference-league,4947965,2025-10-23T19:00:00Z,Crystal Palace,AEK Larnaca
2025/2026,conference-league,4947963,2025-11-06T20:00:00Z,Crystal Palace,AZ Alkmaar
2025/2026,conference-league,4948002,2025-11-27T20:00:00Z,Strasbourg,Crystal Palace
2025/2026,conference-league,4948069,2025-12-11T20:00:00Z,Shelbourne,Crystal Palace
2025/2026,conference-league,4947964,2025-12-18T20:00:00Z,Crystal Palace,KuPS
2025/2026,conference-league,5141716,2026-02-19T17:45:00Z,Zrinjski Mostar,Crystal Palace
2025/2026,conference-league,5141724,2026-02-26T20:00:00Z,Crystal Palace,Zrinjski Mostar
2025/2026,conference-league,5206217,2026-03-12T20:00:00Z,Crystal Palace,AEK Larnaca
2025/2026,conference-league,5206225,2026-03-19T17:45:00Z,AEK Larnaca,Crystal Palace
2025/2026,conference-league,5206260,2026-04-09T19:00:00Z,Crystal Palace,Fiorentina
2025/2026,conference-league,5206264,2026-04-16T19:00:00Z,Fiorentina,Crystal Palace
2025/2026,conference-league,5206267,2026-04-30T19:00:00Z,Shakhtar Donetsk,Crystal Palace
2025/2026,conference-league,5206269,2026-05-07T19:00:00Z,Crystal Palace,Shakhtar Donetsk
2025/2026,conference-league,5206271,2026-05-27T19:00:00Z,Crystal Palace,Rayo Vallecano
2025/2026,conference-league,4912643,2025-08-21T19:00:00Z,Crystal Palace,Fredrikstad
2025/2026,conference-league,4912667,2025-08-28T16:00:00Z,Fredrikstad,Crystal Palace
2025/2026,fa-cup,5089899,2026-01-09T19:30:00Z,Wrexham,Nottingham Forest
2025/2026,fa-cup,5089905,2026-01-10T12:15:00Z,Everton,Sunderland
2025/2026,fa-cup,5089921,2026-01-10T12:15:00Z,Macclesfield FC,Crystal Palace
2025/2026,fa-cup,5089893,2026-01-10T12:15:00Z,Wolverhampton Wanderers,Shrewsbury Town
2025/2026,fa-cup,5089907,2026-01-10T15:00:00Z,Burnley,Millwall
2025/2026,fa-cup,5089904,2026-01-10T15:00:00Z,Fulham,Middlesbrough
2025/2026,fa-cup,5089901,2026-01-10T15:00:00Z,Manchester City,Exeter City
2025/2026,fa-cup,5089915,2026-01-10T15:00:00Z,Newcastle United,AFC Bournemouth
2025/2026,fa-cup,5089903,2026-01-10T15:00:00Z,Sheffield Wednesday,Brentford
2025/2026,fa-cup,5089895,2026-01-10T17:45:00Z,Tottenham Hotspur,Aston Villa
2025/2026,fa-cup,5089900,2026-01-10T20:00:00Z,Charlton Athletic,Chelsea
2025/2026,fa-cup,5089910,2026-01-11T12:00:00Z,Derby County,Leeds United
2025/2026,fa-cup,5089909,2026-01-11T14:00:00Z,Portsmouth,Arsenal
2025/2026,fa-cup,5089902,2026-01-11T14:30:00Z,West Ham United,Queens Park Rangers
2025/2026,fa-cup,5089922,2026-01-11T16:30:00Z,Manchester United,Brighton & Hove Albion
2025/2026,fa-cup,5089906,2026-01-12T19:45:00Z,Liverpool,Barnsley
2025/2026,fa-cup,5135167,2026-02-13T19:45:00Z,Hull City,Chelsea
2025/2026,fa-cup,5135169,2026-02-14T12:15:00Z,Burton Albion,West Ham United
2025/2026,fa-cup,5135170,2026-02-14T15:00:00Z,Burnley,Mansfield Town
2025/2026,fa-cup,5135175,2026-02-14T15:00:00Z,Manchester City,Salford City
2025/2026,fa-cup,5135174,2026-02-14T17:45:00Z,Aston Villa,Newcastle United
2025/2026,fa-cup,5135162,2026-02-14T20:00:00Z,Liverpool,Brighton & Hove Albion
2025/2026,fa-cup,5135177,2026-02-15T12:00:00Z,Birmingham City,Leeds United
2025/2026,fa-cup,5135173,2026-02-15T13:30:00Z,Grimsby Town,Wolverhampton Wanderers
2025/2026,fa-cup,5135163,2026-02-15T14:00:00Z,Oxford United,Sunderland
2025/2026,fa-cup,5135161,2026-02-15T14:00:00Z,Stoke City,Fulham
2025/2026,fa-cup,5135166,2026-02-15T16:30:00Z,Arsenal,Wigan Athletic
2025/2026,fa-cup,5135176,2026-02-16T19:30:00Z,Macclesfield FC,Brentford
2025/2026,fa-cup,5186383,2026-03-06T20:00:00Z,Wolverhampton Wanderers,Liverpool
2025/2026,fa-cup,5186382,2026-03-07T12:15:00Z,Mansfield Town,Arsenal
2025/2026,fa-cup,5186384,2026-03-07T17:45:00Z,Wrexham,Chelsea
2025/2026,fa-cup,5186380,2026-03-07T20:00:00Z,Newcastle United,Manchester City
2025/2026,fa-cup,5186378,2026-03-08T12:00:00Z,Fulham,Southampton
2025/2026,fa-cup,5186379,2026-03-08T13:30:00Z,Port Vale,Sunderland
2025/2026,fa-cup,5186381,2026-03-08T16:30:00Z,Leeds United,Norwich City
2025/2026,fa-cup,5186385,2026-03-09T19:30:00Z,West Ham United,Brentford
2025/2026,fa-cup,5231047,2026-04-04T11:45:00Z,Manchester City,Liverpool
2025/2026,fa-cup,5231046,2026-04-04T16:15:00Z,Chelsea,Port Vale
2025/2026,fa-cup,5231045,2026-04-04T19:00:00Z,Southampton,Arsenal
2025/2026,fa-cup,5231346,2026-04-05T15:30:00Z,West Ham United,Leeds United
2025/2026,fa-cup,5293793,2026-04-25T16:15:00Z,Manchester City,Southampton
2025/2026,fa-cup,5293794,2026-04-26T14:00:00Z,Chelsea,Leeds United
2025/2026,fa-cup,5315746,2026-05-16T14:00:00Z,Chelsea,Manchester City
2025/2026,efl-cup,4927183,2025-08-26T18:30:00Z,Wolverhampton Wanderers,West Ham United
2025/2026,efl-cup,4927181,2025-08-26T18:45:00Z,AFC Bournemouth,Brentford
2025/2026,efl-cup,4927190,2025-08-26T18:45:00Z,Burnley,Derby County
2025/2026,efl-cup,4927195,2025-08-26T18:45:00Z,Sunderland,Huddersfield Town
2025/2026,efl-cup,4927198,2025-08-26T19:00:00Z,Sheffield Wednesday,Leeds United
2025/2026,efl-cup,4927192,2025-08-27T18:45:00Z,Everton,Mansfield Town
2025/2026,efl-cup,4927177,2025-08-27T18:45:00Z,Fulham,Bristol City
2025/2026,efl-cup,4927179,2025-08-27T18:45:00Z,Oxford United,Brighton & Hove Albion
2025/2026,efl-cup,4927193,2025-08-27T19:00:00Z,Grimsby Town,Manchester United
2025/2026,efl-cup,4945936,2025-09-16T19:00:00Z,Brentford,Aston Villa
2025/2026,efl-cup,4945941,2025-09-16T19:00:00Z,Crystal Palace,Millwall
2025/2026,efl-cup,4945935,2025-09-17T19:00:00Z,Swansea City,Nottingham Forest
2025/2026,efl-cup,4945944,2025-09-23T18:45:00Z,Barnsley,Brighton & Hove Albion
2025/2026,efl-cup,4945947,2025-09-23T18:45:00Z,Burnley,Cardiff City
2025/2026,efl-cup,4945943,2025-09-23T18:45:00Z,Fulham,Cambridge United
2025/2026,efl-cup,4945934,2025-09-23T18:45:00Z,Lincoln City,Chelsea
2025/2026,efl-cup,4945940,2025-09-23T18:45:00Z,Wolverhampton Wanderers,Everton
2025/2026,efl-cup,4945938,2025-09-23T19:00:00Z,Liverpool,Southampton
2025/2026,efl-cup,4945937,2025-09-24T18:45:00Z,Huddersfield Town,Manchester City
2025/2026,efl-cup,4945939,2025-09-24T18:45:00Z,Newcastle United,Bradford City
2025/2026,efl-cup,4945933,2025-09-24T18:45:00Z,Tottenham Hotspur,Doncaster Rovers
2025/2026,efl-cup,4945932,2025-09-24T19:00:00Z,Port Vale,Arsenal
2025/2026,efl-cup,4978145,2025-10-28T19:45:00Z,Grimsby Town,Brentford
2025/2026,efl-cup,4978151,2025-10-28T19:45:00Z,Wycombe Wanderers,Fulham
2025/2026,efl-cup,4978144,2025-10-29T19:45:00Z,Arsenal,Brighton & Hove Albion
2025/2026,efl-cup,4978149,2025-10-29T19:45:00Z,Liverpool,Crystal Palace
2025/2026,efl-cup,4978146,2025-10-29T19:45:00Z,Swansea City,Manchester City
2025/2026,efl-cup,4978150,2025-10-29T19:45:00Z,Wolverhampton Wanderers,Chelsea
2025/2026,efl-cup,4978147,2025-10-29T20:00:00Z,Newcastle United,Tottenham Hotspur
2025/2026,efl-cup,5034193,2025-12-16T20:00:00Z,Cardiff City,Chelsea
2025/2026,efl-cup,5034194,2025-12-17T19:30:00Z,Manchester City,Brentford
2025/2026,efl-cup,5034195,2025-12-17T20:15:00Z,Newcastle United,Fulham
2025/2026,efl-cup,5034192,2025-12-23T20:00:00Z,Arsenal,Crystal Palace
2025/2026,efl-cup,5103359,2026-01-13T20:00:00Z,Newcastle United,Manchester City
2025/2026,efl-cup,5103357,2026-01-14T20:00:00Z,Chelsea,Arsenal
2025/2026,efl-cup,5103358,2026-02-03T20:00:00Z,Arsenal,Chelsea
2025/2026,efl-cup,5103360,2026-02-04T20:00:00Z,Manchester City,Newcastle United
2025/2026,efl-cup,5111571,2026-03-22T16:30:00Z,Arsenal,Manchester City
2026/2027,prem,5795363,2026-08-21T19:00:00Z,Arsenal,Coventry City
2026/2027,prem,5795364,2026-08-22T11:30:00Z,Hull City,Manchester United
2026/2027,prem,5795365,2026-08-22T14:00:00Z,Everton,Crystal Palace
2026/2027,prem,5795366,2026-08-22T14:00:00Z,Ipswich Town,Sunderland
2026/2027,prem,5795367,2026-08-22T14:00:00Z,Nottingham Forest,Leeds United
2026/2027,prem,5795368,2026-08-22T16:30:00Z,Brentford,Tottenham Hotspur
2026/2027,prem,5795369,2026-08-23T13:00:00Z,Brighton & Hove Albion,Aston Villa
2026/2027,prem,5795370,2026-08-23T13:00:00Z,Manchester City,AFC Bournemouth
2026/2027,prem,5795371,2026-08-23T15:30:00Z,Newcastle United,Liverpool
2026/2027,prem,5795372,2026-08-24T19:00:00Z,Fulham,Chelsea
2026/2027,prem,5795429,2026-08-28T19:00:00Z,Crystal Palace,Manchester City
2026/2027,prem,5795431,2026-08-29T11:30:00Z,Liverpool,Nottingham Forest
2026/2027,prem,5795425,2026-08-29T14:00:00Z,AFC Bournemouth,Everton
2026/2027,prem,5795428,2026-08-29T14:00:00Z,Coventry City,Hull City
2026/2027,prem,5795434,2026-08-29T16:30:00Z,Tottenham Hotspur,Newcastle United
2026/2027,prem,5795427,2026-08-30T13:00:00Z,Chelsea,Brighton & Hove Albion
2026/2027,prem,5795430,2026-08-30T13:00:00Z,Leeds United,Brentford
2026/2027,prem,5795433,2026-08-30T13:00:00Z,Sunderland,Fulham
2026/2027,prem,5795432,2026-08-30T15:30:00Z,Manchester United,Ipswich Town
2026/2027,prem,5795426,2026-08-31T19:00:00Z,Aston Villa,Arsenal
2026/2027,prem,5795441,2026-09-04T19:00:00Z,Ipswich Town,Liverpool
2026/2027,prem,5795443,2026-09-05T11:30:00Z,Newcastle United,AFC Bournemouth
2026/2027,prem,5795436,2026-09-05T14:00:00Z,Brentford,Sunderland
2026/2027,prem,5795437,2026-09-05T14:00:00Z,Brighton & Hove Albion,Leeds United
2026/2027,prem,5795439,2026-09-05T14:00:00Z,Fulham,Crystal Palace
2026/2027,prem,5795442,2026-09-05T14:00:00Z,Manchester City,Coventry City
2026/2027,prem,5795444,2026-09-05T14:00:00Z,Nottingham Forest,Tottenham Hotspur
2026/2027,prem,5795440,2026-09-05T16:30:00Z,Hull City,Aston Villa
2026/2027,prem,5795438,2026-09-06T13:00:00Z,Everton,Manchester United
2026/2027,prem,5795435,2026-09-06T15:30:00Z,Arsenal,Chelsea
2026/2027,prem,5795445,2026-09-12T14:00:00Z,AFC Bournemouth,Brentford
2026/2027,prem,5795446,2026-09-12T14:00:00Z,Aston Villa,Nottingham Forest
2026/2027,prem,5795447,2026-09-12T14:00:00Z,Chelsea,Hull City
2026/2027,prem,5795449,2026-09-12T14:00:00Z,Crystal Palace,Ipswich Town
2026/2027,prem,5795451,2026-09-12T14:00:00Z,Liverpool,Fulham
2026/2027,prem,5795454,2026-09-12T16:30:00Z,Tottenham Hotspur,Everton
2026/2027,prem,5795453,2026-09-12T19:00:00Z,Sunderland,Arsenal
2026/2027,prem,5795448,2026-09-13T13:00:00Z,Coventry City,Brighton & Hove Albion
2026/2027,prem,5795452,2026-09-13T15:30:00Z,Manchester United,Manchester City
2026/2027,prem,5795450,2026-09-14T19:00:00Z,Leeds United,Newcastle United
2026/2027,prem,5795456,2026-09-18T19:00:00Z,Brentford,Chelsea
2026/2027,prem,5795464,2026-09-19T11:30:00Z,Tottenham Hotspur,Aston Villa
2026/2027,prem,5795457,2026-09-19T14:00:00Z,Brighton & Hove Albion,Arsenal
2026/2027,prem,5795458,2026-09-19T14:00:00Z,Everton,Ipswich Town
2026/2027,prem,5795462,2026-09-19T14:00:00Z,Newcastle United,Hull City
2026/2027,prem,5795463,2026-09-19T16:30:00Z,Nottingham Forest,Coventry City
2026/2027,prem,5795455,2026-09-20T13:00:00Z,AFC Bournemouth,Liverpool
2026/2027,prem,5795460,2026-09-20T13:00:00Z,Leeds United,Crystal Palace
2026/2027,prem,5795461,2026-09-20T13:00:00Z,Manchester City,Sunderland
2026/2027,prem,5795459,2026-09-20T15:30:00Z,Fulham,Manchester United
2026/2027,champions-league,6106295,2026-09-08T16:45:00Z,Club Brugge,Aston Villa
2026/2027,champions-league,6106286,2026-09-08T19:00:00Z,FC Porto,Manchester City
2026/2027,champions-league,6106246,2026-09-09T19:00:00Z,Liverpool,Atlético Madrid
2026/2027,champions-league,6106318,2026-09-09T19:00:00Z,Napoli,Arsenal
2026/2027,champions-league,6106293,2026-09-10T19:00:00Z,Manchester United,Sabah FK
2026/2027,europa-league,6112330,2026-09-16T19:00:00Z,Sunderland,AZ Alkmaar
2026/2027,europa-league,6112324,2026-09-17T19:00:00Z,Crystal Palace,Lech Poznań
2026/2027,europa-league,6112272,2026-09-17T19:00:00Z,Real Sociedad,AFC Bournemouth
2026/2027,conference-league,5988060,2026-08-20T17:00:00Z,Tromsø,Brighton & Hove Albion
2026/2027,conference-league,5988084,2026-08-27T18:30:00Z,Brighton & Hove Albion,Tromsø
2026/2027,efl-cup,6005656,2026-08-25T18:45:00Z,Ipswich Town,Leicester City
2026/2027,efl-cup,6005664,2026-08-25T18:45:00Z,Plymouth Argyle,Coventry City
2026/2027,efl-cup,6005644,2026-08-25T18:45:00Z,Stoke City,Hull City
2026/2027,efl-cup,6005660,2026-08-25T19:00:00Z,Birmingham City,Brentford
2026/2027,efl-cup,6005647,2026-08-25T19:00:00Z,Nottingham Forest,Leeds United
2026/2027,efl-cup,6005645,2026-08-26T18:45:00Z,Newcastle United,West Bromwich Albion
2026/2027,efl-cup,6005666,2026-08-26T18:45:00Z,Tottenham Hotspur,Charlton Athletic
2026/2027,efl-cup,6005650,2026-08-26T19:00:00Z,Preston North End,Everton
2026/2027,efl-cup,6005665,2026-08-27T18:30:00Z,Chelsea,Luton Town
2026/2027,efl-cup,6005663,2026-08-27T19:00:00Z,Fulham,AFC Wimbledon
2026/2027,efl-cup,6099334,2026-09-08T18:45:00Z,AFC Bournemouth,Lincoln City
2026/2027,efl-cup,6099328,2026-09-08T18:45:00Z,Crystal Palace,Middlesbrough
2026/2027,efl-cup,6099331,2026-09-08T18:45:00Z,Sunderland,Hull City
2026/2027,efl-cup,6099336,2026-09-08T19:00:00Z,Millwall,Newcastle United
2026/2027,efl-cup,6099342,2026-09-09T19:15:00Z,Chelsea,Leeds United
2026/2027,efl-cup,6099343,2026-09-15T18:45:00Z,West Ham United,Fulham
2026/2027,efl-cup,6099332,2026-09-15T19:00:00Z,Ipswich Town,Arsenal
2026/2027,efl-cup,6099335,2026-09-15T19:00:00Z,Liverpool,Tottenham Hotspur
2026/2027,efl-cup,6099340,2026-09-15T19:00:00Z,Reading,Brentford
2026/2027,efl-cup,6099338,2026-09-16T18:45:00Z,Everton,Wolverhampton Wanderers
2026/2027,efl-cup,6099333,2026-09-16T19:00:00Z,Coventry City,Aston Villa
2026/2027,efl-cup,6099329,2026-09-16T19:00:00Z,Manchester United,Brighton & Hove Albion
2026/2027,efl-cup,6099330,2026-09-17T18:30:00Z,Manchester City,Norwich City
