fixture_uuid,player_uuid,canonical_name,gw,team_id,position,cutoff,kickoff,first_season_observation,prior_season_fixtures,registration_rows,active_registration_rows_before_cutoff,state_rows_before_cutoff,missing_components,recovery_status
01b894d5-057a-530b-917f-9397231a3249,a6bdefcf-d1cc-5cf5-b107-5db1175ae6d7,Charlie Stevens,22,4,MID,2026-01-17T11:00:00+00:00,2026-01-19T20:00:00Z,2026-01-19T20:00:00Z,0,0,0,0,goal_mu|assist_mu|mu_dc|p_yellow|p_red,blocked_no_prior_history_or_registration
1d93b2bc-9b09-5ae2-aa5b-82d56694fa9c,d64982ba-72ef-52d6-b8fe-3706499963ab,Conor Gallagher,22,18,MID,2026-01-17T11:00:00+00:00,2026-01-17T15:00:00Z,2026-01-17T15:00:00Z,0,0,0,0,goal_mu|assist_mu|mu_dc|p_yellow|p_red,blocked_no_prior_history_or_registration
89e2194a-5d18-5d77-8037-92733cd9c97f,f7819d5a-97b7-5cd3-b00d-4a24f02de6d0,Kaye Furo,22,5,FWD,2026-01-17T11:00:00+00:00,2026-01-17T15:00:00Z,2026-01-17T15:00:00Z,0,0,0,0,goal_mu|assist_mu|mu_dc|p_yellow|p_red,blocked_no_prior_history_or_registration
de9a09f3-6021-5322-bb75-a6a0dc72d91d,e68c597b-f82a-5110-a6b0-2ac05e79459f,Danny Imray,22,8,DEF,2026-01-17T11:00:00+00:00,2026-01-17T15:00:00Z,2026-01-17T15:00:00Z,0,0,0,0,goal_mu|assist_mu|mu_dc|p_yellow|p_red,blocked_no_prior_history_or_registration
1e0e866b-bb70-545e-b6dc-8a8424b208c6,9b794fd2-1f1b-52a8-bb5e-459a0ac2702e,Alex Tóth,23,4,MID,2026-01-24T11:00:00+00:00,2026-01-24T17:30:00Z,2026-01-24T17:30:00Z,0,0,0,0,goal_mu|assist_mu|mu_dc|p_yellow|p_red,blocked_no_prior_history_or_registration
cf2cfda2-d007-5839-984a-e3c0650fa9de,0bbf4c7c-2ef0-50b5-9f1d-7be9fb72ecfd,Teddy Sharman-Lowe,23,7,GK,2026-01-24T11:00:00+00:00,2026-01-25T14:00:00Z,2026-01-25T14:00:00Z,0,0,0,0,goal_mu|assist_mu|p_yellow|p_red,blocked_no_prior_history_or_registration
fe5e3103-d0cf-58a8-83c4-58f211edd29a,225f5e34-6fc2-5816-9440-78853ac977df,Djiamgone Jocelin Ta Bi,23,17,MID,2026-01-24T11:00:00+00:00,2026-01-24T12:30:00Z,2026-01-24T12:30:00Z,0,0,0,0,goal_mu|assist_mu|mu_dc|p_yellow|p_red,blocked_no_prior_history_or_registration
fe5e3103-d0cf-58a8-83c4-58f211edd29a,b6f95b82-3948-530a-af8b-7dc1803ca830,Keiber Lamadrid,23,19,MID,2026-01-24T11:00:00+00:00,2026-01-24T12:30:00Z,2026-01-24T12:30:00Z,0,0,0,0,goal_mu|assist_mu|mu_dc|p_yellow|p_red,blocked_no_prior_history_or_registration
1f5f3541-628d-5710-ae0c-dc82c8ae86d8,1551c664-1407-507c-a3f7-41b9bc63a0f8,Lorenzo Lucca,24,16,FWD,2026-01-31T13:30:00+00:00,2026-02-01T14:00:00Z,2026-02-01T14:00:00Z,0,0,0,0,goal_mu|assist_mu|mu_dc|p_yellow|p_red,blocked_no_prior_history_or_registration
30cc90ed-8f7d-5817-97c3-29b9acd76a4c,0832a3fd-b90b-54b3-8f2a-3ce07cc7b6bc,Rayan Vitor Simplício Rocha,24,4,MID,2026-01-31T13:30:00+00:00,2026-01-31T15:00:00Z,2026-01-31T15:00:00Z,0,0,0,0,goal_mu|assist_mu|mu_dc|p_yellow|p_red,blocked_no_prior_history_or_registration
30cc90ed-8f7d-5817-97c3-29b9acd76a4c,46aa1f65-58cf-5336-a5b9-987fec584086,Christos Mandas,24,4,GK,2026-01-31T13:30:00+00:00,2026-01-31T15:00:00Z,2026-01-31T15:00:00Z,0,0,0,0,goal_mu|assist_mu|p_yellow|p_red,blocked_no_prior_history_or_registration
30cc90ed-8f7d-5817-97c3-29b9acd76a4c,ab1bd1a1-7e46-5a2e-b6df-3f90bac73f90,Jerome Abbey,24,20,MID,2026-01-31T13:30:00+00:00,2026-01-31T15:00:00Z,2026-01-31T15:00:00Z,0,0,0,0,goal_mu|assist_mu|mu_dc|p_yellow|p_red,blocked_no_prior_history_or_registration
6f555168-6fa4-5bdb-ad1e-d646c8e0f78a,264b0f60-fa6c-50b7-8ef3-421507dcd83e,Luka Bentt,24,5,MID,2026-01-31T13:30:00+00:00,2026-02-01T14:00:00Z,2026-02-01T14:00:00Z,0,0,0,0,goal_mu|assist_mu|mu_dc|p_yellow|p_red,blocked_no_prior_history_or_registration
6f555168-6fa4-5bdb-ad1e-d646c8e0f78a,5dd58b2f-23b6-55e3-b59d-5617a42d6de1,Tammy Abraham,24,2,FWD,2026-01-31T13:30:00+00:00,2026-02-01T14:00:00Z,2026-02-01T14:00:00Z,0,0,0,0,goal_mu|assist_mu|mu_dc|p_yellow|p_red,blocked_no_prior_history_or_registration
f2500cd6-3213-514b-bc50-11600f2a02df,229e2aab-318b-5964-bc2e-1b5fcbac0a02,João Victor de Souza Menezes,24,18,DEF,2026-01-31T13:30:00+00:00,2026-02-01T16:30:00Z,2026-02-01T16:30:00Z,0,0,0,0,goal_mu|assist_mu|mu_dc|p_yellow|p_red,blocked_no_prior_history_or_registration
f2500cd6-3213-514b-bc50-11600f2a02df,6584a157-53e2-59c9-b7cd-10dfd78c4956,Rio Kyerematen,24,18,MID,2026-01-31T13:30:00+00:00,2026-02-01T16:30:00Z,2026-02-01T16:30:00Z,0,0,0,0,goal_mu|assist_mu|mu_dc|p_yellow|p_red,blocked_no_prior_history_or_registration
4366c228-7c85-5d35-8048-663446bd1b28,df240c75-117c-5865-8931-093b55e8d7fd,Luca Netz,25,16,DEF,2026-02-06T18:30:00+00:00,2026-02-06T20:00:00Z,2026-02-06T20:00:00Z,0,0,0,0,goal_mu|assist_mu|mu_dc|p_yellow|p_red,blocked_no_prior_history_or_registration
800418ef-112a-5f8a-9aae-e47025aa529d,b9aca1a6-3e7e-50d1-85c7-bc4c6432da09,Axel Disasi,25,19,DEF,2026-02-06T18:30:00+00:00,2026-02-07T15:00:00Z,2026-02-07T15:00:00Z,0,0,0,0,goal_mu|assist_mu|mu_dc|p_yellow|p_red,blocked_no_prior_history_or_registration
87451d9e-587c-5a4c-96ac-324aa773296b,6a84c769-ac8f-5aa6-b83b-8d51625d8b35,Melker Ellborg,25,17,GK,2026-02-06T18:30:00+00:00,2026-02-07T15:00:00Z,2026-02-07T15:00:00Z,0,0,0,0,goal_mu|assist_mu|p_yellow|p_red,blocked_no_prior_history_or_registration
87451d9e-587c-5a4c-96ac-324aa773296b,a213c4ca-4778-5981-91eb-7708f7294de0,Nilson Angulo,25,17,MID,2026-02-06T18:30:00+00:00,2026-02-07T15:00:00Z,2026-02-07T15:00:00Z,0,0,0,0,goal_mu|assist_mu|mu_dc|p_yellow|p_red,blocked_no_prior_history_or_registration
f5b8d4db-d7b4-5da2-a157-94fd8af41961,15d02b2c-303d-5403-b3ee-c1bb398578ae,Angel Gomes,25,20,MID,2026-02-06T18:30:00+00:00,2026-02-07T15:00:00Z,2026-02-07T15:00:00Z,0,0,0,0,goal_mu|assist_mu|mu_dc|p_yellow|p_red,blocked_no_prior_history_or_registration
f5b8d4db-d7b4-5da2-a157-94fd8af41961,ef5625b9-1910-5982-85f1-1966467ad375,Adam Armstrong,25,20,FWD,2026-02-06T18:30:00+00:00,2026-02-07T15:00:00Z,2026-02-07T15:00:00Z,0,0,0,0,goal_mu|assist_mu|mu_dc|p_yellow|p_red,blocked_no_prior_history_or_registration
c24850ac-b48a-5ac5-91e3-bc422c2e52a4,71b42af1-caa4-5720-9bcf-3d24a9ee0c81,James Wilson,27,18,FWD,2026-02-21T13:30:00+00:00,2026-02-22T16:30:00Z,2026-02-22T16:30:00Z,0,0,0,0,goal_mu|assist_mu|mu_dc|p_yellow|p_red,blocked_no_prior_history_or_registration
47e684ca-483b-5eca-8ec1-c94a86f9452a,bb2b3164-02e8-5f8e-a60c-627d9ed7a85b,Ollie Shield,28,5,DEF,2026-02-27T18:30:00+00:00,2026-02-28T15:00:00Z,2026-02-28T15:00:00Z,0,0,0,0,goal_mu|assist_mu|mu_dc|p_yellow|p_red,blocked_no_prior_history_or_registration
1e6f4756-7e43-5162-a518-806522137b05,d5a6f92e-7e3e-5c28-ab87-193b5bdcf225,Kian McMahon-Brown,29,3,MID,2026-03-03T18:00:00+00:00,2026-03-03T19:30:00Z,2026-03-03T19:30:00Z,0,0,0,0,goal_mu|assist_mu|mu_dc|p_yellow|p_red,blocked_no_prior_history_or_registration
7729aaf4-dd5e-5f38-a0a4-430fccf34c7c,68f4401f-2df4-5fca-a67e-3dc99572dc52,Jaydon Jones,30,17,MID,2026-03-14T13:30:00+00:00,2026-03-14T15:00:00Z,2026-03-14T15:00:00Z,0,0,0,0,goal_mu|assist_mu|mu_dc|p_yellow|p_red,blocked_no_prior_history_or_registration
7729aaf4-dd5e-5f38-a0a4-430fccf34c7c,b810772c-a39d-5e4e-98c0-8186441eb52c,Jack Whittaker,30,17,MID,2026-03-14T13:30:00+00:00,2026-03-14T15:00:00Z,2026-03-14T15:00:00Z,0,0,0,0,goal_mu|assist_mu|mu_dc|p_yellow|p_red,blocked_no_prior_history_or_registration
09eed520-5d17-51e8-8b91-f6b3a3579507,84a81438-2d6f-5b57-9f53-a19eb89da5ec,Conor McManus,31,5,DEF,2026-03-20T18:30:00+00:00,2026-03-21T20:00:00Z,2026-03-21T20:00:00Z,0,0,0,0,goal_mu|assist_mu|mu_dc|p_yellow|p_red,blocked_no_prior_history_or_registration
09eed520-5d17-51e8-8b91-f6b3a3579507,a6ed8ddf-dbbe-57e0-85cb-f4de4f26a559,Joshua Stephenson,31,5,DEF,2026-03-20T18:30:00+00:00,2026-03-21T20:00:00Z,2026-03-21T20:00:00Z,0,0,0,0,goal_mu|assist_mu|mu_dc|p_yellow|p_red,blocked_no_prior_history_or_registration
1ce47acb-bab6-57a0-b8fc-b4936d9f71f7,f5aa8296-17cf-55f8-94a2-fa0e2ef64071,Finlay Herrick,31,19,GK,2026-03-20T18:30:00+00:00,2026-03-22T14:15:00Z,2026-03-22T14:15:00Z,0,0,0,0,goal_mu|assist_mu|p_yellow|p_red,blocked_no_prior_history_or_registration
875862ec-2f61-5965-8e94-d3ed55e4bf3f,49be184d-c700-5f44-b645-1ba5d87d644b,Riley Owen,32,5,MID,2026-04-10T17:30:00+00:00,2026-04-11T14:00:00Z,2026-04-11T14:00:00Z,0,0,0,0,goal_mu|assist_mu|mu_dc|p_yellow|p_red,blocked_no_prior_history_or_registration
14980272-dff9-5025-a8ef-deeed283d4ce,33ac99dd-6169-5c59-bc88-cc17620c7707,Jesse Derry,33,7,MID,2026-04-18T10:00:00+00:00,2026-04-18T19:00:00Z,2026-04-18T19:00:00Z,0,0,0,0,goal_mu|assist_mu|mu_dc|p_yellow|p_red,blocked_no_prior_history_or_registration
14980272-dff9-5025-a8ef-deeed283d4ce,90d13749-3400-5b29-97ac-80155b4b938a,Jim Thwaites,33,14,MID,2026-04-18T10:00:00+00:00,2026-04-18T19:00:00Z,2026-04-18T19:00:00Z,0,0,0,0,goal_mu|assist_mu|mu_dc|p_yellow|p_red,blocked_no_prior_history_or_registration
bd6a2d47-5dc1-5837-8700-c916a4a9191c,5ef88ee7-67ce-5ea6-9f7d-768590a17478,Alfie Brooks,33,20,GK,2026-04-18T10:00:00+00:00,2026-04-18T14:00:00Z,2026-04-18T14:00:00Z,0,0,0,0,goal_mu|assist_mu|p_yellow|p_red,blocked_no_prior_history_or_registration
35e69758-b8a6-5f8b-9c26-dc2813d81978,e4e14fae-4616-5bcb-8b8f-ada565c92ea4,Will Wright,34,12,FWD,2026-04-24T17:30:00+00:00,2026-04-25T14:00:00Z,2026-04-25T14:00:00Z,0,0,0,0,goal_mu|assist_mu|mu_dc|p_yellow|p_red,blocked_no_prior_history_or_registration
1b47cbbf-a45e-55fb-ad9b-c13fd7e12a53,96b97687-bd96-58d8-8dfd-1851ec2fee31,Josh Gracey,35,20,GK,2026-05-01T17:30:00+00:00,2026-05-02T14:00:00Z,2026-05-02T14:00:00Z,0,0,0,0,goal_mu|assist_mu|p_yellow|p_red,blocked_no_prior_history_or_registration
b1b0e185-0108-508b-aa08-e3732938787f,ca26a4ce-2ced-5022-9763-3d7960d87d9c,Talla Ndiaye,35,12,DEF,2026-05-01T17:30:00+00:00,2026-05-03T14:30:00Z,2026-05-03T14:30:00Z,0,0,0,0,goal_mu|assist_mu|mu_dc|p_yellow|p_red,blocked_no_prior_history_or_registration
3b0bba38-af04-5460-b39f-e5c32eaf27ff,4e72762a-5c28-5795-936d-65cb49191866,Jimmy Sinclair,36,16,MID,2026-05-09T10:00:00+00:00,2026-05-10T13:00:00Z,2026-05-10T13:00:00Z,0,0,0,0,goal_mu|assist_mu|mu_dc|p_yellow|p_red,blocked_no_prior_history_or_registration
3b0bba38-af04-5460-b39f-e5c32eaf27ff,898f1b7b-a9b5-5b6f-a89b-cd0242564fee,Archie Whitehall,36,16,MID,2026-05-09T10:00:00+00:00,2026-05-10T13:00:00Z,2026-05-10T13:00:00Z,0,0,0,0,goal_mu|assist_mu|mu_dc|p_yellow|p_red,blocked_no_prior_history_or_registration
4969d7af-c9d1-5c54-8620-d87f0b49cff8,45e56d29-fbb6-5964-afdf-bc8805b99518,Ryan Kavuma-McQueen,36,7,MID,2026-05-09T10:00:00+00:00,2026-05-09T11:30:00Z,2026-05-09T11:30:00Z,0,0,0,0,goal_mu|assist_mu|mu_dc|p_yellow|p_red,blocked_no_prior_history_or_registration
4969d7af-c9d1-5c54-8620-d87f0b49cff8,fe9a1543-b64c-5f41-9c1e-8ceab47a9679,Mathis Eboué,36,7,MID,2026-05-09T10:00:00+00:00,2026-05-09T11:30:00Z,2026-05-09T11:30:00Z,0,0,0,0,goal_mu|assist_mu|mu_dc|p_yellow|p_red,blocked_no_prior_history_or_registration
ca09b971-bf08-55a8-9cf4-b93f3c0604e1,224e0505-bb1f-5108-9049-89f41bbc562d,Rhys Chadwick,36,11,MID,2026-05-09T10:00:00+00:00,2026-05-11T19:00:00Z,2026-05-11T19:00:00Z,0,0,0,0,goal_mu|assist_mu|mu_dc|p_yellow|p_red,blocked_no_prior_history_or_registration
ca09b971-bf08-55a8-9cf4-b93f3c0604e1,75309ae5-7034-59b3-88da-c65d78251de3,Jayden Lienou,36,11,DEF,2026-05-09T10:00:00+00:00,2026-05-11T19:00:00Z,2026-05-11T19:00:00Z,0,0,0,0,goal_mu|assist_mu|mu_dc|p_yellow|p_red,blocked_no_prior_history_or_registration
58063874-83a0-58d3-88f4-272c896d19f4,8aed7572-0495-5ac2-820c-f11d789d946b,Alfie Cresswell,37,11,MID,2026-05-15T17:30:00+00:00,2026-05-17T14:00:00Z,2026-05-17T14:00:00Z,0,0,0,0,goal_mu|assist_mu|mu_dc|p_yellow|p_red,blocked_no_prior_history_or_registration
ba89faf8-3800-548a-951b-e5d7ed60ed05,e193642b-a6b4-53a0-9d0e-1e71ab70a347,Shumaira Mheuka,37,7,FWD,2026-05-15T17:30:00+00:00,2026-05-19T19:15:00Z,2026-05-19T19:15:00Z,0,0,0,0,goal_mu|assist_mu|mu_dc|p_yellow|p_red,blocked_no_prior_history_or_registration
b301f28c-fc51-5c77-a542-a88c0f632cb3,2f9b6017-607a-59e7-b6c2-0babd2f20952,Lamin Sillah,38,16,FWD,2026-05-24T13:30:00+00:00,2026-05-24T15:00:00Z,2026-05-24T15:00:00Z,0,0,0,0,goal_mu|assist_mu|mu_dc|p_yellow|p_red,blocked_no_prior_history_or_registration
