gw,score,cumulative,transfers,hit_cost,bank
1,49,49,0,0,1.0
2,55,104,5,16,0.0
3,64,168,2,4,0.9
4,59,227,2,4,1.9
5,47,274,1,0,1.9
6,44,318,5,16,0.4
7,65,383,3,8,1.5
8,70,453,1,0,1.0
9,55,508,1,0,0.4
10,82,590,1,0,0.5
11,30,620,1,0,0.3
12,42,662,2,4,0.5
13,57,719,1,0,1.7
14,39,758,2,4,2.4
15,49,807,1,0,0.6
16,58,865,1,0,0.5
17,62,927,2,4,0.5
18,20,947,3,8,0.8
19,52,999,2,4,0.0
20,76,1075,2,4,0.3
21,41,1116,1,0,1.0
22,59,1175,2,4,0.5
23,26,1201,1,0,1.1
24,61,1262,1,0,1.7
25,61,1323,1,0,2.1
26,40,1363,3,8,0.5
27,39,1402,1,0,0.1
28,68,1470,1,0,0.3
29,67,1537,3,8,2.2
30,57,1594,1,0,3.1
31,41,1635,3,8,5.6
32,77,1712,1,0,3.0
33,99,1811,1,0,2.2
34,40,1851,2,4,0.5
35,52,1903,2,4,0.2
36,74,1977,1,0,2.5
37,48,2025,1,0,0.2
38,29,2054,1,0,0.5
