gw,cutoff,tier,usable_player_rows,mapped,unresolved,carry_forward_rows,unchanged_news_rows,selected_observation,observation_age_hours,post_deadline_excluded_rows
1,2025-08-15T17:30:00Z,strict,0,0,0,0,0,,,685
2,2025-08-22T17:30:00Z,strict,698,698,0,0,0,2025-08-22T12:51:18Z,4.645,699
3,2025-08-30T10:00:00Z,strict,709,709,0,0,636,2025-08-30T06:32:24Z,3.46,709
4,2025-09-13T10:00:00Z,strict,738,738,0,0,570,2025-09-13T06:31:30Z,3.475,738
5,2025-09-20T10:00:00Z,strict,740,740,0,0,682,2025-09-20T06:32:44Z,3.4544444444444444,740
6,2025-09-27T10:00:00Z,strict,741,741,0,0,647,2025-09-27T06:31:28Z,3.4755555555555557,741
7,2025-10-03T17:30:00Z,strict,742,742,0,0,696,2025-10-03T12:49:33Z,4.674166666666666,742
8,2025-10-18T10:00:00Z,strict,743,743,0,0,649,2025-10-18T06:33:29Z,3.4419444444444443,743
9,2025-10-24T17:30:00Z,strict,745,745,0,0,688,2025-10-24T12:54:05Z,4.598611111111111,745
10,2025-11-01T13:30:00Z,strict,746,746,0,0,669,2025-11-01T12:47:30Z,0.7083333333333334,746
11,2025-11-08T11:00:00Z,strict,748,748,0,0,698,2025-11-08T06:34:34Z,4.4238888888888885,748
12,2025-11-22T11:00:00Z,strict,752,752,0,0,671,2025-11-22T06:34:57Z,4.4175,752
13,2025-11-29T13:30:00Z,strict,755,755,0,0,697,2025-11-29T12:50:59Z,0.6502777777777777,755
14,2025-12-02T18:00:00Z,strict,755,755,0,0,722,2025-12-02T12:58:12Z,5.03,756
15,2025-12-06T11:00:00Z,strict,758,758,0,0,698,2025-12-06T06:36:43Z,4.388055555555556,758
16,2025-12-13T13:30:00Z,strict,759,759,0,0,680,2025-12-13T12:52:03Z,0.6325,759
17,2025-12-20T11:00:00Z,strict,760,760,0,0,666,2025-12-20T06:38:42Z,4.355,760
18,2025-12-26T18:30:00Z,strict,770,770,0,0,709,2025-12-26T12:55:41Z,5.571944444444444,770
19,2025-12-30T18:00:00Z,strict,775,775,0,0,714,2025-12-30T12:58:21Z,5.0275,775
20,2026-01-03T11:00:00Z,strict,780,780,0,0,704,2026-01-03T06:40:45Z,4.320833333333334,780
21,2026-01-06T18:30:00Z,strict,790,790,0,0,734,2026-01-06T12:59:04Z,5.515555555555555,792
22,2026-01-17T11:00:00Z,strict,796,796,0,0,641,2026-01-17T06:39:59Z,4.333611111111111,796
23,2026-01-24T11:00:00Z,strict,802,802,0,0,706,2026-01-24T06:40:59Z,4.316944444444444,802
24,2026-01-31T13:30:00Z,strict,808,808,0,0,713,2026-01-31T13:03:10Z,0.44722222222222224,808
25,2026-02-06T18:30:00Z,strict,817,817,0,0,730,2026-02-06T13:15:56Z,5.234444444444445,817
26,2026-02-10T18:00:00Z,strict,817,817,0,0,748,2026-02-10T13:41:11Z,4.313611111111111,817
27,2026-02-21T13:30:00Z,strict,817,817,0,0,745,2026-02-21T13:04:02Z,0.43277777777777776,817
28,2026-02-27T18:30:00Z,strict,818,818,0,0,771,2026-02-27T13:14:48Z,5.253333333333333,818
29,2026-03-03T18:00:00Z,strict,819,819,0,0,771,2026-03-03T13:14:33Z,4.7575,819
30,2026-03-14T13:30:00Z,strict,820,820,0,0,737,2026-03-14T13:08:26Z,0.35944444444444446,820
31,2026-03-20T18:30:00Z,strict,822,822,0,0,758,2026-03-20T13:16:06Z,5.2316666666666665,822
32,2026-04-10T17:30:00Z,strict,825,825,0,0,737,2026-04-10T13:27:00Z,4.05,825
33,2026-04-18T10:00:00Z,strict,826,826,0,0,745,2026-04-18T07:20:01Z,2.6663888888888887,826
34,2026-04-24T17:30:00Z,strict,829,829,0,0,784,2026-04-24T13:55:23Z,3.5769444444444445,829
35,2026-05-01T17:30:00Z,strict,830,830,0,0,779,2026-05-01T13:43:56Z,3.767777777777778,830
36,2026-05-09T10:00:00Z,strict,832,832,0,0,764,2026-05-09T08:04:19Z,1.9280555555555556,832
37,2026-05-15T17:30:00Z,strict,838,838,0,0,790,2026-05-15T14:24:05Z,3.098611111111111,838
38,2026-05-24T13:30:00Z,strict,840,840,0,0,782,2026-05-24T08:39:54Z,4.835,840
1,2025-08-15T17:30:00Z,archive_clock_conditional,685,685,0,0,0,2025-08-15T12:52:48Z,4.62,685
2,2025-08-22T17:30:00Z,archive_clock_conditional,698,698,0,0,625,2025-08-22T12:51:15Z,4.645833333333333,699
3,2025-08-30T10:00:00Z,archive_clock_conditional,709,709,0,0,636,2025-08-30T06:32:21Z,3.4608333333333334,709
4,2025-09-13T10:00:00Z,archive_clock_conditional,738,738,0,0,570,2025-09-13T06:31:27Z,3.4758333333333336,738
5,2025-09-20T10:00:00Z,archive_clock_conditional,740,740,0,0,682,2025-09-20T06:32:41Z,3.455277777777778,740
6,2025-09-27T10:00:00Z,archive_clock_conditional,741,741,0,0,647,2025-09-27T06:31:24Z,3.4766666666666666,741
7,2025-10-03T17:30:00Z,archive_clock_conditional,742,742,0,0,696,2025-10-03T12:49:29Z,4.675277777777778,742
8,2025-10-18T10:00:00Z,archive_clock_conditional,743,743,0,0,649,2025-10-18T06:33:27Z,3.4425,743
9,2025-10-24T17:30:00Z,archive_clock_conditional,745,745,0,0,688,2025-10-24T12:54:01Z,4.599722222222222,745
10,2025-11-01T13:30:00Z,archive_clock_conditional,746,746,0,0,669,2025-11-01T12:47:26Z,0.7094444444444444,746
11,2025-11-08T11:00:00Z,archive_clock_conditional,748,748,0,0,698,2025-11-08T06:34:31Z,4.424722222222222,748
12,2025-11-22T11:00:00Z,archive_clock_conditional,752,752,0,0,671,2025-11-22T06:34:54Z,4.418333333333333,752
13,2025-11-29T13:30:00Z,archive_clock_conditional,755,755,0,0,697,2025-11-29T12:50:56Z,0.6511111111111111,755
14,2025-12-02T18:00:00Z,archive_clock_conditional,755,755,0,0,722,2025-12-02T12:58:09Z,5.030833333333334,756
15,2025-12-06T11:00:00Z,archive_clock_conditional,758,758,0,0,698,2025-12-06T06:36:39Z,4.389166666666667,758
16,2025-12-13T13:30:00Z,archive_clock_conditional,759,759,0,0,680,2025-12-13T12:51:59Z,0.6336111111111111,759
17,2025-12-20T11:00:00Z,archive_clock_conditional,760,760,0,0,666,2025-12-20T06:38:39Z,4.355833333333333,760
18,2025-12-26T18:30:00Z,archive_clock_conditional,770,770,0,0,709,2025-12-26T12:55:38Z,5.572777777777778,770
19,2025-12-30T18:00:00Z,archive_clock_conditional,775,775,0,0,714,2025-12-30T12:58:17Z,5.028611111111111,775
20,2026-01-03T11:00:00Z,archive_clock_conditional,780,780,0,0,704,2026-01-03T06:40:40Z,4.322222222222222,780
21,2026-01-06T18:30:00Z,archive_clock_conditional,790,790,0,0,734,2026-01-06T12:59:00Z,5.516666666666667,792
22,2026-01-17T11:00:00Z,archive_clock_conditional,796,796,0,0,641,2026-01-17T06:39:55Z,4.334722222222222,796
23,2026-01-24T11:00:00Z,archive_clock_conditional,802,802,0,0,706,2026-01-24T06:40:56Z,4.317777777777778,802
24,2026-01-31T13:30:00Z,archive_clock_conditional,808,808,0,0,713,2026-01-31T13:03:07Z,0.44805555555555554,808
25,2026-02-06T18:30:00Z,archive_clock_conditional,817,817,0,0,730,2026-02-06T13:15:51Z,5.235833333333333,817
26,2026-02-10T18:00:00Z,archive_clock_conditional,817,817,0,0,748,2026-02-10T13:41:08Z,4.314444444444445,817
27,2026-02-21T13:30:00Z,archive_clock_conditional,817,817,0,0,745,2026-02-21T13:03:59Z,0.4336111111111111,817
28,2026-02-27T18:30:00Z,archive_clock_conditional,818,818,0,0,771,2026-02-27T13:14:45Z,5.254166666666666,818
29,2026-03-03T18:00:00Z,archive_clock_conditional,819,819,0,0,771,2026-03-03T13:14:29Z,4.758611111111111,819
30,2026-03-14T13:30:00Z,archive_clock_conditional,820,820,0,0,737,2026-03-14T13:08:23Z,0.36027777777777775,820
31,2026-03-20T18:30:00Z,archive_clock_conditional,822,822,0,0,758,2026-03-20T13:16:03Z,5.2325,822
32,2026-04-10T17:30:00Z,archive_clock_conditional,825,825,0,0,737,2026-04-10T13:26:57Z,4.050833333333333,825
33,2026-04-18T10:00:00Z,archive_clock_conditional,826,826,0,0,745,2026-04-18T07:19:59Z,2.6669444444444443,826
34,2026-04-24T17:30:00Z,archive_clock_conditional,829,829,0,0,784,2026-04-24T13:55:19Z,3.5780555555555558,829
35,2026-05-01T17:30:00Z,archive_clock_conditional,830,830,0,0,779,2026-05-01T13:43:53Z,3.768611111111111,830
36,2026-05-09T10:00:00Z,archive_clock_conditional,832,832,0,0,764,2026-05-09T08:04:16Z,1.9288888888888889,832
37,2026-05-15T17:30:00Z,archive_clock_conditional,838,838,0,0,790,2026-05-15T14:24:01Z,3.0997222222222223,838
38,2026-05-24T13:30:00Z,archive_clock_conditional,840,840,0,0,782,2026-05-24T08:39:51Z,4.835833333333333,840
