feature,coefficient,abs_coefficient
perf_last_rating_proxy,0.4721798364514778,0.4721798364514778
perf_last_goal_assist,-0.20620230284426272,0.20620230284426272
perf_last_xgi,-0.1926287762734123,0.1926287762734123
perf_last_minutes,-0.1485896431887147,0.1485896431887147
perf_last_gk_actions,0.09186262233230216,0.09186262233230216
perf_hist_n,0.07967095648478487,0.07967095648478487
perf_last_dribbles,0.05792956600907853,0.05792956600907853
perf_last_goals_prevented,-0.04637263892697043,0.04637263892697043
perf_last_goals_conceded,-0.04548081989279585,0.04548081989279585
perf_last_chances,0.04211441600198626,0.04211441600198626
perf_last_dispossessed,0.0196720241855787,0.0196720241855787
perf_last_sot,0.01729171518932859,0.01729171518932859
perf_last_def_actions,-0.017021310767800234,0.017021310767800234
perf_last_pass_acc,0.015203314355980081,0.015203314355980081
