gw,score,cumulative,transfers,forced_transfers,hit_cost,bank,free_transfers_after,planner_objective,runtime_seconds
1,49,49,0,0,0,1.0,1,172.00977203395618,4.00625305199992
2,51,100,2,0,4,0.0,1,167.4254573529277,9.84464763799997
3,55,155,1,0,0,0.4,1,169.30054244770866,8.315789008999673
4,54,209,1,0,0,4.3,1,174.71904436337726,9.174391625000226
5,30,239,1,0,0,2.7,1,174.22908781362727,9.084722726000109
6,16,255,2,0,4,0.3,1,182.19114616057703,5.948390885999743
7,32,287,3,0,8,1.4,1,182.19844399557707,5.92749869499994
8,76,363,1,0,0,0.1,1,191.03857666297768,4.990210465000018
9,60,423,1,0,0,0.7,1,200.0008622598598,5.407088220999867
10,83,506,1,0,0,0.2,1,206.93446664121663,5.332666030999917
11,36,542,1,0,0,0.3,1,200.43443932727874,4.432110872000067
12,50,592,1,0,0,0.1,1,204.54568415739936,4.298535805000029
13,58,650,1,0,0,0.0,1,200.21980805977748,4.426650331000019
14,35,685,1,0,0,6.6,1,205.13595113417335,3.7259500670002126
15,39,724,1,0,0,7.1,1,188.9552738571115,4.115157482000086
16,55,779,1,0,0,6.2,1,192.30618261079272,5.091106612000203
17,60,839,2,0,4,0.8,1,192.36710641045414,3.9397920460000933
18,20,859,1,0,0,1.9,1,190.24729981433876,4.035319746999903
19,58,917,1,0,0,1.9,1,182.21474047396566,6.141776732999915
20,53,970,1,0,0,3.1,1,183.7855048427373,5.479051735000212
21,52,1022,1,0,0,2.5,1,190.80657772306,4.513517823999791
22,57,1079,1,0,0,0.1,1,186.45614318624084,5.329932235999877
23,25,1104,1,0,0,1.0,1,192.02714802802615,5.088481282999965
24,64,1168,1,0,0,0.9,1,196.5242147350719,7.95190016000015
25,61,1229,1,0,0,0.4,1,195.5870939461412,6.279414809000173
26,53,1282,1,0,0,2.4,1,204.2310108214748,7.287585715000205
27,49,1331,1,0,0,9.5,1,182.61626930042794,6.172897232000196
28,59,1390,1,0,0,7.9,1,179.84891518818614,9.89017216100001
29,81,1471,1,0,0,2.2,1,188.2058539662212,8.76286527000002
30,60,1531,1,0,0,0.5,1,194.98467407890902,7.909218595999846
31,38,1569,1,0,0,2.6,1,196.99713023800115,6.563516941999751
32,57,1626,1,0,0,0.5,1,205.9236155243729,5.692645492999873
33,59,1685,1,0,0,0.9,1,208.93612221613358,5.68578212500006
34,52,1737,1,0,0,4.0,1,174.94640890115542,4.630959049000012
35,48,1785,1,0,0,3.3,1,172.9826845255984,4.406282964999718
36,65,1850,1,0,0,3.9,1,150.69301820725053,2.6573866839999027
37,79,1929,1,0,0,4.0,1,97.72567560035655,2.5195866600001864
38,35,1964,1,0,0,5.6,1,54.282336325288504,0.2519697899997482
