gw,arm,n,state_log_loss,state_brier,start_log_loss,start_brier,xmins_mae,xmins_rmse,xmins_bias,mean_p_start,mean_p_sub,actual_start_rate,actual_sub_rate
22,v4,799,0.6968250623593369,0.2694338231280856,0.26385478563342574,0.08279070102273267,12.461474628542044,23.605914215099954,-0.16610601604122402,0.27534418022528295,0.09530705609930837,0.2753441802252816,0.08886107634543179
22,v4_3state,799,0.6968250623593369,0.2694338231280856,0.26385478563342574,0.08279070102273267,12.461474628542044,23.605914215099954,-0.16610601604122402,0.27534418022528295,0.09530705609930837,0.2753441802252816,0.08886107634543179
23,v4,803,0.7587075175088932,0.2385995688234541,0.2148317545522725,0.0639640853568274,10.809775724422165,20.167760304838588,-0.03489606007061666,0.2739726027397254,0.09305020885256789,0.273972602739726,0.10336239103362391
23,v4_3state,803,0.7587075175088932,0.2385995688234541,0.2148317545522725,0.0639640853568274,10.809775724422165,20.167760304838588,-0.03489606007061666,0.2739726027397254,0.09305020885256789,0.273972602739726,0.10336239103362391
24,v4,811,0.7680429560960351,0.2437393135507771,0.24445473226189046,0.07378799708018123,11.263706863418578,21.293783959051975,-0.1282121626104233,0.2712700369913704,0.09711951659013028,0.2712700369913687,0.10110974106041924
24,v4_3state,811,0.7680429560960351,0.2437393135507771,0.24445473226189046,0.07378799708018123,11.263706863418578,21.293783959051975,-0.1282121626104233,0.2712700369913704,0.09711951659013028,0.2712700369913687,0.10110974106041924
25,v4,817,0.8302352440321048,0.24767573789119018,0.24803176343736033,0.07130900496207673,10.754712296424863,20.6506347810016,-0.15281077133804508,0.26927784577723735,0.09404680616729176,0.2692778457772338,0.10159118727050184
25,v4_3state,817,0.8302352440321048,0.24767573789119018,0.24803176343736033,0.07130900496207673,10.754712296424863,20.6506347810016,-0.15281077133804508,0.26927784577723735,0.09404680616729176,0.2692778457772338,0.10159118727050184
26,v4,896,0.5608520417606833,0.20671254791433843,0.23501954708956121,0.07210535463169251,11.017790946130999,20.63989012849571,-0.300065351092618,0.27008928571428265,0.09645685977580146,0.2700892857142857,0.09598214285714286
26,v4_3state,896,0.5608520417606833,0.20671254791433843,0.23501954708956121,0.07210535463169251,11.017790946130999,20.63989012849571,-0.300065351092618,0.27008928571428265,0.09645685977580146,0.2700892857142857,0.09598214285714286
27,v4,818,0.5785180812937807,0.21606534259338944,0.20646605555220277,0.05981965439335492,10.741162266358707,19.432492690968065,-0.2522452557543867,0.2689486552567232,0.09568222651615654,0.26894865525672373,0.0941320293398533
27,v4_3state,818,0.5785180812937807,0.21606534259338944,0.20646605555220277,0.05981965439335492,10.741162266358707,19.432492690968065,-0.2522452557543867,0.2689486552567232,0.09568222651615654,0.26894865525672373,0.0941320293398533
28,v4,819,0.5545701027679507,0.2143565821142609,0.2057454237057104,0.06043861633743441,10.335840364867979,19.611275400798924,-0.28419252553376223,0.2686202686202709,0.09130252027703616,0.2686202686202686,0.0989010989010989
28,v4_3state,819,0.5545701027679507,0.2143565821142609,0.2057454237057104,0.06043861633743441,10.335840364867979,19.611275400798924,-0.28419252553376223,0.2686202686202709,0.09130252027703616,0.2686202686202686,0.0989010989010989
29,v4,820,0.5258357880752045,0.22172477281541875,0.24689698185212464,0.07500270835094239,11.08676785832335,21.358681244619326,-0.19201580202747,0.2682926829268277,0.0928222118924922,0.2682926829268293,0.1048780487804878
29,v4_3state,820,0.5258357880752045,0.22172477281541875,0.24689698185212464,0.07500270835094239,11.08676785832335,21.358681244619326,-0.19201580202747,0.2682926829268277,0.0928222118924922,0.2682926829268293,0.1048780487804878
30,v4,822,0.7444279286104112,0.26778831290803523,0.28705339129579155,0.09422411410807094,13.170695158196297,23.96327688656849,-0.3504380400265083,0.2676399026763974,0.0979526326535392,0.26763990267639903,0.09245742092457421
30,v4_3state,822,0.7444279286104112,0.26778831290803523,0.28705339129579155,0.09422411410807094,13.170695158196297,23.96327688656849,-0.3504380400265083,0.2676399026763974,0.0979526326535392,0.26763990267639903,0.09245742092457421
31,v4,664,0.509843238069447,0.2202660116241303,0.21511032413132514,0.06528614760668038,10.810211904620473,20.217939552216514,-0.12639813773145828,0.2650602409638564,0.09195733794864913,0.26506024096385544,0.10090361445783133
31,v4_3state,664,0.509843238069447,0.2202660116241303,0.21511032413132514,0.06528614760668038,10.810211904620473,20.217939552216514,-0.12639813773145828,0.2650602409638564,0.09195733794864913,0.26506024096385544,0.10090361445783133
32,v4,826,0.7072343378972521,0.2601025094071657,0.2788091050248628,0.08822324710121995,14.062729960035027,23.458249699926903,-0.21129368443515475,0.2663438256658611,0.10067625502636465,0.26634382566585957,0.10048426150121065
32,v4_3state,826,0.7072343378972521,0.2601025094071657,0.2788091050248628,0.08822324710121995,14.062729960035027,23.458249699926903,-0.21129368443515475,0.2663438256658611,0.10067625502636465,0.26634382566585957,0.10048426150121065
33,v4,1077,0.6380745814022477,0.22035345633879047,0.2108876324336564,0.06262889671963735,10.430510173041805,19.904172565869093,-0.1342753820374109,0.26555246053853127,0.09308722123893184,0.265552460538533,0.09842154131847725
33,v4_3state,1077,0.6380745814022477,0.22035345633879047,0.2108876324336564,0.06262889671963735,10.430510173041805,19.904172565869093,-0.1342753820374109,0.26555246053853127,0.09308722123893184,0.265552460538533,0.09842154131847725
34,v4,582,0.5431021277610392,0.20291768170814622,0.21123338136592112,0.06628066212251402,10.216535298459386,20.176750639366585,-0.2100471071436748,0.2646048109965632,0.08871585276671229,0.2646048109965636,0.08762886597938144
34,v4_3state,582,0.5431021277610392,0.20291768170814622,0.21123338136592112,0.06628066212251402,10.216535298459386,20.176750639366585,-0.2100471071436748,0.2646048109965632,0.08871585276671229,0.2646048109965636,0.08762886597938144
35,v4,832,0.7466411522464781,0.27236907531935484,0.272860768787722,0.08482135910838927,11.493666129139577,22.12375846461016,-0.18367296841613,0.26442307692307737,0.08831894151838782,0.2644230769230769,0.10216346153846154
35,v4_3state,832,0.7466411522464781,0.27236907531935484,0.272860768787722,0.08482135910838927,11.493666129139577,22.12375846461016,-0.18367296841613,0.26442307692307737,0.08831894151838782,0.2644230769230769,0.10216346153846154
36,v4,920,0.5973138162544079,0.2380487761047431,0.2568543556200449,0.0811875655033262,12.104228406961818,22.95153944096533,-0.11809210156170309,0.2630434782608669,0.08996019643092347,0.26304347826086955,0.0891304347826087
36,v4_3state,920,0.5973138162544079,0.2380487761047431,0.2568543556200449,0.0811875655033262,12.104228406961818,22.95153944096533,-0.11809210156170309,0.2630434782608669,0.08996019643092347,0.26304347826086955,0.0891304347826087
37,v4,840,0.5099639046068183,0.21638175188316108,0.210883952472199,0.065225028103184,10.235552079962256,19.74989396110371,-0.15697213629391443,0.26190476190476014,0.0862243951905607,0.2619047619047619,0.10238095238095238
37,v4_3state,840,0.5099639046068183,0.21638175188316108,0.210883952472199,0.065225028103184,10.235552079962256,19.74989396110371,-0.15697213629391443,0.26190476190476014,0.0862243951905607,0.2619047619047619,0.10238095238095238
38,v4,841,0.8111659335050441,0.30094360963678285,0.33754937829494747,0.10700718134121937,13.810159202307885,25.961908250505243,-0.24869887730562715,0.2615933412604039,0.09173348391716572,0.2615933412604043,0.10939357907253269
38,v4_3state,841,0.8111659335050441,0.30094360963678285,0.33754937829494747,0.10700718134121937,13.810159202307885,25.961908250505243,-0.24869887730562715,0.2615933412604039,0.09173348391716572,0.2615933412604043,0.10939357907253269
