fixture_uuid,gw,cutoff,kickoff_at,postdeadline_fixtures_in_original_league_state,latest_unavailable_source_kickoff
006f69f1-9b0e-551d-bed7-448d3b640101,22,2026-01-17T11:00:00+00:00,2026-01-17T12:30:00Z,0,
1d93b2bc-9b09-5ae2-aa5b-82d56694fa9c,22,2026-01-17T11:00:00+00:00,2026-01-17T15:00:00Z,1,2026-01-17T12:30:00Z
6087d963-451a-5a7b-b016-d3853de520ea,22,2026-01-17T11:00:00+00:00,2026-01-17T15:00:00Z,2,2026-01-17T15:00:00Z
89e2194a-5d18-5d77-8037-92733cd9c97f,22,2026-01-17T11:00:00+00:00,2026-01-17T15:00:00Z,3,2026-01-17T15:00:00Z
c6221f70-6420-50cb-a8d9-aba5294bf856,22,2026-01-17T11:00:00+00:00,2026-01-17T15:00:00Z,4,2026-01-17T15:00:00Z
de9a09f3-6021-5322-bb75-a6a0dc72d91d,22,2026-01-17T11:00:00+00:00,2026-01-17T15:00:00Z,5,2026-01-17T15:00:00Z
3ee1da64-d7ba-53cf-918f-e24fe92a6eb6,22,2026-01-17T11:00:00+00:00,2026-01-17T17:30:00Z,6,2026-01-17T15:00:00Z
4e015d43-2cac-545a-a1a7-9b7b76e0b778,22,2026-01-17T11:00:00+00:00,2026-01-18T14:00:00Z,7,2026-01-17T17:30:00Z
03ba7107-f9dd-5a5e-8bcd-9aa4919ff36d,22,2026-01-17T11:00:00+00:00,2026-01-18T16:30:00Z,8,2026-01-18T14:00:00Z
01b894d5-057a-530b-917f-9397231a3249,22,2026-01-17T11:00:00+00:00,2026-01-19T20:00:00Z,9,2026-01-18T16:30:00Z
fe5e3103-d0cf-58a8-83c4-58f211edd29a,23,2026-01-24T11:00:00+00:00,2026-01-24T12:30:00Z,0,
7c80f6d1-598d-5dcc-b7e4-44865b2ed593,23,2026-01-24T11:00:00+00:00,2026-01-24T15:00:00Z,1,2026-01-24T12:30:00Z
9403bea8-f4be-5480-8cc6-7a1e94097a3f,23,2026-01-24T11:00:00+00:00,2026-01-24T15:00:00Z,2,2026-01-24T15:00:00Z
dc1d8946-e5da-5a50-b228-61e8601bc305,23,2026-01-24T11:00:00+00:00,2026-01-24T15:00:00Z,3,2026-01-24T15:00:00Z
1e0e866b-bb70-545e-b6dc-8a8424b208c6,23,2026-01-24T11:00:00+00:00,2026-01-24T17:30:00Z,4,2026-01-24T15:00:00Z
239ea4cb-1b2e-5d4d-91ca-19aaa3980d39,23,2026-01-24T11:00:00+00:00,2026-01-25T14:00:00Z,5,2026-01-24T17:30:00Z
cf2cfda2-d007-5839-984a-e3c0650fa9de,23,2026-01-24T11:00:00+00:00,2026-01-25T14:00:00Z,6,2026-01-25T14:00:00Z
dfe7f7c9-2226-54fe-8291-e1c23b5bb5fd,23,2026-01-24T11:00:00+00:00,2026-01-25T14:00:00Z,7,2026-01-25T14:00:00Z
d123315a-55ef-56e3-b21e-2aa9ff130593,23,2026-01-24T11:00:00+00:00,2026-01-25T16:30:00Z,8,2026-01-25T14:00:00Z
97b2d8d5-ad23-581e-a7ba-80ed12ecc351,23,2026-01-24T11:00:00+00:00,2026-01-26T20:00:00Z,9,2026-01-25T16:30:00Z
30cc90ed-8f7d-5817-97c3-29b9acd76a4c,24,2026-01-31T13:30:00+00:00,2026-01-31T15:00:00Z,0,
73cbcb0c-704f-544b-98be-2945eb6c0891,24,2026-01-31T13:30:00+00:00,2026-01-31T15:00:00Z,1,2026-01-31T15:00:00Z
7771779b-354a-5626-9f0f-129de4d443ba,24,2026-01-31T13:30:00+00:00,2026-01-31T15:00:00Z,2,2026-01-31T15:00:00Z
e2562928-63eb-5b52-9e4c-94f8ddca3e11,24,2026-01-31T13:30:00+00:00,2026-01-31T17:30:00Z,3,2026-01-31T15:00:00Z
8b19f294-8fed-5a60-8498-f5c9c1b8d138,24,2026-01-31T13:30:00+00:00,2026-01-31T20:00:00Z,4,2026-01-31T17:30:00Z
1f5f3541-628d-5710-ae0c-dc82c8ae86d8,24,2026-01-31T13:30:00+00:00,2026-02-01T14:00:00Z,5,2026-01-31T20:00:00Z
6f555168-6fa4-5bdb-ad1e-d646c8e0f78a,24,2026-01-31T13:30:00+00:00,2026-02-01T14:00:00Z,6,2026-02-01T14:00:00Z
7c7ef9d4-1e3b-5684-8a5f-8f641b36aa9d,24,2026-01-31T13:30:00+00:00,2026-02-01T14:00:00Z,7,2026-02-01T14:00:00Z
f2500cd6-3213-514b-bc50-11600f2a02df,24,2026-01-31T13:30:00+00:00,2026-02-01T16:30:00Z,8,2026-02-01T14:00:00Z
506fe9f4-c4a7-57b8-9b66-23314b429f92,24,2026-01-31T13:30:00+00:00,2026-02-02T20:00:00Z,9,2026-02-01T16:30:00Z
4366c228-7c85-5d35-8048-663446bd1b28,25,2026-02-06T18:30:00+00:00,2026-02-06T20:00:00Z,0,
3a27d648-a23e-5b47-aa0b-a8ecf1d098b4,25,2026-02-06T18:30:00+00:00,2026-02-07T12:30:00Z,1,2026-02-06T20:00:00Z
13a06bbe-773c-5050-a81a-5cecf3bc57eb,25,2026-02-06T18:30:00+00:00,2026-02-07T15:00:00Z,2,2026-02-07T12:30:00Z
800418ef-112a-5f8a-9aae-e47025aa529d,25,2026-02-06T18:30:00+00:00,2026-02-07T15:00:00Z,3,2026-02-07T15:00:00Z
87451d9e-587c-5a4c-96ac-324aa773296b,25,2026-02-06T18:30:00+00:00,2026-02-07T15:00:00Z,4,2026-02-07T15:00:00Z
d9ace39d-a5ca-5496-84cb-231df913a305,25,2026-02-06T18:30:00+00:00,2026-02-07T15:00:00Z,5,2026-02-07T15:00:00Z
f5b8d4db-d7b4-5da2-a157-94fd8af41961,25,2026-02-06T18:30:00+00:00,2026-02-07T15:00:00Z,6,2026-02-07T15:00:00Z
085aaeeb-84d3-58e5-8616-6a821bcd07d0,25,2026-02-06T18:30:00+00:00,2026-02-07T17:30:00Z,7,2026-02-07T15:00:00Z
c7bf9b15-363a-5871-9b7f-a786725d7ed3,25,2026-02-06T18:30:00+00:00,2026-02-08T14:00:00Z,8,2026-02-07T17:30:00Z
6df41fb2-db8a-58dc-bcef-43cc5f79f6d1,25,2026-02-06T18:30:00+00:00,2026-02-08T16:30:00Z,9,2026-02-08T14:00:00Z
112601d1-209f-5611-b63b-01d0992c4ddd,26,2026-02-10T18:00:00+00:00,2026-02-10T19:30:00Z,0,
798085e6-30c4-5023-9459-9ecd515df77f,26,2026-02-10T18:00:00+00:00,2026-02-10T19:30:00Z,1,2026-02-10T19:30:00Z
c843cd2e-5dfa-5148-ae4c-944a685f95dc,26,2026-02-10T18:00:00+00:00,2026-02-10T19:30:00Z,2,2026-02-10T19:30:00Z
e793b103-c5db-5d62-9227-c3f3b84c30aa,26,2026-02-10T18:00:00+00:00,2026-02-10T20:15:00Z,3,2026-02-10T19:30:00Z
081f5491-2f1e-5422-bb74-cd9ec55d87c9,26,2026-02-10T18:00:00+00:00,2026-02-11T19:30:00Z,4,2026-02-10T20:15:00Z
579fdcbf-5156-533a-8f5f-a9226e3d60d1,26,2026-02-10T18:00:00+00:00,2026-02-11T19:30:00Z,5,2026-02-11T19:30:00Z
a0ae96c4-499d-5d2a-9cc8-6d59f1b73917,26,2026-02-10T18:00:00+00:00,2026-02-11T19:30:00Z,6,2026-02-11T19:30:00Z
ec96ab00-9497-5a3e-b3ca-317abf912d08,26,2026-02-10T18:00:00+00:00,2026-02-11T19:40:00Z,7,2026-02-11T19:30:00Z
df7ba6cc-31bb-5cbf-8a2f-b79c5249f90f,26,2026-02-10T18:00:00+00:00,2026-02-11T20:15:00Z,8,2026-02-11T19:40:00Z
8dde84af-e5b8-502a-977d-f16249e0c5a0,26,2026-02-10T18:00:00+00:00,2026-02-12T20:00:00Z,9,2026-02-11T20:15:00Z
6a84969a-7d59-589c-94a0-d71eb1a266ff,26,2026-02-10T18:00:00+00:00,2026-02-18T20:00:00Z,10,2026-02-12T20:00:00Z
3670426a-a771-510e-9762-2f3db0f13f12,27,2026-02-21T13:30:00+00:00,2026-02-21T15:00:00Z,0,
7d478ee4-036e-5700-9dcd-a71ec1f2326a,27,2026-02-21T13:30:00+00:00,2026-02-21T15:00:00Z,1,2026-02-21T15:00:00Z
8a8173fc-ec21-5f23-879c-3fb3c88918a2,27,2026-02-21T13:30:00+00:00,2026-02-21T15:00:00Z,2,2026-02-21T15:00:00Z
d810d3c3-dec2-50fb-85ae-1b4d0b80559f,27,2026-02-21T13:30:00+00:00,2026-02-21T17:30:00Z,3,2026-02-21T15:00:00Z
0e68800a-19f1-5423-a940-7747c367f85b,27,2026-02-21T13:30:00+00:00,2026-02-21T20:00:00Z,4,2026-02-21T17:30:00Z
3a30f4e1-3142-58d9-9e6c-52cb2fb9f8b8,27,2026-02-21T13:30:00+00:00,2026-02-22T14:00:00Z,5,2026-02-21T20:00:00Z
765085cb-7964-5516-8303-f380c3d19685,27,2026-02-21T13:30:00+00:00,2026-02-22T14:00:00Z,6,2026-02-22T14:00:00Z
94ee8d5f-04da-5a31-92b9-3e1fbea7f464,27,2026-02-21T13:30:00+00:00,2026-02-22T14:00:00Z,7,2026-02-22T14:00:00Z
c24850ac-b48a-5ac5-91e3-bc422c2e52a4,27,2026-02-21T13:30:00+00:00,2026-02-22T16:30:00Z,8,2026-02-22T14:00:00Z
94338b30-8c36-517f-8821-7e38666f86c7,27,2026-02-21T13:30:00+00:00,2026-02-23T20:00:00Z,9,2026-02-22T16:30:00Z
31de2a73-94e2-5e1f-829e-f19990739961,28,2026-02-27T18:30:00+00:00,2026-02-27T20:00:00Z,0,
6c5986e0-8dbe-5289-99bb-f5fdd49bf3bf,28,2026-02-27T18:30:00+00:00,2026-02-28T12:30:00Z,1,2026-02-27T20:00:00Z
42e4a271-71e1-5966-a539-bf677d41e025,28,2026-02-27T18:30:00+00:00,2026-02-28T15:00:00Z,2,2026-02-28T12:30:00Z
47e684ca-483b-5eca-8ec1-c94a86f9452a,28,2026-02-27T18:30:00+00:00,2026-02-28T15:00:00Z,3,2026-02-28T15:00:00Z
94fcf566-2f2f-5764-a094-bd41afb36a13,28,2026-02-27T18:30:00+00:00,2026-02-28T15:00:00Z,4,2026-02-28T15:00:00Z
9fb7fb28-1745-597c-aab4-27fb0e6c5383,28,2026-02-27T18:30:00+00:00,2026-02-28T17:30:00Z,5,2026-02-28T15:00:00Z
37e41f76-f980-5cb3-9fc3-a71eeebed4f1,28,2026-02-27T18:30:00+00:00,2026-03-01T14:00:00Z,6,2026-02-28T17:30:00Z
3d697222-511a-5186-8b43-b412dd31f564,28,2026-02-27T18:30:00+00:00,2026-03-01T14:00:00Z,7,2026-03-01T14:00:00Z
bdf85bea-b20c-50f1-8dd7-c1351c7015e0,28,2026-02-27T18:30:00+00:00,2026-03-01T14:00:00Z,8,2026-03-01T14:00:00Z
e20ba8da-5c02-58df-ad17-3223c3c83acf,28,2026-02-27T18:30:00+00:00,2026-03-01T16:30:00Z,9,2026-03-01T14:00:00Z
10d060ee-1672-5636-98a1-8b9e8f3f850d,29,2026-03-03T18:00:00+00:00,2026-03-03T19:30:00Z,0,
1e6f4756-7e43-5162-a518-806522137b05,29,2026-03-03T18:00:00+00:00,2026-03-03T19:30:00Z,1,2026-03-03T19:30:00Z
8a75a887-d709-591e-8651-c5160a6f23f9,29,2026-03-03T18:00:00+00:00,2026-03-03T19:30:00Z,2,2026-03-03T19:30:00Z
4e3797d6-a1bb-50e5-9754-8c9a138c6c48,29,2026-03-03T18:00:00+00:00,2026-03-03T20:15:00Z,3,2026-03-03T19:30:00Z
0a9d6243-8e34-53a1-aac3-295adbb204df,29,2026-03-03T18:00:00+00:00,2026-03-04T19:30:00Z,4,2026-03-03T20:15:00Z
318ad40d-b456-558d-bca7-c9fa1aed3f94,29,2026-03-03T18:00:00+00:00,2026-03-04T19:30:00Z,5,2026-03-04T19:30:00Z
31ef1d95-b095-52ae-918e-26ed91e99a77,29,2026-03-03T18:00:00+00:00,2026-03-04T19:30:00Z,6,2026-03-04T19:30:00Z
52ecb34c-b2fd-592c-b014-dc770fdef03b,29,2026-03-03T18:00:00+00:00,2026-03-04T19:30:00Z,7,2026-03-04T19:30:00Z
79323fcf-ead5-5ef9-b1be-d211787d4251,29,2026-03-03T18:00:00+00:00,2026-03-04T20:15:00Z,8,2026-03-04T19:30:00Z
fef47b9a-ab98-50c0-a72f-57c356ba1514,29,2026-03-03T18:00:00+00:00,2026-03-05T20:00:00Z,9,2026-03-04T20:15:00Z
7729aaf4-dd5e-5f38-a0a4-430fccf34c7c,30,2026-03-14T13:30:00+00:00,2026-03-14T15:00:00Z,0,
b5ed6c3e-25b0-50e3-8e36-86250fd00a0b,30,2026-03-14T13:30:00+00:00,2026-03-14T15:00:00Z,1,2026-03-14T15:00:00Z
457d30c3-d5ec-5fbc-9e3e-b071192ded0c,30,2026-03-14T13:30:00+00:00,2026-03-14T17:30:00Z,2,2026-03-14T15:00:00Z
622cfd32-fefc-538b-92e0-7c761e8052b4,30,2026-03-14T13:30:00+00:00,2026-03-14T17:30:00Z,3,2026-03-14T17:30:00Z
ebb30294-ec65-5a92-a141-2fa11e9b549c,30,2026-03-14T13:30:00+00:00,2026-03-14T20:00:00Z,4,2026-03-14T17:30:00Z
17a9d946-6355-53b8-baf6-c49011bd1d69,30,2026-03-14T13:30:00+00:00,2026-03-15T14:00:00Z,5,2026-03-14T20:00:00Z
70cc935f-f357-52d9-b752-3a2a21e28e41,30,2026-03-14T13:30:00+00:00,2026-03-15T14:00:00Z,6,2026-03-15T14:00:00Z
bf65d025-43dc-57fa-842e-f2c6a2eb4f8c,30,2026-03-14T13:30:00+00:00,2026-03-15T14:00:00Z,7,2026-03-15T14:00:00Z
5766fb4a-8b72-52a7-9737-b231937d4d3c,30,2026-03-14T13:30:00+00:00,2026-03-15T16:30:00Z,8,2026-03-15T14:00:00Z
e07812fd-53bd-5cff-a85b-94bea63806fe,30,2026-03-14T13:30:00+00:00,2026-03-16T20:00:00Z,9,2026-03-15T16:30:00Z
f9e40dc0-3f7f-564f-aecb-0459ee9f4389,31,2026-03-20T18:30:00+00:00,2026-03-20T20:00:00Z,0,
54675f42-95ba-5491-a3fd-06557d576830,31,2026-03-20T18:30:00+00:00,2026-03-21T12:45:00Z,1,2026-03-20T20:00:00Z
8f269e69-30e8-524b-8bbd-2a4eba3eecb6,31,2026-03-20T18:30:00+00:00,2026-03-21T15:00:00Z,2,2026-03-21T12:45:00Z
039b583c-5bdc-51f2-8934-ef0b7746978e,31,2026-03-20T18:30:00+00:00,2026-03-21T17:30:00Z,3,2026-03-21T15:00:00Z
09eed520-5d17-51e8-8b91-f6b3a3579507,31,2026-03-20T18:30:00+00:00,2026-03-21T20:00:00Z,4,2026-03-21T17:30:00Z
7313aaff-81b0-56c8-87cc-36234384a14a,31,2026-03-20T18:30:00+00:00,2026-03-22T12:00:00Z,5,2026-03-21T20:00:00Z
1ce47acb-bab6-57a0-b8fc-b4936d9f71f7,31,2026-03-20T18:30:00+00:00,2026-03-22T14:15:00Z,6,2026-03-22T12:00:00Z
fd338246-8ad6-503a-aaa4-7c8328aae763,31,2026-03-20T18:30:00+00:00,2026-03-22T14:15:00Z,7,2026-03-22T14:15:00Z
3886cdbf-b8bc-5850-8a2a-d84384ac71f7,32,2026-04-10T17:30:00+00:00,2026-04-10T19:00:00Z,0,
b28efaf8-9f88-581f-b35a-177aca0f37a6,32,2026-04-10T17:30:00+00:00,2026-04-11T11:30:00Z,1,2026-04-10T19:00:00Z
5556a528-cdc7-5a14-8fd1-7f9b7820b711,32,2026-04-10T17:30:00+00:00,2026-04-11T14:00:00Z,2,2026-04-11T11:30:00Z
875862ec-2f61-5965-8e94-d3ed55e4bf3f,32,2026-04-10T17:30:00+00:00,2026-04-11T14:00:00Z,3,2026-04-11T14:00:00Z
3418c353-5740-5e88-81c0-761343aedea4,32,2026-04-10T17:30:00+00:00,2026-04-11T16:30:00Z,4,2026-04-11T14:00:00Z
4fe9f44c-bfba-5934-849a-d84876aa86e8,32,2026-04-10T17:30:00+00:00,2026-04-12T13:00:00Z,5,2026-04-11T16:30:00Z
ecd48097-3a63-58b6-a353-65332e720c42,32,2026-04-10T17:30:00+00:00,2026-04-12T13:00:00Z,6,2026-04-12T13:00:00Z
ee2e6f43-96fc-5070-b018-615238c06305,32,2026-04-10T17:30:00+00:00,2026-04-12T13:00:00Z,7,2026-04-12T13:00:00Z
6b1ba362-3ee7-5a51-8722-835e7613942b,32,2026-04-10T17:30:00+00:00,2026-04-12T15:30:00Z,8,2026-04-12T13:00:00Z
9d7e2609-879a-5940-b916-fce719c34570,32,2026-04-10T17:30:00+00:00,2026-04-13T19:00:00Z,9,2026-04-12T15:30:00Z
5e1fcbbc-fc52-5596-a3cd-5663e323f785,33,2026-04-18T10:00:00+00:00,2026-04-18T11:30:00Z,0,
39b8a542-1ee7-5117-ab73-ee2227c88c33,33,2026-04-18T10:00:00+00:00,2026-04-18T14:00:00Z,1,2026-04-18T11:30:00Z
bd6a2d47-5dc1-5837-8700-c916a4a9191c,33,2026-04-18T10:00:00+00:00,2026-04-18T14:00:00Z,2,2026-04-18T14:00:00Z
99445e05-228b-5b5b-b1fd-ade1bcefe99a,33,2026-04-18T10:00:00+00:00,2026-04-18T16:30:00Z,3,2026-04-18T14:00:00Z
14980272-dff9-5025-a8ef-deeed283d4ce,33,2026-04-18T10:00:00+00:00,2026-04-18T19:00:00Z,4,2026-04-18T16:30:00Z
02c1a42f-1cb3-5453-a3e8-cca6c129d901,33,2026-04-18T10:00:00+00:00,2026-04-19T13:00:00Z,5,2026-04-18T19:00:00Z
b18a9593-998b-5025-9442-b11f2c52f46c,33,2026-04-18T10:00:00+00:00,2026-04-19T13:00:00Z,6,2026-04-19T13:00:00Z
dd5772bc-85d8-5010-9a4b-eeb87df0c6be,33,2026-04-18T10:00:00+00:00,2026-04-19T13:00:00Z,7,2026-04-19T13:00:00Z
57b20b8b-c663-5991-a397-771f728fd27c,33,2026-04-18T10:00:00+00:00,2026-04-19T15:30:00Z,8,2026-04-19T13:00:00Z
23d8d932-ae60-5392-87a5-f4a01d1afc17,33,2026-04-18T10:00:00+00:00,2026-04-20T19:00:00Z,9,2026-04-19T15:30:00Z
16495e99-1e75-5b2f-a337-1dfde9ddfe08,33,2026-04-18T10:00:00+00:00,2026-04-21T19:00:00Z,10,2026-04-20T19:00:00Z
0cd96418-d40d-591e-8b10-b423d657377d,33,2026-04-18T10:00:00+00:00,2026-04-22T19:00:00Z,11,2026-04-21T19:00:00Z
30c97f8c-6a92-5b8d-9bc1-bf166aff4f6a,33,2026-04-18T10:00:00+00:00,2026-04-22T19:00:00Z,12,2026-04-22T19:00:00Z
5c73e3e5-e8ce-57af-9da1-880c34ac7495,34,2026-04-24T17:30:00+00:00,2026-04-24T19:00:00Z,0,
98cff3cf-1de8-5696-a0e6-f4967eacc3c6,34,2026-04-24T17:30:00+00:00,2026-04-25T11:30:00Z,1,2026-04-24T19:00:00Z
1c02d8a1-3fe4-50a6-a833-13460c80973f,34,2026-04-24T17:30:00+00:00,2026-04-25T14:00:00Z,2,2026-04-25T11:30:00Z
35e69758-b8a6-5f8b-9c26-dc2813d81978,34,2026-04-24T17:30:00+00:00,2026-04-25T14:00:00Z,3,2026-04-25T14:00:00Z
9f01409f-ff79-57df-908c-ea5de472f8ba,34,2026-04-24T17:30:00+00:00,2026-04-25T14:00:00Z,4,2026-04-25T14:00:00Z
de92aec0-17cd-521d-ae3d-f425ab7e09dd,34,2026-04-24T17:30:00+00:00,2026-04-25T16:30:00Z,5,2026-04-25T14:00:00Z
9ee83c24-99b9-5f01-a681-62d4f49c858d,34,2026-04-24T17:30:00+00:00,2026-04-27T19:00:00Z,6,2026-04-25T16:30:00Z
cd31646e-3d5b-5b6b-97a2-0f706664986c,35,2026-05-01T17:30:00+00:00,2026-05-01T19:00:00Z,0,
1b47cbbf-a45e-55fb-ad9b-c13fd7e12a53,35,2026-05-01T17:30:00+00:00,2026-05-02T14:00:00Z,1,2026-05-01T19:00:00Z
5c86a947-9f04-5f6a-8730-ff79513f254e,35,2026-05-01T17:30:00+00:00,2026-05-02T14:00:00Z,2,2026-05-02T14:00:00Z
836b6aa8-1074-5899-aa89-5cc8a995b88e,35,2026-05-01T17:30:00+00:00,2026-05-02T14:00:00Z,3,2026-05-02T14:00:00Z
7769decc-98b9-5b54-a4a3-fc4aa47199e9,35,2026-05-01T17:30:00+00:00,2026-05-02T16:30:00Z,4,2026-05-02T14:00:00Z
1ce6ee26-3057-5ae0-a140-416d1bd98ae2,35,2026-05-01T17:30:00+00:00,2026-05-03T13:00:00Z,5,2026-05-02T16:30:00Z
b1b0e185-0108-508b-aa08-e3732938787f,35,2026-05-01T17:30:00+00:00,2026-05-03T14:30:00Z,6,2026-05-03T13:00:00Z
82942d44-0127-5fda-9351-a16d844fb795,35,2026-05-01T17:30:00+00:00,2026-05-03T18:00:00Z,7,2026-05-03T14:30:00Z
95efeb72-d689-58fb-a022-ffad47516d80,35,2026-05-01T17:30:00+00:00,2026-05-04T14:00:00Z,8,2026-05-03T18:00:00Z
7018cf67-a775-5040-9faf-510b2df80879,35,2026-05-01T17:30:00+00:00,2026-05-04T19:00:00Z,9,2026-05-04T14:00:00Z
4969d7af-c9d1-5c54-8620-d87f0b49cff8,36,2026-05-09T10:00:00+00:00,2026-05-09T11:30:00Z,0,
25abf903-06d4-5b30-9573-1ca6d4317c79,36,2026-05-09T10:00:00+00:00,2026-05-09T14:00:00Z,1,2026-05-09T11:30:00Z
4573eab6-7249-598b-9af6-d00c7d62f223,36,2026-05-09T10:00:00+00:00,2026-05-09T14:00:00Z,2,2026-05-09T14:00:00Z
a32f57c7-b17f-5880-9c2f-5b6dca9ce31f,36,2026-05-09T10:00:00+00:00,2026-05-09T14:00:00Z,3,2026-05-09T14:00:00Z
25988556-93c6-5dfd-b380-96f4dd98805b,36,2026-05-09T10:00:00+00:00,2026-05-09T16:30:00Z,4,2026-05-09T14:00:00Z
3b0bba38-af04-5460-b39f-e5c32eaf27ff,36,2026-05-09T10:00:00+00:00,2026-05-10T13:00:00Z,5,2026-05-09T16:30:00Z
a978de95-3470-5a5c-8447-f0d0b4150448,36,2026-05-09T10:00:00+00:00,2026-05-10T13:00:00Z,6,2026-05-10T13:00:00Z
dfe891e4-ce71-5e78-94ea-cee9d70885e6,36,2026-05-09T10:00:00+00:00,2026-05-10T13:00:00Z,7,2026-05-10T13:00:00Z
e0ceee79-211e-5422-8a48-170a59ad8497,36,2026-05-09T10:00:00+00:00,2026-05-10T15:30:00Z,8,2026-05-10T13:00:00Z
ca09b971-bf08-55a8-9cf4-b93f3c0604e1,36,2026-05-09T10:00:00+00:00,2026-05-11T19:00:00Z,9,2026-05-10T15:30:00Z
092fe1c5-46c7-5bc7-a34b-822cf838d6ab,36,2026-05-09T10:00:00+00:00,2026-05-13T19:00:00Z,10,2026-05-11T19:00:00Z
08ddad76-4191-5baa-9d72-080d772df8a4,37,2026-05-15T17:30:00+00:00,2026-05-15T19:00:00Z,0,
31402e57-7c34-5b2c-8688-d29a2831522e,37,2026-05-15T17:30:00+00:00,2026-05-17T11:30:00Z,1,2026-05-15T19:00:00Z
58063874-83a0-58d3-88f4-272c896d19f4,37,2026-05-15T17:30:00+00:00,2026-05-17T14:00:00Z,2,2026-05-17T11:30:00Z
728090a6-8bed-5bb5-ba22-55caa5d0f65a,37,2026-05-15T17:30:00+00:00,2026-05-17T14:00:00Z,3,2026-05-17T14:00:00Z
dec351fa-176e-54ff-a391-5e41f9eeee09,37,2026-05-15T17:30:00+00:00,2026-05-17T14:00:00Z,4,2026-05-17T14:00:00Z
f0affde3-2d1e-534c-9399-e7418e760196,37,2026-05-15T17:30:00+00:00,2026-05-17T14:00:00Z,5,2026-05-17T14:00:00Z
b4ec0cde-d0bf-5e52-a05a-625335240554,37,2026-05-15T17:30:00+00:00,2026-05-17T16:30:00Z,6,2026-05-17T14:00:00Z
b05d8bbc-90bb-57d4-a3ff-25dce53593e4,37,2026-05-15T17:30:00+00:00,2026-05-18T19:00:00Z,7,2026-05-17T16:30:00Z
498f1104-1511-5cef-8345-ce9c66768ec7,37,2026-05-15T17:30:00+00:00,2026-05-19T18:30:00Z,8,2026-05-18T19:00:00Z
ba89faf8-3800-548a-951b-e5d7ed60ed05,37,2026-05-15T17:30:00+00:00,2026-05-19T19:15:00Z,9,2026-05-19T18:30:00Z
0b043207-694b-5497-889e-86b53e170e1a,38,2026-05-24T13:30:00+00:00,2026-05-24T15:00:00Z,0,
0d6a442b-e1f2-53f3-a9a8-0b75c19465d8,38,2026-05-24T13:30:00+00:00,2026-05-24T15:00:00Z,1,2026-05-24T15:00:00Z
53a5b9eb-ba57-5a74-9126-31f1c9776a9b,38,2026-05-24T13:30:00+00:00,2026-05-24T15:00:00Z,2,2026-05-24T15:00:00Z
7eb9f651-a02f-59cf-843e-8b905b79f98c,38,2026-05-24T13:30:00+00:00,2026-05-24T15:00:00Z,3,2026-05-24T15:00:00Z
9bd2ffae-fc89-5d81-90f1-964fb8e98ceb,38,2026-05-24T13:30:00+00:00,2026-05-24T15:00:00Z,4,2026-05-24T15:00:00Z
ae89dde2-06e5-5c3d-88d1-b18a3afac874,38,2026-05-24T13:30:00+00:00,2026-05-24T15:00:00Z,5,2026-05-24T15:00:00Z
b301f28c-fc51-5c77-a542-a88c0f632cb3,38,2026-05-24T13:30:00+00:00,2026-05-24T15:00:00Z,6,2026-05-24T15:00:00Z
dcb932a5-b690-59b8-8026-5a592284f9a8,38,2026-05-24T13:30:00+00:00,2026-05-24T15:00:00Z,7,2026-05-24T15:00:00Z
e1b64232-1ee4-522c-b106-e651d9eba4ea,38,2026-05-24T13:30:00+00:00,2026-05-24T15:00:00Z,8,2026-05-24T15:00:00Z
f82cddfd-b545-5509-9c99-a1ae615e0130,38,2026-05-24T13:30:00+00:00,2026-05-24T15:00:00Z,9,2026-05-24T15:00:00Z
