player_id,minutes_played_original,goals_original,minutes_played_current,goals_current,payload_membership,source_match_id,source_commit_original,original_fixture_kickoff,player_membership_changed,minutes_changed,goals_changed
1,90,0,90,0,both,25-26-champions-league-atletico-madrid-vs-arsenal,71106aaf83a5b27658ae25579954723dfa9ab8fd,2025-10-21T19:00:00+00:00,False,False,False
5,72,1,72,1,both,25-26-champions-league-atletico-madrid-vs-arsenal,71106aaf83a5b27658ae25579954723dfa9ab8fd,2025-10-21T19:00:00+00:00,False,False,False
6,90,0,90,0,both,25-26-champions-league-atletico-madrid-vs-arsenal,71106aaf83a5b27658ae25579954723dfa9ab8fd,2025-10-21T19:00:00+00:00,False,False,False
8,83,0,83,0,both,25-26-champions-league-atletico-madrid-vs-arsenal,71106aaf83a5b27658ae25579954723dfa9ab8fd,2025-10-21T19:00:00+00:00,False,False,False
10,90,0,90,0,both,25-26-champions-league-atletico-madrid-vs-arsenal,71106aaf83a5b27658ae25579954723dfa9ab8fd,2025-10-21T19:00:00+00:00,False,False,False
11,7,0,7,0,both,25-26-champions-league-atletico-madrid-vs-arsenal,71106aaf83a5b27658ae25579954723dfa9ab8fd,2025-10-21T19:00:00+00:00,False,False,False
16,90,0,90,0,both,25-26-champions-league-atletico-madrid-vs-arsenal,71106aaf83a5b27658ae25579954723dfa9ab8fd,2025-10-21T19:00:00+00:00,False,False,False
19,90,1,90,1,both,25-26-champions-league-atletico-madrid-vs-arsenal,71106aaf83a5b27658ae25579954723dfa9ab8fd,2025-10-21T19:00:00+00:00,False,False,False
21,90,0,90,0,both,25-26-champions-league-atletico-madrid-vs-arsenal,71106aaf83a5b27658ae25579954723dfa9ab8fd,2025-10-21T19:00:00+00:00,False,False,False
22,7,0,7,0,both,25-26-champions-league-atletico-madrid-vs-arsenal,71106aaf83a5b27658ae25579954723dfa9ab8fd,2025-10-21T19:00:00+00:00,False,False,False
24,17,0,17,0,both,25-26-champions-league-atletico-madrid-vs-arsenal,71106aaf83a5b27658ae25579954723dfa9ab8fd,2025-10-21T19:00:00+00:00,False,False,False
25,17,0,17,0,both,25-26-champions-league-atletico-madrid-vs-arsenal,71106aaf83a5b27658ae25579954723dfa9ab8fd,2025-10-21T19:00:00+00:00,False,False,False
26,73,0,73,0,both,25-26-champions-league-atletico-madrid-vs-arsenal,71106aaf83a5b27658ae25579954723dfa9ab8fd,2025-10-21T19:00:00+00:00,False,False,False
266,73,0,73,0,both,25-26-champions-league-atletico-madrid-vs-arsenal,71106aaf83a5b27658ae25579954723dfa9ab8fd,2025-10-21T19:00:00+00:00,False,False,False
662,18,0,18,0,both,25-26-champions-league-atletico-madrid-vs-arsenal,71106aaf83a5b27658ae25579954723dfa9ab8fd,2025-10-21T19:00:00+00:00,False,False,False
666,83,2,83,2,both,25-26-champions-league-atletico-madrid-vs-arsenal,71106aaf83a5b27658ae25579954723dfa9ab8fd,2025-10-21T19:00:00+00:00,False,False,False
469,90,0,90,0,both,25-26-champions-league-barcelona-vs-newcastle-united,1ce2a10d2ebe677fda8b6f3d1e7de9b22c38d04b,2025-09-18T19:00:00+00:00,False,False,False
474,63,0,63,0,both,25-26-champions-league-barcelona-vs-newcastle-united,1ce2a10d2ebe677fda8b6f3d1e7de9b22c38d04b,2025-09-18T19:00:00+00:00,False,False,False
475,14,0,14,0,both,25-26-champions-league-barcelona-vs-newcastle-united,1ce2a10d2ebe677fda8b6f3d1e7de9b22c38d04b,2025-09-18T19:00:00+00:00,False,False,False
476,90,0,90,0,both,25-26-champions-league-barcelona-vs-newcastle-united,1ce2a10d2ebe677fda8b6f3d1e7de9b22c38d04b,2025-09-18T19:00:00+00:00,False,False,False
477,90,0,90,0,both,25-26-champions-league-barcelona-vs-newcastle-united,1ce2a10d2ebe677fda8b6f3d1e7de9b22c38d04b,2025-09-18T19:00:00+00:00,False,False,False
478,76,0,76,0,both,25-26-champions-league-barcelona-vs-newcastle-united,1ce2a10d2ebe677fda8b6f3d1e7de9b22c38d04b,2025-09-18T19:00:00+00:00,False,False,False
485,90,1,90,1,both,25-26-champions-league-barcelona-vs-newcastle-united,1ce2a10d2ebe677fda8b6f3d1e7de9b22c38d04b,2025-09-18T19:00:00+00:00,False,False,False
486,63,0,63,0,both,25-26-champions-league-barcelona-vs-newcastle-united,1ce2a10d2ebe677fda8b6f3d1e7de9b22c38d04b,2025-09-18T19:00:00+00:00,False,False,False
487,62,0,62,0,both,25-26-champions-league-barcelona-vs-newcastle-united,1ce2a10d2ebe677fda8b6f3d1e7de9b22c38d04b,2025-09-18T19:00:00+00:00,False,False,False
488,90,0,90,0,both,25-26-champions-league-barcelona-vs-newcastle-united,1ce2a10d2ebe677fda8b6f3d1e7de9b22c38d04b,2025-09-18T19:00:00+00:00,False,False,False
489,27,0,27,0,both,25-26-champions-league-barcelona-vs-newcastle-united,1ce2a10d2ebe677fda8b6f3d1e7de9b22c38d04b,2025-09-18T19:00:00+00:00,False,False,False
490,62,0,62,0,both,25-26-champions-league-barcelona-vs-newcastle-united,1ce2a10d2ebe677fda8b6f3d1e7de9b22c38d04b,2025-09-18T19:00:00+00:00,False,False,False
491,90,0,90,0,both,25-26-champions-league-barcelona-vs-newcastle-united,1ce2a10d2ebe677fda8b6f3d1e7de9b22c38d04b,2025-09-18T19:00:00+00:00,False,False,False
494,28,0,28,0,both,25-26-champions-league-barcelona-vs-newcastle-united,1ce2a10d2ebe677fda8b6f3d1e7de9b22c38d04b,2025-09-18T19:00:00+00:00,False,False,False
684,27,0,27,0,both,25-26-champions-league-barcelona-vs-newcastle-united,1ce2a10d2ebe677fda8b6f3d1e7de9b22c38d04b,2025-09-18T19:00:00+00:00,False,False,False
714,28,0,28,0,both,25-26-champions-league-barcelona-vs-newcastle-united,1ce2a10d2ebe677fda8b6f3d1e7de9b22c38d04b,2025-09-18T19:00:00+00:00,False,False,False
366,56,0,56,0,both,25-26-champions-league-liverpool-vs-galatasaray,b1db8a324a8f5dfe89763e078b5f46438c986d73,2025-09-30T19:00:00+00:00,False,False,False
367,34,0,34,0,both,25-26-champions-league-liverpool-vs-galatasaray,b1db8a324a8f5dfe89763e078b5f46438c986d73,2025-09-30T19:00:00+00:00,False,False,False
370,62,0,62,0,both,25-26-champions-league-liverpool-vs-galatasaray,b1db8a324a8f5dfe89763e078b5f46438c986d73,2025-09-30T19:00:00+00:00,False,False,False
371,90,0,90,0,both,25-26-champions-league-liverpool-vs-galatasaray,b1db8a324a8f5dfe89763e078b5f46438c986d73,2025-09-30T19:00:00+00:00,False,False,False
373,90,0,90,0,both,25-26-champions-league-liverpool-vs-galatasaray,b1db8a324a8f5dfe89763e078b5f46438c986d73,2025-09-30T19:00:00+00:00,False,False,False
374,90,0,90,0,both,25-26-champions-league-liverpool-vs-galatasaray,b1db8a324a8f5dfe89763e078b5f46438c986d73,2025-09-30T19:00:00+00:00,False,False,False
375,28,0,28,0,both,25-26-champions-league-liverpool-vs-galatasaray,b1db8a324a8f5dfe89763e078b5f46438c986d73,2025-09-30T19:00:00+00:00,False,False,False
381,28,0,28,0,both,25-26-champions-league-liverpool-vs-galatasaray,b1db8a324a8f5dfe89763e078b5f46438c986d73,2025-09-30T19:00:00+00:00,False,False,False
382,90,0,90,0,both,25-26-champions-league-liverpool-vs-galatasaray,b1db8a324a8f5dfe89763e078b5f46438c986d73,2025-09-30T19:00:00+00:00,False,False,False
384,62,0,62,0,both,25-26-champions-league-liverpool-vs-galatasaray,b1db8a324a8f5dfe89763e078b5f46438c986d73,2025-09-30T19:00:00+00:00,False,False,False
386,22,0,22,0,both,25-26-champions-league-liverpool-vs-galatasaray,b1db8a324a8f5dfe89763e078b5f46438c986d73,2025-09-30T19:00:00+00:00,False,False,False
387,90,0,90,0,both,25-26-champions-league-liverpool-vs-galatasaray,b1db8a324a8f5dfe89763e078b5f46438c986d73,2025-09-30T19:00:00+00:00,False,False,False
388,90,0,90,0,both,25-26-champions-league-liverpool-vs-galatasaray,b1db8a324a8f5dfe89763e078b5f46438c986d73,2025-09-30T19:00:00+00:00,False,False,False
390,62,0,62,0,both,25-26-champions-league-liverpool-vs-galatasaray,b1db8a324a8f5dfe89763e078b5f46438c986d73,2025-09-30T19:00:00+00:00,False,False,False
499,28,0,28,0,both,25-26-champions-league-liverpool-vs-galatasaray,b1db8a324a8f5dfe89763e078b5f46438c986d73,2025-09-30T19:00:00+00:00,False,False,False
661,68,0,68,0,both,25-26-champions-league-liverpool-vs-galatasaray,b1db8a324a8f5dfe89763e078b5f46438c986d73,2025-09-30T19:00:00+00:00,False,False,False
403,90,0,90,0,both,25-26-champions-league-manchester-city-vs-real-madrid,3a65536b34b2f14b8724af7bd85c3cb1d19a5dfd,2025-12-10T20:00:00+00:00,False,False,False
405,3,0,3,0,both,25-26-champions-league-manchester-city-vs-real-madrid,3a65536b34b2f14b8724af7bd85c3cb1d19a5dfd,2025-12-10T20:00:00+00:00,False,False,False
407,90,0,90,0,both,25-26-champions-league-manchester-city-vs-real-madrid,3a65536b34b2f14b8724af7bd85c3cb1d19a5dfd,2025-12-10T20:00:00+00:00,False,False,False
408,90,0,90,0,both,25-26-champions-league-manchester-city-vs-real-madrid,3a65536b34b2f14b8724af7bd85c3cb1d19a5dfd,2025-12-10T20:00:00+00:00,False,False,False
411,90,1,90,1,both,25-26-champions-league-manchester-city-vs-real-madrid,3a65536b34b2f14b8724af7bd85c3cb1d19a5dfd,2025-12-10T20:00:00+00:00,False,False,False
413,20,0,20,0,both,25-26-champions-league-manchester-city-vs-real-madrid,3a65536b34b2f14b8724af7bd85c3cb1d19a5dfd,2025-12-10T20:00:00+00:00,False,False,False
414,70,0,70,0,both,25-26-champions-league-manchester-city-vs-real-madrid,3a65536b34b2f14b8724af7bd85c3cb1d19a5dfd,2025-12-10T20:00:00+00:00,False,False,False
415,19,0,19,0,both,25-26-champions-league-manchester-city-vs-real-madrid,3a65536b34b2f14b8724af7bd85c3cb1d19a5dfd,2025-12-10T20:00:00+00:00,False,False,False
416,90,0,90,0,both,25-26-champions-league-manchester-city-vs-real-madrid,3a65536b34b2f14b8724af7bd85c3cb1d19a5dfd,2025-12-10T20:00:00+00:00,False,False,False
417,71,0,71,0,both,25-26-champions-league-manchester-city-vs-real-madrid,3a65536b34b2f14b8724af7bd85c3cb1d19a5dfd,2025-12-10T20:00:00+00:00,False,False,False
418,87,0,87,0,both,25-26-champions-league-manchester-city-vs-real-madrid,3a65536b34b2f14b8724af7bd85c3cb1d19a5dfd,2025-12-10T20:00:00+00:00,False,False,False
423,90,0,90,0,both,25-26-champions-league-manchester-city-vs-real-madrid,3a65536b34b2f14b8724af7bd85c3cb1d19a5dfd,2025-12-10T20:00:00+00:00,False,False,False
427,20,0,20,0,both,25-26-champions-league-manchester-city-vs-real-madrid,3a65536b34b2f14b8724af7bd85c3cb1d19a5dfd,2025-12-10T20:00:00+00:00,False,False,False
430,70,1,70,1,both,25-26-champions-league-manchester-city-vs-real-madrid,3a65536b34b2f14b8724af7bd85c3cb1d19a5dfd,2025-12-10T20:00:00+00:00,False,False,False
736,90,0,90,0,both,25-26-champions-league-manchester-city-vs-real-madrid,3a65536b34b2f14b8724af7bd85c3cb1d19a5dfd,2025-12-10T20:00:00+00:00,False,False,False
33,90,0,90,0,both,25-26-europa-league-bologna-vs-aston-villa,70f7aa2df66ca2ec4ca531dff1751678b551b548,2025-09-25T19:00:00+00:00,False,False,False
36,90,0,90,0,both,25-26-europa-league-bologna-vs-aston-villa,70f7aa2df66ca2ec4ca531dff1751678b551b548,2025-09-25T19:00:00+00:00,False,False,False
37,15,0,15,0,both,25-26-europa-league-bologna-vs-aston-villa,70f7aa2df66ca2ec4ca531dff1751678b551b548,2025-09-25T19:00:00+00:00,False,False,False
38,90,0,90,0,both,25-26-europa-league-bologna-vs-aston-villa,70f7aa2df66ca2ec4ca531dff1751678b551b548,2025-09-25T19:00:00+00:00,False,False,False
39,75,0,75,0,both,25-26-europa-league-bologna-vs-aston-villa,70f7aa2df66ca2ec4ca531dff1751678b551b548,2025-09-25T19:00:00+00:00,False,False,False
41,90,0,90,0,both,25-26-europa-league-bologna-vs-aston-villa,70f7aa2df66ca2ec4ca531dff1751678b551b548,2025-09-25T19:00:00+00:00,False,False,False
47,90,0,90,0,both,25-26-europa-league-bologna-vs-aston-villa,70f7aa2df66ca2ec4ca531dff1751678b551b548,2025-09-25T19:00:00+00:00,False,False,False
50,58,0,58,0,both,25-26-europa-league-bologna-vs-aston-villa,70f7aa2df66ca2ec4ca531dff1751678b551b548,2025-09-25T19:00:00+00:00,False,False,False
53,58,0,58,0,both,25-26-europa-league-bologna-vs-aston-villa,70f7aa2df66ca2ec4ca531dff1751678b551b548,2025-09-25T19:00:00+00:00,False,False,False
54,90,1,90,1,both,25-26-europa-league-bologna-vs-aston-villa,70f7aa2df66ca2ec4ca531dff1751678b551b548,2025-09-25T19:00:00+00:00,False,False,False
58,90,0,90,0,both,25-26-europa-league-bologna-vs-aston-villa,70f7aa2df66ca2ec4ca531dff1751678b551b548,2025-09-25T19:00:00+00:00,False,False,False
64,32,0,32,0,both,25-26-europa-league-bologna-vs-aston-villa,70f7aa2df66ca2ec4ca531dff1751678b551b548,2025-09-25T19:00:00+00:00,False,False,False
456,32,0,32,0,both,25-26-europa-league-bologna-vs-aston-villa,70f7aa2df66ca2ec4ca531dff1751678b551b548,2025-09-25T19:00:00+00:00,False,False,False
677,90,0,90,0,both,25-26-europa-league-bologna-vs-aston-villa,70f7aa2df66ca2ec4ca531dff1751678b551b548,2025-09-25T19:00:00+00:00,False,False,False
502,90,0,90,0,both,25-26-europa-league-fc-midtjylland-vs-nottingham-forest,bc9293e918578a7799b7770ea14409919de7d408,2025-10-02T19:00:00+00:00,False,False,False
505,90,0,90,0,both,25-26-europa-league-fc-midtjylland-vs-nottingham-forest,bc9293e918578a7799b7770ea14409919de7d408,2025-10-02T19:00:00+00:00,False,False,False
506,28,0,28,0,both,25-26-europa-league-fc-midtjylland-vs-nottingham-forest,bc9293e918578a7799b7770ea14409919de7d408,2025-10-02T19:00:00+00:00,False,False,False
508,90,0,90,0,both,25-26-europa-league-fc-midtjylland-vs-nottingham-forest,bc9293e918578a7799b7770ea14409919de7d408,2025-10-02T19:00:00+00:00,False,False,False
511,90,0,90,0,both,25-26-europa-league-fc-midtjylland-vs-nottingham-forest,bc9293e918578a7799b7770ea14409919de7d408,2025-10-02T19:00:00+00:00,False,False,False
515,90,0,90,0,both,25-26-europa-league-fc-midtjylland-vs-nottingham-forest,bc9293e918578a7799b7770ea14409919de7d408,2025-10-02T19:00:00+00:00,False,False,False
516,90,0,90,0,both,25-26-europa-league-fc-midtjylland-vs-nottingham-forest,bc9293e918578a7799b7770ea14409919de7d408,2025-10-02T19:00:00+00:00,False,False,False
517,90,0,90,0,both,25-26-europa-league-fc-midtjylland-vs-nottingham-forest,bc9293e918578a7799b7770ea14409919de7d408,2025-10-02T19:00:00+00:00,False,False,False
521,90,0,90,0,both,25-26-europa-league-fc-midtjylland-vs-nottingham-forest,bc9293e918578a7799b7770ea14409919de7d408,2025-10-02T19:00:00+00:00,False,False,False
525,15,1,15,1,both,25-26-europa-league-fc-midtjylland-vs-nottingham-forest,bc9293e918578a7799b7770ea14409919de7d408,2025-10-02T19:00:00+00:00,False,False,False
526,75,0,75,0,both,25-26-europa-league-fc-midtjylland-vs-nottingham-forest,bc9293e918578a7799b7770ea14409919de7d408,2025-10-02T19:00:00+00:00,False,False,False
669,90,1,90,1,both,25-26-europa-league-fc-midtjylland-vs-nottingham-forest,bc9293e918578a7799b7770ea14409919de7d408,2025-10-02T19:00:00+00:00,False,False,False
716,62,0,62,0,both,25-26-europa-league-fc-midtjylland-vs-nottingham-forest,bc9293e918578a7799b7770ea14409919de7d408,2025-10-02T19:00:00+00:00,False,False,False
12,44,0,44,0,both,25-26-europa-league-fc-porto-vs-nottingham-forest,13ffe9de5b9ba508a3efe0b5fdff87ae8cdd6a9a,2025-10-23T19:00:00+00:00,False,False,False
502,90,0,90,0,both,25-26-europa-league-fc-porto-vs-nottingham-forest,13ffe9de5b9ba508a3efe0b5fdff87ae8cdd6a9a,2025-10-23T19:00:00+00:00,False,False,False
505,90,0,90,0,both,25-26-europa-league-fc-porto-vs-nottingham-forest,13ffe9de5b9ba508a3efe0b5fdff87ae8cdd6a9a,2025-10-23T19:00:00+00:00,False,False,False
506,90,0,90,0,both,25-26-europa-league-fc-porto-vs-nottingham-forest,13ffe9de5b9ba508a3efe0b5fdff87ae8cdd6a9a,2025-10-23T19:00:00+00:00,False,False,False
508,90,0,90,0,both,25-26-europa-league-fc-porto-vs-nottingham-forest,13ffe9de5b9ba508a3efe0b5fdff87ae8cdd6a9a,2025-10-23T19:00:00+00:00,False,False,False
515,90,1,90,1,both,25-26-europa-league-fc-porto-vs-nottingham-forest,13ffe9de5b9ba508a3efe0b5fdff87ae8cdd6a9a,2025-10-23T19:00:00+00:00,False,False,False
516,90,0,90,0,both,25-26-europa-league-fc-porto-vs-nottingham-forest,13ffe9de5b9ba508a3efe0b5fdff87ae8cdd6a9a,2025-10-23T19:00:00+00:00,False,False,False
517,89,0,89,0,both,25-26-europa-league-fc-porto-vs-nottingham-forest,13ffe9de5b9ba508a3efe0b5fdff87ae8cdd6a9a,2025-10-23T19:00:00+00:00,False,False,False
521,1,0,1,0,both,25-26-europa-league-fc-porto-vs-nottingham-forest,13ffe9de5b9ba508a3efe0b5fdff87ae8cdd6a9a,2025-10-23T19:00:00+00:00,False,False,False
522,5,0,5,0,both,25-26-europa-league-fc-porto-vs-nottingham-forest,13ffe9de5b9ba508a3efe0b5fdff87ae8cdd6a9a,2025-10-23T19:00:00+00:00,False,False,False
526,90,1,90,1,both,25-26-europa-league-fc-porto-vs-nottingham-forest,13ffe9de5b9ba508a3efe0b5fdff87ae8cdd6a9a,2025-10-23T19:00:00+00:00,False,False,False
669,90,0,90,0,both,25-26-europa-league-fc-porto-vs-nottingham-forest,13ffe9de5b9ba508a3efe0b5fdff87ae8cdd6a9a,2025-10-23T19:00:00+00:00,False,False,False
699,85,0,85,0,both,25-26-europa-league-fc-porto-vs-nottingham-forest,13ffe9de5b9ba508a3efe0b5fdff87ae8cdd6a9a,2025-10-23T19:00:00+00:00,False,False,False
716,46,0,46,0,both,25-26-europa-league-fc-porto-vs-nottingham-forest,13ffe9de5b9ba508a3efe0b5fdff87ae8cdd6a9a,2025-10-23T19:00:00+00:00,False,False,False
