fixture_uuid,team_id,goal_total,goal_target,assist_total,assist_target
006f69f1-9b0e-551d-bed7-448d3b640101,13,1.479856958137984,1.479856958137984,1.3878587458203473,1.3878587458203473
006f69f1-9b0e-551d-bed7-448d3b640101,14,1.6196553324304248,1.6196553324304248,1.518966279792654,1.5189662797926542
02c1a42f-1cb3-5453-a3e8-cca6c129d901,2,1.4638096498229252,1.4638096498229254,1.3763658236686291,1.376365823668629
02c1a42f-1cb3-5453-a3e8-cca6c129d901,17,1.0460700065908697,1.04607000659087,0.9835807588853223,0.9835807588853221
039b583c-5bdc-51f2-8934-ef0b7746978e,7,1.7792537970825124,1.779253797082512,1.6711472372597778,1.6711472372597773
039b583c-5bdc-51f2-8934-ef0b7746978e,9,1.338408088335033,1.338408088335033,1.257087090562778,1.257087090562778
03ba7107-f9dd-5a5e-8bcd-9aa4919ff36d,2,1.6437718207727932,1.6437718207727938,1.5415835193037926,1.5415835193037926
03ba7107-f9dd-5a5e-8bcd-9aa4919ff36d,9,1.070130919262384,1.070130919262384,1.0036041303206729,1.0036041303206729
081f5491-2f1e-5422-bb74-cd9ec55d87c9,10,1.0169971620090843,1.016997162009084,0.9486913824711606,0.9486913824711606
081f5491-2f1e-5422-bb74-cd9ec55d87c9,13,1.98557792404116,1.9855779240411604,1.852218212724963,1.8522182127249631
085aaeeb-84d3-58e5-8616-6a821bcd07d0,5,1.2864172594191459,1.2864172594191456,1.1943874088230637,1.1943874088230637
085aaeeb-84d3-58e5-8616-6a821bcd07d0,15,1.700251687814004,1.7002516878140037,1.5786162638024266,1.5786162638024266
08ddad76-4191-5baa-9d72-080d772df8a4,2,1.3691216792542387,1.3691216792542389,1.2826508363539713,1.2826508363539713
08ddad76-4191-5baa-9d72-080d772df8a4,12,1.3489808413069435,1.348980841306943,1.2637820513296625,1.2637820513296627
092fe1c5-46c7-5bc7-a34b-822cf838d6ab,8,1.181924905741088,1.1819249057410883,1.110370533069195,1.1103705330691953
092fe1c5-46c7-5bc7-a34b-822cf838d6ab,13,1.9198092544133156,1.919809254413316,1.8035829644164016,1.8035829644164016
0a9d6243-8e34-53a1-aac3-295adbb204df,1,1.4541037420819118,1.454103742081912,1.36879632254644,1.36879632254644
0a9d6243-8e34-53a1-aac3-295adbb204df,6,1.0373501579753246,1.0373501579753248,0.9764922820407724,0.9764922820407724
0b043207-694b-5497-889e-86b53e170e1a,9,1.1565035192074988,1.156503519207499,1.0823082832501951,1.0823082832501951
0b043207-694b-5497-889e-86b53e170e1a,18,1.386196560663097,1.3861965606630968,1.2972654167509023,1.2972654167509023
0cd96418-d40d-591e-8b10-b423d657377d,3,0.9663727593420877,0.966372759342088,0.9086443985689644,0.9086443985689645
0cd96418-d40d-591e-8b10-b423d657377d,13,2.0975557708842745,2.097555770884275,1.9722537535076758,1.9722537535076756
0d6a442b-e1f2-53f3-a9a8-0b75c19465d8,1,1.4094418936824058,1.4094418936824056,1.3190194504013553,1.3190194504013553
0d6a442b-e1f2-53f3-a9a8-0b75c19465d8,8,1.142567637049916,1.1425676370499158,1.069266454632253,1.0692664546322532
0e68800a-19f1-5423-a940-7747c367f85b,13,1.8072640570799008,1.8072640570799008,1.690415087872149,1.6904150878721484
0e68800a-19f1-5423-a940-7747c367f85b,15,1.260592066081347,1.260592066081347,1.179088268705398,1.1790882687053978
10d060ee-1672-5636-98a1-8b9e8f3f850d,11,1.6963763625021375,1.6963763625021375,1.5968556159020124,1.5968556159020122
10d060ee-1672-5636-98a1-8b9e8f3f850d,17,1.041753534084428,1.041753534084428,0.9806373267514746,0.9806373267514749
112601d1-209f-5611-b63b-01d0992c4ddd,7,2.0859018557780376,2.085901855778038,1.9458039699421994,1.9458039699421996
112601d1-209f-5611-b63b-01d0992c4ddd,11,1.3574112768558257,1.3574112768558262,1.266241862738644,1.2662418627386438
13a06bbe-773c-5050-a81a-5cecf3bc57eb,9,1.013654277565275,1.013654277565275,0.941137797366204,0.9411377973662041
13a06bbe-773c-5050-a81a-5cecf3bc57eb,10,1.4045082134815954,1.4045082134815952,1.3040301764362556,1.3040301764362556
17a9d946-6355-53b8-baf6-c49011bd1d69,8,1.678697836347535,1.678697836347535,1.5767614044246223,1.5767614044246228
17a9d946-6355-53b8-baf6-c49011bd1d69,11,1.3466935330681595,1.3466935330681595,1.2649175691738395,1.2649175691738397
1c02d8a1-3fe4-50a6-a833-13460c80973f,18,1.214394562986059,1.214394562986059,1.1406684325871346,1.1406684325871346
1c02d8a1-3fe4-50a6-a833-13460c80973f,20,1.213673903862846,1.213673903862846,1.1399915248196266,1.1399915248196264
1ce6ee26-3057-5ae0-a140-416d1bd98ae2,4,1.725353134928593,1.725353134928593,1.6245459854720903,1.624545985472091
1ce6ee26-3057-5ae0-a140-416d1bd98ae2,8,1.4489975281431227,1.4489975281431224,1.3643369984089178,1.3643369984089175
1d93b2bc-9b09-5ae2-aa5b-82d56694fa9c,18,1.431820220634917,1.431820220634917,1.342808306385855,1.3428083063858547
1d93b2bc-9b09-5ae2-aa5b-82d56694fa9c,19,0.9091987171986786,0.9091987171986788,0.8526765944598622,0.8526765944598622
1e0e866b-bb70-545e-b6dc-8a8424b208c6,4,1.4342068030062918,1.434206803006292,1.345033323026626,1.3450333230266263
1e0e866b-bb70-545e-b6dc-8a8424b208c6,12,1.4530676094138388,1.4530676094138393,1.3627214368077973,1.3627214368077976
1f5f3541-628d-5710-ae0c-dc82c8ae86d8,8,1.3116157600533667,1.3116157600533669,1.2236022638795727,1.223602263879573
1f5f3541-628d-5710-ae0c-dc82c8ae86d8,16,1.4067302585556605,1.4067302585556605,1.3123342837589635,1.312334283758963
239ea4cb-1b2e-5d4d-91ca-19aaa3980d39,2,1.1299435157319888,1.1299435157319893,1.0596879603496894,1.0596879603496894
239ea4cb-1b2e-5d4d-91ca-19aaa3980d39,15,1.68260124772724,1.68260124772724,1.5779835535680335,1.5779835535680333
23d8d932-ae60-5392-87a5-f4a01d1afc17,8,1.7065604774198566,1.7065604774198564,1.6046154070841423,1.6046154070841423
23d8d932-ae60-5392-87a5-f4a01d1afc17,19,1.2104697941826386,1.2104697941826383,1.1381597706352886,1.1381597706352884
25988556-93c6-5dfd-b380-96f4dd98805b,5,1.2986763964848,1.2986763964847998,1.2200538254543685,1.2200538254543687
25988556-93c6-5dfd-b380-96f4dd98805b,13,1.8799061452707369,1.8799061452707369,1.7660956110705623,1.7660956110705623
25abf903-06d4-5b30-9573-1ca6d4317c79,14,1.4679386361924338,1.4679386361924338,1.3790688376769993,1.379068837677
25abf903-06d4-5b30-9573-1ca6d4317c79,17,1.1643435324608076,1.1643435324608071,1.0938535456307472,1.0938535456307474
30c97f8c-6a92-5b8d-9bc1-bf166aff4f6a,4,1.7005582147834915,1.7005582147834917,1.598971702550308,1.5989717025503083
30c97f8c-6a92-5b8d-9bc1-bf166aff4f6a,11,1.454629505659159,1.4546295056591585,1.3677340752135698,1.3677340752135696
31402e57-7c34-5b2c-8688-d29a2831522e,14,1.630128490265542,1.6301284902655415,1.5271730066698235,1.5271730066698233
31402e57-7c34-5b2c-8688-d29a2831522e,16,1.0346173920620665,1.0346173920620665,0.9692731357213046,0.9692731357213046
318ad40d-b456-558d-bca7-c9fa1aed3f94,13,1.9005843733499925,1.9005843733499928,1.789083423446793,1.7890834234467932
318ad40d-b456-558d-bca7-c9fa1aed3f94,16,0.9850611434347343,0.985061143434734,0.9272708896865631,0.927270889686563
31de2a73-94e2-5e1f-829e-f19990739961,2,1.285026563634018,1.285026563634018,1.2007919074404352,1.200791907440435
31de2a73-94e2-5e1f-829e-f19990739961,20,1.1591667959449636,1.1591667959449634,1.0831823616222107,1.0831823616222112
31ef1d95-b095-52ae-918e-26ed91e99a77,2,1.4854402817274854,1.4854402817274852,1.3982944518661395,1.3982944518661395
31ef1d95-b095-52ae-918e-26ed91e99a77,7,1.6027952338239972,1.602795233823997,1.508764580106323,1.5087645801063225
3418c353-5740-5e88-81c0-761343aedea4,10,1.1637367366281517,1.163736736628152,1.091989712175122,1.0919897121751216
3418c353-5740-5e88-81c0-761343aedea4,12,1.7340608260248516,1.7340608260248511,1.6271520204746133,1.6271520204746137
3670426a-a771-510e-9762-2f3db0f13f12,2,1.6026954247417073,1.6026954247417071,1.4990728757282346,1.4990728757282346
3670426a-a771-510e-9762-2f3db0f13f12,11,1.285135055473249,1.2851350554732492,1.2020444268866168,1.2020444268866166
37e41f76-f980-5cb3-9fc3-a71eeebed4f1,8,1.1631234498696552,1.1631234498696552,1.086879653295215,1.0868796532952147
37e41f76-f980-5cb3-9fc3-a71eeebed4f1,14,1.770224841398438,1.7702248413984378,1.6541849982384291,1.6541849982384285
3886cdbf-b8bc-5850-8a2a-d84384ac71f7,19,1.5020291935870067,1.5020291935870067,1.4094256674719012,1.4094256674719015
3886cdbf-b8bc-5850-8a2a-d84384ac71f7,20,1.072475792848969,1.072475792848969,1.006355213758404,1.0063552137584038
39b8a542-1ee7-5117-ab73-ee2227c88c33,4,1.5075596435583762,1.5075596435583762,1.4175023171809344,1.4175023171809344
39b8a542-1ee7-5117-ab73-ee2227c88c33,15,1.8043902387560278,1.804390238756028,1.6966010966559066,1.6966010966559069
3a27d648-a23e-5b47-aa0b-a8ecf1d098b4,14,1.8393091499786889,1.839309149978689,1.707725602701831,1.7077256027018313
3a27d648-a23e-5b47-aa0b-a8ecf1d098b4,18,0.9564884038036957,0.956488403803696,0.8880615506544426,0.8880615506544426
3a30f4e1-3142-58d9-9e6c-52cb2fb9f8b8,12,1.4411548925517257,1.441154892551726,1.3479767744988123,1.3479767744988125
3a30f4e1-3142-58d9-9e6c-52cb2fb9f8b8,16,1.2149178764283584,1.2149178764283586,1.1363671516592837,1.1363671516592837
3d697222-511a-5186-8b43-b412dd31f564,6,1.6046289743816584,1.6046289743816582,1.4994440904263755,1.499444090426375
3d697222-511a-5186-8b43-b412dd31f564,16,1.1083737716974704,1.1083737716974704,1.0357188661608159,1.035718866160816
3ee1da64-d7ba-53cf-918f-e24fe92a6eb6,1,1.4861646184159665,1.4861646184159665,1.393774278017105,1.3937742780171054
3ee1da64-d7ba-53cf-918f-e24fe92a6eb6,16,0.9861269026538928,0.9861269026538928,0.9248223882793171,0.9248223882793168
42e4a271-71e1-5966-a539-bf677d41e025,12,1.9563213257381373,1.956321325738137,1.8280826893229447,1.8280826893229452
42e4a271-71e1-5966-a539-bf677d41e025,19,1.0235567613355014,1.0235567613355017,0.9564616877193667,0.9564616877193668
4366c228-7c85-5d35-8048-663446bd1b28,11,1.6056664277607866,1.6056664277607866,1.4907976008914303,1.4907976008914303
4366c228-7c85-5d35-8048-663446bd1b28,16,1.0625743103872747,1.062574310387275,0.9865581077779212,0.9865581077779209
4573eab6-7249-598b-9af6-d00c7d62f223,6,1.7450163424910503,1.7450163424910503,1.6393721098645655,1.639372109864565
4573eab6-7249-598b-9af6-d00c7d62f223,20,0.9202835065987665,0.9202835065987666,0.864569045658733,0.864569045658733
457d30c3-d5ec-5fbc-9e3e-b071192ded0c,1,1.7416654654827552,1.7416654654827552,1.6359054178371615,1.6359054178371615
457d30c3-d5ec-5fbc-9e3e-b071192ded0c,9,0.7600626885851668,0.7600626885851667,0.7139090111129405,0.7139090111129407
498f1104-1511-5cef-8345-ce9c66768ec7,4,1.5525709332945399,1.5525709332945397,1.4545138217180427,1.4545138217180427
498f1104-1511-5cef-8345-ce9c66768ec7,13,1.7051272474634136,1.705127247463414,1.5974350002551987,1.5974350002551987
4e015d43-2cac-545a-a1a7-9b7b76e0b778,15,1.3427062472596953,1.3427062472596951,1.259234278069483,1.2592342780694832
4e015d43-2cac-545a-a1a7-9b7b76e0b778,20,1.103724603377987,1.1037246033779873,1.0351093971289118,1.0351093971289118
4e3797d6-a1bb-50e5-9754-8c9a138c6c48,12,1.4802788999051757,1.4802788999051757,1.393435871110739,1.3934358711107389
4e3797d6-a1bb-50e5-9754-8c9a138c6c48,20,1.0728271061489054,1.0728271061489054,1.009887915921503,1.009887915921503
4fe9f44c-bfba-5934-849a-d84876aa86e8,8,1.5550225039467678,1.5550225039467682,1.4591518193631203,1.4591518193631203
4fe9f44c-bfba-5934-849a-d84876aa86e8,15,1.406001021607887,1.406001021607887,1.3193178513484611,1.3193178513484611
506fe9f4-c4a7-57b8-9b66-23314b429f92,3,0.9801916007612977,0.9801916007612976,0.9144176962912272,0.9144176962912269
506fe9f4-c4a7-57b8-9b66-23314b429f92,17,1.564122901261506,1.5641229012615063,1.4591653907022233,1.4591653907022235
52ecb34c-b2fd-592c-b014-dc770fdef03b,10,1.657807181538656,1.657807181538655,1.5605491602217207,1.5605491602217207
52ecb34c-b2fd-592c-b014-dc770fdef03b,19,1.2327058758606397,1.2327058758606395,1.160387131143482,1.160387131143482
53a5b9eb-ba57-5a74-9126-31f1c9776a9b,5,1.3208055277173318,1.3208055277173316,1.2360695315399466,1.2360695315399468
53a5b9eb-ba57-5a74-9126-31f1c9776a9b,12,1.6322206602773526,1.6322206602773524,1.527505892866484,1.5275058928664835
54675f42-95ba-5491-a3fd-06557d576830,6,1.3748347526989126,1.3748347526989124,1.2913004892437887,1.2913004892437887
54675f42-95ba-5491-a3fd-06557d576830,12,1.3811588888688087,1.3811588888688089,1.2972403741020966,1.2972403741020966
5556a528-cdc7-5a14-8fd1-7f9b7820b711,3,1.0762004491394646,1.0762004491394648,1.0098502364921484,1.0098502364921487
5556a528-cdc7-5a14-8fd1-7f9b7820b711,6,1.7346454301675882,1.7346454301675882,1.62770058243839,1.6277005824383903
5766fb4a-8b72-52a7-9737-b231937d4d3c,12,1.874172200328069,1.8741722003280687,1.7603658780859253,1.7603658780859248
5766fb4a-8b72-52a7-9737-b231937d4d3c,18,0.9637414365443502,0.9637414365443504,0.9052196697257657,0.9052196697257657
579fdcbf-5156-533a-8f5f-a9226e3d60d1,2,1.60514158372133,1.60514158372133,1.4973335669042258,1.4973335669042258
579fdcbf-5156-533a-8f5f-a9226e3d60d1,6,1.309578029601643,1.3095780296016433,1.2216212962701898,1.2216212962701896
57b20b8b-c663-5991-a397-771f728fd27c,1,1.265358441804179,1.2653584418041788,1.1897695265231645,1.1897695265231645
57b20b8b-c663-5991-a397-771f728fd27c,13,1.331738408241296,1.3317384082412962,1.2521841425160098,1.2521841425160096
5c73e3e5-e8ce-57af-9da1-880c34ac7495,16,1.1610707160670501,1.16107071606705,1.0905818867983748,1.0905818867983745
5c73e3e5-e8ce-57af-9da1-880c34ac7495,17,1.2801454787315747,1.2801454787315745,1.2024275974340104,1.2024275974340106
5c86a947-9f04-5f6a-8730-ff79513f254e,6,1.3806794942627063,1.3806794942627063,1.3000105799911774,1.3000105799911774
5c86a947-9f04-5f6a-8730-ff79513f254e,15,1.4669166506655267,1.4669166506655265,1.3812091609637205,1.3812091609637205
5e1fcbbc-fc52-5596-a3cd-5663e323f785,5,1.7272336180350567,1.7272336180350565,1.624053593062831,1.624053593062831
5e1fcbbc-fc52-5596-a3cd-5663e323f785,10,1.2486667642372344,1.2486667642372349,1.1740749623114741,1.1740749623114741
6087d963-451a-5a7b-b016-d3853de520ea,10,1.1822753488096789,1.1822753488096789,1.1087768812993084,1.1087768812993082
6087d963-451a-5a7b-b016-d3853de520ea,11,1.6726831952105503,1.6726831952105496,1.5686975614052754,1.5686975614052758
622cfd32-fefc-538b-92e0-7c761e8052b4,7,2.0653169827499656,2.0653169827499656,1.9399036775958978,1.9399036775958978
622cfd32-fefc-538b-92e0-7c761e8052b4,15,1.3656039443928607,1.3656039443928605,1.2826796738677124,1.2826796738677124
6a84969a-7d59-589c-94a0-d71eb1a266ff,1,1.4974762387688518,1.4974762387688516,1.3968994764634812,1.396899476463481
6a84969a-7d59-589c-94a0-d71eb1a266ff,20,0.7936115051660189,0.7936115051660189,0.7403092398936744,0.7403092398936744
6b1ba362-3ee7-5a51-8722-835e7613942b,7,1.734881170333138,1.7348811703331375,1.6279217886849784,1.6279217886849786
6b1ba362-3ee7-5a51-8722-835e7613942b,13,1.519168424568061,1.5191684245680612,1.4255082257660843,1.4255082257660845
6c5986e0-8dbe-5289-99bb-f5fdd49bf3bf,4,1.793394483558656,1.7933944835586562,1.6758358493504877,1.6758358493504875
6c5986e0-8dbe-5289-99bb-f5fdd49bf3bf,17,1.0660215107463924,1.066021510746392,0.9961428343097387,0.9961428343097385
6df41fb2-db8a-58dc-bcef-43cc5f79f6d1,12,1.5193530758812048,1.519353075881205,1.4106590766735294,1.4106590766735294
6df41fb2-db8a-58dc-bcef-43cc5f79f6d1,13,1.2711661010799362,1.271166101079936,1.1802273131333154,1.1802273131333154
7018cf67-a775-5040-9faf-510b2df80879,9,1.1859010547135052,1.1859010547135054,1.1166124537639524,1.1166124537639524
7018cf67-a775-5040-9faf-510b2df80879,13,1.712532576365864,1.712532576365864,1.6124744932523531,1.612474493252353
70cc935f-f357-52d9-b752-3a2a21e28e41,2,1.0804901975594203,1.08049019755942,1.0148790356921165,1.0148790356921167
70cc935f-f357-52d9-b752-3a2a21e28e41,14,1.8045404166839087,1.8045404166839087,1.6949623810454801,1.6949623810454801
728090a6-8bed-5bb5-ba22-55caa5d0f65a,5,1.6756038199020693,1.6756038199020693,1.569776210224044,1.569776210224044
728090a6-8bed-5bb5-ba22-55caa5d0f65a,8,1.2976264187723894,1.2976264187723896,1.2156710660078174,1.2156710660078178
7313aaff-81b0-56c8-87cc-36234384a14a,15,1.73608521783736,1.7360852178373598,1.6306015590320524,1.6306015590320522
7313aaff-81b0-56c8-87cc-36234384a14a,17,0.9538214182644899,0.95382141826449,0.8958677118382932,0.8958677118382932
73cbcb0c-704f-544b-98be-2945eb6c0891,6,1.7140753351025022,1.7140753351025022,1.5990555499319579,1.5990555499319579
73cbcb0c-704f-544b-98be-2945eb6c0891,9,1.0347747264720824,1.0347747264720824,0.9653381245320571,0.9653381245320571
765085cb-7964-5516-8303-f380c3d19685,10,1.1900844559061936,1.1900844559061934,1.1131393402226035,1.1131393402226033
765085cb-7964-5516-8303-f380c3d19685,17,1.1572860650958223,1.1572860650958223,1.0824615350249716,1.0824615350249718
7769decc-98b9-5b54-a4a3-fc4aa47199e9,1,1.7160036885980174,1.7160036885980177,1.6157427989271225,1.6157427989271222
7769decc-98b9-5b54-a4a3-fc4aa47199e9,10,0.884161987296839,0.8841619872968389,0.8325030846682595,0.8325030846682596
7771779b-354a-5626-9f0f-129de4d443ba,1,1.51638581186494,1.5163858118649405,1.4146316084501076,1.414631608450108
7771779b-354a-5626-9f0f-129de4d443ba,11,1.1529405290860004,1.1529405290860004,1.0755746343355488,1.0755746343355486
79323fcf-ead5-5ef9-b1be-d211787d4251,14,1.4081167871785791,1.4081167871785791,1.325507268997436,1.3255072689974359
79323fcf-ead5-5ef9-b1be-d211787d4251,15,1.4142850921521555,1.4142850921521557,1.3313137000792297,1.3313137000792292
798085e6-30c4-5023-9459-9ecd515df77f,4,1.5092264246626903,1.50922642466269,1.4078604707674351,1.407860470767435
798085e6-30c4-5023-9459-9ecd515df77f,9,1.2733394148086965,1.273339414808697,1.1878166182916952,1.187816618291695
7c7ef9d4-1e3b-5684-8a5f-8f641b36aa9d,10,0.9535980889025762,0.953598088902576,0.8896086917749071,0.8896086917749072
7c7ef9d4-1e3b-5684-8a5f-8f641b36aa9d,14,1.884491733686505,1.8844917336865048,1.7580364782345461,1.7580364782345461
7c80f6d1-598d-5dcc-b7e4-44865b2ed593,6,1.3401984424642375,1.3401984424642377,1.256870041896513,1.256870041896513
7c80f6d1-598d-5dcc-b7e4-44865b2ed593,10,1.401214067848506,1.4012140678485057,1.3140919496403087,1.3140919496403085
7d478ee4-036e-5700-9dcd-a71ec1f2326a,5,1.759965920214275,1.7599659202142752,1.6461750202004213,1.646175020200421
7d478ee4-036e-5700-9dcd-a71ec1f2326a,6,1.2810648786316179,1.2810648786316177,1.1982374080304352,1.1982374080304354
7eb9f651-a02f-59cf-843e-8b905b79f98c,10,1.506641017542129,1.5066410175421288,1.409982785255821,1.409982785255821
7eb9f651-a02f-59cf-843e-8b905b79f98c,15,1.4311247300856487,1.4311247300856484,1.339311229072007,1.339311229072007
800418ef-112a-5f8a-9aae-e47025aa529d,3,1.3432022196144282,1.3432022196144282,1.247109992394734,1.2471099923947335
800418ef-112a-5f8a-9aae-e47025aa529d,19,1.4842837103057354,1.4842837103057354,1.3780985615124792,1.378098561512479
82942d44-0127-5fda-9351-a16d844fb795,2,1.549919888795828,1.549919888795828,1.459362771697645,1.459362771697645
82942d44-0127-5fda-9351-a16d844fb795,18,1.0935445298226891,1.093544529822689,1.0296520404397902,1.0296520404397902
836b6aa8-1074-5899-aa89-5cc8a995b88e,5,1.7848105456550665,1.7848105456550667,1.6805294800662316,1.6805294800662314
836b6aa8-1074-5899-aa89-5cc8a995b88e,19,1.1509056168342855,1.1509056168342855,1.0836616931540803,1.0836616931540801
87451d9e-587c-5a4c-96ac-324aa773296b,1,1.899138624695959,1.8991386246959587,1.7632748972682541,1.7632748972682541
87451d9e-587c-5a4c-96ac-324aa773296b,17,0.642412736323491,0.642412736323491,0.5964547489659785,0.5964547489659785
8a75a887-d709-591e-8651-c5160a6f23f9,4,1.701600854342673,1.7016008543426733,1.6017736042212367,1.6017736042212365
8a75a887-d709-591e-8651-c5160a6f23f9,5,1.616558291305245,1.616558291305245,1.5217202048820042,1.521720204882004
8a8173fc-ec21-5f23-879c-3fb3c88918a2,3,0.9297652189240763,0.9297652189240764,0.8696510883901922,0.8696510883901921
8a8173fc-ec21-5f23-879c-3fb3c88918a2,7,2.7170116385764995,2.7170116385764995,2.541342782634053,2.5413427826340533
8b19f294-8fed-5a60-8498-f5c9c1b8d138,12,1.4760531621714925,1.4760531621714923,1.3770054049717686,1.3770054049717686
8b19f294-8fed-5a60-8498-f5c9c1b8d138,15,1.1941108119533381,1.194110811953338,1.1139822631970582,1.1139822631970582
8dde84af-e5b8-502a-977d-f16249e0c5a0,1,1.5925405076117711,1.5925405076117711,1.4855788317273984,1.4855788317273986
8dde84af-e5b8-502a-977d-f16249e0c5a0,5,1.166009426494208,1.166009426494208,1.087695360535642,1.0876953605356419
8f269e69-30e8-524b-8bbd-2a4eba3eecb6,3,0.9505909723499083,0.9505909723499082,0.8928335461818128,0.8928335461818127
8f269e69-30e8-524b-8bbd-2a4eba3eecb6,10,1.8443675526691115,1.844367552669112,1.7323047140259258,1.7323047140259256
9403bea8-f4be-5480-8cc6-7a1e94097a3f,3,1.0828241078726553,1.0828241078726553,1.0154982566059616,1.0154982566059616
9403bea8-f4be-5480-8cc6-7a1e94097a3f,18,1.334487682959969,1.334487682959969,1.2515143555220432,1.2515143555220434
94338b30-8c36-517f-8821-7e38666f86c7,9,1.2320579501223665,1.2320579501223663,1.1523990309334198,1.1523990309334202
94338b30-8c36-517f-8821-7e38666f86c7,14,1.4904626500496778,1.4904626500496778,1.3940965304343966,1.3940965304343969
94ee8d5f-04da-5a31-92b9-3e1fbea7f464,8,1.6705875622424853,1.6705875622424853,1.562575435373359,1.562575435373359
94ee8d5f-04da-5a31-92b9-3e1fbea7f464,20,0.9158494826512031,0.9158494826512033,0.8566350764453065,0.8566350764453065
94fcf566-2f2f-5764-a094-bd41afb36a13,9,1.0181972151128955,1.0181972151128955,0.9514534646103766,0.9514534646103765
94fcf566-2f2f-5764-a094-bd41afb36a13,15,1.7462715739440835,1.7462715739440833,1.6318018891806636,1.6318018891806634
95efeb72-d689-58fb-a022-ffad47516d80,7,1.8276536890672088,1.8276536890672088,1.720869428582383,1.7208694285823831
95efeb72-d689-58fb-a022-ffad47516d80,16,1.0925097006721864,1.0925097006721864,1.0286776732171823,1.0286776732171823
97b2d8d5-ad23-581e-a7ba-80ed12ecc351,9,1.2737490647011205,1.2737490647011207,1.1945522316627093,1.194552231662709
97b2d8d5-ad23-581e-a7ba-80ed12ecc351,11,1.3987759349119773,1.398775934911977,1.3118054104614914,1.3118054104614914
98cff3cf-1de8-5696-a0e6-f4967eacc3c6,2,1.2684359458964611,1.2684359458964611,1.191428952617524,1.1914289526175237
98cff3cf-1de8-5696-a0e6-f4967eacc3c6,10,1.510144232058507,1.5101442320585068,1.4184630816586203,1.4184630816586206
99445e05-228b-5b5b-b1fd-ade1bcefe99a,6,1.4091075058462257,1.409107505846226,1.3249314302281718,1.3249314302281718
99445e05-228b-5b5b-b1fd-ade1bcefe99a,18,1.2051079779867475,1.2051079779867475,1.1331182540926763,1.1331182540926765
9bd2ffae-fc89-5d81-90f1-964fb8e98ceb,11,1.332150857003454,1.332150857003454,1.246687003651909,1.2466870036519087
9bd2ffae-fc89-5d81-90f1-964fb8e98ceb,19,1.414707732691404,1.414707732691404,1.3239474606348272,1.3239474606348272
9d7e2609-879a-5940-b916-fce719c34570,11,1.1518623359704396,1.1518623359704396,1.080847395405061,1.080847395405061
9d7e2609-879a-5940-b916-fce719c34570,14,1.6999602210288571,1.6999602210288565,1.5951537955646855,1.5951537955646853
9ee83c24-99b9-5f01-a681-62d4f49c858d,5,1.3121542494020906,1.3121542494020904,1.2324931094040257,1.2324931094040255
9ee83c24-99b9-5f01-a681-62d4f49c858d,14,1.6100296532718696,1.6100296532718696,1.512284439499351,1.5122844394993509
9f01409f-ff79-57df-908c-ea5de472f8ba,9,1.189018473021934,1.189018473021934,1.1168329299862385,1.1168329299862383
9f01409f-ff79-57df-908c-ea5de472f8ba,19,1.473887160498962,1.473887160498962,1.384407183973825,1.3844071839738248
9fb7fb28-1745-597c-aab4-27fb0e6c5383,11,1.4359746563842537,1.435974656384254,1.3418452158681313,1.341845215868131
9fb7fb28-1745-597c-aab4-27fb0e6c5383,13,1.5786903722995338,1.578690372299534,1.4752057872255058,1.4752057872255058
a0ae96c4-499d-5d2a-9cc8-6d59f1b73917,16,1.2716767278109269,1.271676727810927,1.1862656043012383,1.186265604301238
a0ae96c4-499d-5d2a-9cc8-6d59f1b73917,20,1.0156730562776262,1.0156730562776262,0.9474562092142037,0.9474562092142036
a32f57c7-b17f-5880-9c2f-5b6dca9ce31f,4,1.5472395659403442,1.5472395659403444,1.4535688462726049,1.4535688462726046
a32f57c7-b17f-5880-9c2f-5b6dca9ce31f,10,1.5430717437680035,1.543071743768003,1.4496533463074535,1.4496533463074537
a978de95-3470-5a5c-8447-f0d0b4150448,8,1.613814671231292,1.613814671231292,1.5161134587026948,1.5161134587026948
a978de95-3470-5a5c-8447-f0d0b4150448,9,1.1812803544099255,1.181280354409925,1.1097650032240272,1.109765003224027
ae89dde2-06e5-5c3d-88d1-b18a3afac874,6,1.5897276454501985,1.589727645450199,1.4877390083184652,1.4877390083184652
ae89dde2-06e5-5c3d-88d1-b18a3afac874,14,1.3200618797419685,1.3200618797419683,1.2353735921414146,1.2353735921414144
b05d8bbc-90bb-57d4-a3ff-25dce53593e4,1,2.3770632209996516,2.377063220999651,2.2269329123049366,2.2269329123049366
b05d8bbc-90bb-57d4-a3ff-25dce53593e4,3,0.6697971361746958,0.6697971361746959,0.6274941591531364,0.6274941591531363
b18a9593-998b-5025-9442-b11f2c52f46c,3,0.9584649252996547,0.9584649252996548,0.9012089560463896,0.9012089560463898
b18a9593-998b-5025-9442-b11f2c52f46c,16,1.7816278580940625,1.7816278580940623,1.6751984758901157,1.675198475890116
b28efaf8-9f88-581f-b35a-177aca0f37a6,1,1.9316621936355496,1.9316621936355496,1.8125708130168343,1.812570813016835
b28efaf8-9f88-581f-b35a-177aca0f37a6,4,1.007735312747874,1.007735312747874,0.9456061319372775,0.9456061319372776
b4ec0cde-d0bf-5e52-a05a-625335240554,15,1.835568709928177,1.8355687099281768,1.7196380545642924,1.7196380545642922
b4ec0cde-d0bf-5e52-a05a-625335240554,19,1.1938018512238089,1.1938018512238089,1.1184038395675684,1.1184038395675684
b5ed6c3e-25b0-50e3-8e36-86250fd00a0b,3,1.2070931393463382,1.2070931393463382,1.1337942019441702,1.1337942019441702
b5ed6c3e-25b0-50e3-8e36-86250fd00a0b,4,1.7757706475839343,1.7757706475839343,1.6679396134283206,1.6679396134283206
bdf85bea-b20c-50f1-8dd7-c1351c7015e0,10,1.5319066897891014,1.5319066897891012,1.431488817515617,1.4314888175156173
bdf85bea-b20c-50f1-8dd7-c1351c7015e0,18,1.093354851736067,1.0933548517360667,1.0216844500183606,1.0216844500183606
bf65d025-43dc-57fa-842e-f2c6a2eb4f8c,10,1.2398634259634729,1.2398634259634729,1.1645745615961816,1.1645745615961818
bf65d025-43dc-57fa-842e-f2c6a2eb4f8c,16,1.3883739432200324,1.3883739432200324,1.3040669983474977,1.304066998347498
c6221f70-6420-50cb-a8d9-aba5294bf856,3,0.787910209607909,0.7879102096079089,0.7389282249964051,0.7389282249964049
c6221f70-6420-50cb-a8d9-aba5294bf856,12,2.1024644474277427,2.1024644474277427,1.9717606185468002,1.9717606185467997
c7bf9b15-363a-5871-9b7f-a786725d7ed3,6,1.6928264283171957,1.692826428317196,1.571722204829496,1.5717222048294963
c7bf9b15-363a-5871-9b7f-a786725d7ed3,8,1.3990154600735045,1.399015460073504,1.2989303727276547,1.2989303727276547
c843cd2e-5dfa-5148-ae4c-944a685f95dc,15,1.3475286099332666,1.3475286099332664,1.257022957027301,1.2570229570273008
c843cd2e-5dfa-5148-ae4c-944a685f95dc,18,1.1660348484532896,1.16603484845329,1.0877190750497108,1.087719075049711
cd31646e-3d5b-5b6b-97a2-0f706664986c,3,0.9097493137729107,0.9097493137729108,0.8565954212828079,0.8565954212828081
cd31646e-3d5b-5b6b-97a2-0f706664986c,11,2.1334803076506166,2.133480307650616,2.00882752563058,2.00882752563058
d123315a-55ef-56e3-b21e-2aa9ff130593,1,1.7116100245514974,1.7116100245514974,1.6051886758747202,1.6051886758747202
d123315a-55ef-56e3-b21e-2aa9ff130593,14,1.096497228624002,1.096497228624002,1.0283212351344266,1.0283212351344269
d810d3c3-dec2-50fb-85ae-1b4d0b80559f,4,1.6400764368050744,1.640076436805074,1.5340370120116424,1.5340370120116424
d810d3c3-dec2-50fb-85ae-1b4d0b80559f,19,1.413153456485531,1.413153456485531,1.3217857761093113,1.3217857761093113
d9ace39d-a5ca-5496-84cb-231df913a305,2,1.361315770707181,1.361315770707181,1.2639277062397933,1.2639277062397933
d9ace39d-a5ca-5496-84cb-231df913a305,4,1.7449735922363365,1.7449735922363363,1.6201387784838144,1.6201387784838146
dc1d8946-e5da-5a50-b228-61e8601bc305,13,1.788742833355278,1.788742833355278,1.6775256623694577,1.6775256623694577
dc1d8946-e5da-5a50-b228-61e8601bc305,20,0.8692224616532188,0.869222461653219,0.8151775417576821,0.8151775417576821
dcb932a5-b690-59b8-8026-5a592284f9a8,7,1.502890106570295,1.502890106570295,1.406472513175256,1.4064725131752558
dcb932a5-b690-59b8-8026-5a592284f9a8,17,1.2491688565582784,1.249168856558278,1.169028695699651,1.1690286956996512
dd5772bc-85d8-5010-9a4b-eeb87df0c6be,9,1.2686486016179226,1.2686486016179226,1.1928631415451674,1.1928631415451674
dd5772bc-85d8-5010-9a4b-eeb87df0c6be,12,1.4793949896845375,1.4793949896845378,1.3910201396436457,1.3910201396436455
de92aec0-17cd-521d-ae3d-f425ab7e09dd,1,1.9555526432795312,1.9555526432795312,1.8368306614996741,1.8368306614996743
de92aec0-17cd-521d-ae3d-f425ab7e09dd,15,0.9650127519235683,0.965012751923568,0.9064266398365706,0.9064266398365702
dec351fa-176e-54ff-a391-5e41f9eeee09,10,1.2985161744065217,1.2985161744065217,1.2165046265492676,1.2165046265492678
dec351fa-176e-54ff-a391-5e41f9eeee09,20,1.191059199683557,1.191059199683557,1.115834408124596,1.1158344081245957
df7ba6cc-31bb-5cbf-8a2f-b79c5249f90f,12,1.3663568344019306,1.3663568344019308,1.2745865992555325,1.2745865992555325
df7ba6cc-31bb-5cbf-8a2f-b79c5249f90f,17,1.021925581017533,1.0219255810175327,0.9532887882626239,0.9532887882626239
dfe7f7c9-2226-54fe-8291-e1c23b5bb5fd,5,1.785151546692317,1.7851515466923171,1.6741576681414996,1.6741576681414996
dfe7f7c9-2226-54fe-8291-e1c23b5bb5fd,16,1.1067996366132542,1.1067996366132549,1.0379830788963686,1.0379830788963686
dfe891e4-ce71-5e78-94ea-cee9d70885e6,2,1.587351805092811,1.587351805092811,1.4912526687844896,1.4912526687844894
dfe891e4-ce71-5e78-94ea-cee9d70885e6,3,1.1146195736131637,1.1146195736131637,1.0471399021295558,1.0471399021295558
e07812fd-53bd-5cff-a85b-94bea63806fe,5,1.77326317692483,1.77326317692483,1.6655844051994202,1.6655844051994202
e07812fd-53bd-5cff-a85b-94bea63806fe,20,0.9555209668949797,0.9555209668949796,0.8974983758819769,0.8974983758819769
e0ceee79-211e-5422-8a48-170a59ad8497,1,1.5982641109725613,1.598264110972561,1.5015043377677353,1.5015043377677357
e0ceee79-211e-5422-8a48-170a59ad8497,19,0.9850930283030743,0.9850930283030744,0.9254549638868882,0.9254549638868883
e1b64232-1ee4-522c-b106-e651d9eba4ea,2,1.080067323397633,1.0800673233976332,1.0107758352366851,1.0107758352366853
e1b64232-1ee4-522c-b106-e651d9eba4ea,13,2.028766107632918,2.0287661076329178,1.8986110518479136,1.898611051847914
e20ba8da-5c02-58df-ad17-3223c3c83acf,1,1.8766108221348525,1.8766108221348528,1.7535972814928187,1.753597281492819
e20ba8da-5c02-58df-ad17-3223c3c83acf,7,1.1150767074712014,1.1150767074712014,1.0419824184179984,1.0419824184179984
e2562928-63eb-5b52-9e4c-94f8ddca3e11,7,2.2086640283848227,2.208664028384823,2.0604558038941883,2.0604558038941883
e2562928-63eb-5b52-9e4c-94f8ddca3e11,19,1.138963661479245,1.138963661479245,1.062535658008461,1.062535658008461
e793b103-c5db-5d62-9227-c3f3b84c30aa,14,1.7998449073654232,1.7998449073654232,1.6789598016468503,1.67895980164685
e793b103-c5db-5d62-9227-c3f3b84c30aa,19,1.2051013309857175,1.2051013309857177,1.1241616893523487,1.1241616893523487
ebb30294-ec65-5a92-a141-2fa11e9b549c,13,1.6686905167179749,1.6686905167179749,1.567361764410811,1.5673617644108109
ebb30294-ec65-5a92-a141-2fa11e9b549c,19,1.2831682152034967,1.2831682152034969,1.2052497318513464,1.2052497318513464
ec96ab00-9497-5a3e-b3ca-317abf912d08,3,0.9210766691892847,0.9210766691892848,0.8592133108108999,0.8592133108109
ec96ab00-9497-5a3e-b3ca-317abf912d08,8,2.1364110859126613,2.1364110859126617,1.9929207890976326,1.9929207890976322
ecd48097-3a63-58b6-a353-65332e720c42,17,1.346794863780832,1.3467948637808322,1.2637618882086474,1.2637618882086477
ecd48097-3a63-58b6-a353-65332e720c42,18,1.1134579289083193,1.1134579289083195,1.0448107076439352,1.0448107076439348
ee2e6f43-96fc-5070-b018-615238c06305,2,1.2445800632218003,1.2445800632218005,1.167848863269778,1.167848863269778
ee2e6f43-96fc-5070-b018-615238c06305,16,1.3539973089288841,1.3539973089288837,1.2705202861835765,1.2705202861835765
f0affde3-2d1e-534c-9399-e7418e760196,9,1.5493642982191327,1.549364298219133,1.4515097109631876,1.4515097109631878
f0affde3-2d1e-534c-9399-e7418e760196,17,1.0974047283491917,1.0974047283491914,1.0280949560324006,1.0280949560324006
f5b8d4db-d7b4-5da2-a157-94fd8af41961,7,1.4684873992286442,1.468487399228644,1.3634323131251953,1.3634323131251953
f5b8d4db-d7b4-5da2-a157-94fd8af41961,20,1.2230550340474786,1.2230550340474786,1.1355580953753417,1.1355580953753417
f82cddfd-b545-5509-9c99-a1ae615e0130,3,1.2531340946313358,1.2531340946313358,1.1727395447720956,1.1727395447720954
f82cddfd-b545-5509-9c99-a1ae615e0130,20,1.2299744994739226,1.2299744994739228,1.151065748489343,1.1510657484893432
f9e40dc0-3f7f-564f-aecb-0459ee9f4389,4,1.5340530787020863,1.5340530787020863,1.4408447903758836,1.4408447903758839
f9e40dc0-3f7f-564f-aecb-0459ee9f4389,14,1.5576903757449894,1.5576903757449894,1.4630458972187117,1.4630458972187117
fd338246-8ad6-503a-aaa4-7c8328aae763,16,1.1950170970943177,1.195017097094318,1.1224084633468148,1.1224084633468152
fd338246-8ad6-503a-aaa4-7c8328aae763,18,1.3348991897224392,1.3348991897224394,1.2537913908532283,1.253791390853228
fe5e3103-d0cf-58a8-83c4-58f211edd29a,17,1.1357917293892243,1.1357917293892243,1.0651725545049202,1.0651725545049202
fe5e3103-d0cf-58a8-83c4-58f211edd29a,19,1.3875143136747528,1.3875143136747528,1.3012439936535245,1.3012439936535245
fef47b9a-ab98-50c0-a72f-57c356ba1514,8,1.3777590274801896,1.3777590274801892,1.2969304978680178,1.296930497868018
fef47b9a-ab98-50c0-a72f-57c356ba1514,18,1.3051044925580495,1.305104492558049,1.2285383623279769,1.2285383623279769
