label,kind,param,weights,total_points,points_gw1_21,points_gw22_38,transfers,hit_points,transfers_gw1_21,transfers_gw22_38,hit_points_gw1_21,hit_points_gw22_38
exp_rho_0.75,exp,0.75,"[1.0, 0.75, 0.5625]",2113,1186,927,55,76,30,25,40,36
exp_rho_0.80,exp,0.8,"[1.0, 0.8, 0.6400000000000001]",2109,1184,925,54,72,30,24,40,32
exp_rho_0.70,exp,0.7,"[1.0, 0.7, 0.48999999999999994]",2101,1182,919,57,84,32,25,48,36
exp_rho_0.85,exp,0.85,"[1.0, 0.85, 0.7224999999999999]",2049,1112,937,59,88,35,24,64,24
exp_rho_0.90,exp,0.9,"[1.0, 0.9, 0.81]",2102,1112,990,59,88,35,24,64,24
exp_rho_0.95,exp,0.95,"[1.0, 0.95, 0.9025]",2118,1107,1011,63,104,38,25,76,28
exp_rho_0.55,exp,0.55,"[1.0, 0.55, 0.30250000000000005]",2014,1092,922,48,44,28,20,32,12
exp_rho_0.60,exp,0.6,"[1.0, 0.6, 0.36]",2009,1073,936,53,64,32,21,48,16
exp_rho_0.65,exp,0.65,"[1.0, 0.65, 0.42250000000000004]",1937,1022,915,56,76,35,21,60,16
