gw,team_id,rows,max_q_error,history_fixtures
6,1,35,9.8879238130678e-17,5
6,2,42,9.71445146547012e-17,5
6,3,41,9.8879238130678e-17,5
6,4,40,9.8879238130678e-17,5
6,5,37,8.847089727481716e-17,5
6,6,42,9.8879238130678e-17,5
6,7,35,9.8879238130678e-17,5
6,8,37,9.8879238130678e-17,5
6,9,35,9.8879238130678e-17,5
6,10,29,9.8879238130678e-17,5
6,11,34,9.8879238130678e-17,5
6,12,35,9.8879238130678e-17,5
6,13,35,9.8879238130678e-17,5
6,14,39,9.71445146547012e-17,5
6,15,36,9.8879238130678e-17,5
6,16,37,9.8879238130678e-17,5
6,17,45,9.8879238130678e-17,5
6,18,38,9.8879238130678e-17,5
6,19,34,9.8879238130678e-17,5
6,20,36,9.8879238130678e-17,5
7,1,35,9.540979117872439e-17,6
7,2,42,8.673617379884035e-17,6
7,3,41,9.367506770274758e-17,6
7,4,40,9.8879238130678e-17,6
7,5,37,9.8879238130678e-17,6
7,6,42,9.8879238130678e-17,6
7,7,36,9.71445146547012e-17,6
7,8,37,8.326672684688674e-17,6
7,9,35,7.806255641895632e-17,6
7,10,29,9.8879238130678e-17,6
7,11,34,7.112366251504909e-17,6
7,12,35,9.8879238130678e-17,6
7,13,35,9.194034422677078e-17,6
7,14,39,9.71445146547012e-17,6
7,15,36,9.71445146547012e-17,6
7,16,37,9.367506770274758e-17,6
7,17,45,9.8879238130678e-17,6
7,18,38,9.020562075079397e-17,6
7,19,34,9.020562075079397e-17,6
7,20,36,9.8879238130678e-17,6
8,1,35,9.367506770274758e-17,7
8,2,42,9.020562075079397e-17,7
8,3,41,8.673617379884035e-17,7
8,4,40,9.71445146547012e-17,7
8,5,37,8.326672684688674e-17,7
8,6,43,8.326672684688674e-17,7
8,7,36,9.8879238130678e-17,7
8,8,37,7.632783294297951e-17,7
8,9,35,9.194034422677078e-17,7
8,10,29,9.020562075079397e-17,7
8,11,34,7.632783294297951e-17,7
8,12,35,9.367506770274758e-17,7
8,13,35,9.367506770274758e-17,7
8,14,39,9.454242944073599e-17,7
8,15,36,9.71445146547012e-17,7
8,16,37,9.020562075079397e-17,7
8,17,45,9.8879238130678e-17,7
8,18,39,9.8879238130678e-17,7
8,19,34,9.8879238130678e-17,7
8,20,36,8.673617379884035e-17,7
9,1,35,9.80118763926896e-17,8
9,2,42,9.194034422677078e-17,8
9,3,41,9.540979117872439e-17,8
9,4,40,9.020562075079397e-17,8
9,5,37,9.80118763926896e-17,8
9,6,43,9.367506770274758e-17,8
9,7,36,9.8879238130678e-17,8
9,8,37,9.280770596475918e-17,8
9,9,35,9.454242944073599e-17,8
9,10,29,9.367506770274758e-17,8
9,11,34,9.280770596475918e-17,8
9,12,36,8.500145032286355e-17,8
9,13,35,9.367506770274758e-17,8
9,14,39,9.540979117872439e-17,8
9,15,36,8.933825901280557e-17,8
9,16,37,9.367506770274758e-17,8
9,17,45,9.71445146547012e-17,8
9,18,39,9.8879238130678e-17,8
9,19,34,9.8879238130678e-17,8
9,20,36,9.8879238130678e-17,8
10,1,35,9.020562075079397e-17,9
10,2,42,9.71445146547012e-17,9
10,3,41,9.71445146547012e-17,9
10,4,40,9.71445146547012e-17,9
10,5,37,9.194034422677078e-17,9
10,6,43,9.8879238130678e-17,9
10,7,36,9.71445146547012e-17,9
10,8,37,8.847089727481716e-17,9
10,9,35,9.367506770274758e-17,9
10,10,29,9.71445146547012e-17,9
10,11,34,9.020562075079397e-17,9
10,12,36,9.540979117872439e-17,9
10,13,35,9.540979117872439e-17,9
10,14,39,9.71445146547012e-17,9
10,15,36,9.71445146547012e-17,9
10,16,37,9.71445146547012e-17,9
10,17,45,8.933825901280557e-17,9
10,18,39,9.020562075079397e-17,9
10,19,35,9.020562075079397e-17,9
10,20,36,9.71445146547012e-17,9
11,1,35,9.020562075079397e-17,10
11,2,42,9.71445146547012e-17,10
11,3,41,8.847089727481716e-17,10
11,4,40,9.71445146547012e-17,10
11,5,38,9.367506770274758e-17,10
11,6,43,9.8879238130678e-17,10
11,7,36,9.71445146547012e-17,10
11,8,37,9.020562075079397e-17,10
11,9,35,9.71445146547012e-17,10
11,10,29,9.367506770274758e-17,10
11,11,34,9.540979117872439e-17,10
11,12,36,9.71445146547012e-17,10
11,13,35,9.367506770274758e-17,10
11,14,39,9.194034422677078e-17,10
11,15,36,9.020562075079397e-17,10
11,16,37,9.71445146547012e-17,10
11,17,45,9.367506770274758e-17,10
11,18,41,9.71445146547012e-17,10
11,19,36,9.367506770274758e-17,10
11,20,37,8.500145032286355e-17,10
12,1,35,9.71445146547012e-17,11
12,2,43,9.80118763926896e-17,11
12,3,41,9.8879238130678e-17,11
12,4,40,9.367506770274758e-17,11
12,5,38,8.586881206085195e-17,11
12,6,43,9.71445146547012e-17,11
12,7,36,9.71445146547012e-17,11
12,8,37,8.586881206085195e-17,11
12,9,35,8.586881206085195e-17,11
12,10,29,8.326672684688674e-17,11
12,11,34,8.933825901280557e-17,11
12,12,36,9.627715291671279e-17,11
12,13,35,9.71445146547012e-17,11
12,14,40,9.71445146547012e-17,11
12,15,37,9.8879238130678e-17,11
12,16,37,9.71445146547012e-17,11
12,17,45,9.71445146547012e-17,11
12,18,41,9.367506770274758e-17,11
12,19,36,9.020562075079397e-17,11
12,20,37,8.673617379884035e-17,11
13,1,35,9.367506770274758e-17,12
13,2,43,9.540979117872439e-17,12
13,3,41,9.8879238130678e-17,12
13,4,40,9.020562075079397e-17,12
13,5,38,9.020562075079397e-17,12
13,6,43,9.71445146547012e-17,12
13,7,36,9.454242944073599e-17,12
13,8,37,8.586881206085195e-17,12
13,9,35,9.627715291671279e-17,12
13,10,29,9.71445146547012e-17,12
13,11,34,9.280770596475918e-17,12
13,12,36,9.280770596475918e-17,12
13,13,35,9.540979117872439e-17,12
13,14,40,9.80118763926896e-17,12
13,15,37,9.540979117872439e-17,12
13,16,37,9.974659986866641e-17,12
13,17,45,9.8879238130678e-17,12
13,18,41,9.974659986866641e-17,12
13,19,36,8.673617379884035e-17,12
13,20,37,9.71445146547012e-17,12
14,1,35,9.020562075079397e-17,13
14,2,44,1.1102230246251565e-16,13
14,3,41,9.280770596475918e-17,13
14,4,41,9.71445146547012e-17,13
14,5,38,9.280770596475918e-17,13
14,6,43,1.1102230246251565e-16,13
14,7,36,8.326672684688674e-17,13
14,8,37,1.1102230246251565e-16,13
14,9,35,1.1102230246251565e-16,13
14,10,29,9.71445146547012e-17,13
14,11,34,1.1102230246251565e-16,13
14,12,36,1.1102230246251565e-16,13
14,13,35,9.8879238130678e-17,13
14,14,40,9.020562075079397e-17,13
14,15,37,9.8879238130678e-17,13
14,16,37,9.71445146547012e-17,13
14,17,45,9.367506770274758e-17,13
14,18,41,1.1102230246251565e-16,13
14,19,37,8.760353553682876e-17,13
14,20,37,9.8879238130678e-17,13
15,1,36,8.326672684688674e-17,14
15,2,44,1.1102230246251565e-16,14
15,3,41,1.1102230246251565e-16,14
15,4,41,1.1102230246251565e-16,14
15,5,38,9.8879238130678e-17,14
15,6,43,1.1102230246251565e-16,14
15,7,36,9.367506770274758e-17,14
15,8,37,1.1102230246251565e-16,14
15,9,35,1.1102230246251565e-16,14
15,10,29,9.71445146547012e-17,14
15,11,34,1.1102230246251565e-16,14
15,12,36,1.1102230246251565e-16,14
15,13,35,9.367506770274758e-17,14
15,14,40,1.1102230246251565e-16,14
15,15,37,9.540979117872439e-17,14
15,16,37,8.326672684688674e-17,14
15,17,45,9.540979117872439e-17,14
15,18,41,9.020562075079397e-17,14
15,19,37,9.367506770274758e-17,14
15,20,37,8.326672684688674e-17,14
16,1,36,9.8879238130678e-17,15
16,2,44,9.71445146547012e-17,15
16,3,41,9.020562075079397e-17,15
16,4,41,1.1102230246251565e-16,15
16,5,38,9.020562075079397e-17,15
16,6,43,1.1102230246251565e-16,15
16,7,36,9.020562075079397e-17,15
16,8,37,1.1102230246251565e-16,15
16,9,35,1.1102230246251565e-16,15
16,10,29,9.540979117872439e-17,15
16,11,34,1.1102230246251565e-16,15
16,12,37,1.1102230246251565e-16,15
16,13,35,1.1102230246251565e-16,15
16,14,40,1.1102230246251565e-16,15
16,15,37,9.8879238130678e-17,15
16,16,37,9.020562075079397e-17,15
16,17,45,9.71445146547012e-17,15
16,18,41,1.1102230246251565e-16,15
16,19,37,9.71445146547012e-17,15
16,20,37,9.71445146547012e-17,15
17,1,36,9.71445146547012e-17,16
17,2,45,1.1102230246251565e-16,16
17,3,41,9.8879238130678e-17,16
17,4,41,1.1102230246251565e-16,16
17,5,38,9.71445146547012e-17,16
17,6,44,9.367506770274758e-17,16
17,7,36,1.1102230246251565e-16,16
17,8,38,1.1102230246251565e-16,16
17,9,35,1.1102230246251565e-16,16
17,10,30,9.80118763926896e-17,16
17,11,34,9.367506770274758e-17,16
17,12,37,9.80118763926896e-17,16
17,13,37,1.1102230246251565e-16,16
17,14,41,9.627715291671279e-17,16
17,15,38,9.71445146547012e-17,16
17,16,37,9.71445146547012e-17,16
17,17,45,9.71445146547012e-17,16
17,18,41,9.71445146547012e-17,16
17,19,37,9.71445146547012e-17,16
17,20,39,9.8879238130678e-17,16
18,1,36,9.540979117872439e-17,17
18,2,45,9.020562075079397e-17,17
18,3,41,1.1102230246251565e-16,17
18,4,41,1.1102230246251565e-16,17
18,5,38,9.71445146547012e-17,17
18,6,44,1.1102230246251565e-16,17
18,7,36,1.1102230246251565e-16,17
18,8,39,1.1102230246251565e-16,17
18,9,35,1.1102230246251565e-16,17
18,10,30,9.8879238130678e-17,17
18,11,34,1.1102230246251565e-16,17
18,12,37,1.1102230246251565e-16,17
18,13,37,1.1102230246251565e-16,17
18,14,42,9.540979117872439e-17,17
18,15,39,9.454242944073599e-17,17
18,16,37,9.367506770274758e-17,17
18,17,47,8.673617379884035e-17,17
18,18,41,1.1102230246251565e-16,17
18,19,37,8.500145032286355e-17,17
18,20,39,9.280770596475918e-17,17
19,1,36,8.933825901280557e-17,18
19,2,45,1.1102230246251565e-16,18
19,3,42,1.1102230246251565e-16,18
19,4,41,1.1102230246251565e-16,18
19,5,38,9.71445146547012e-17,18
19,6,44,1.1102230246251565e-16,18
19,7,36,9.8879238130678e-17,18
19,8,40,1.1102230246251565e-16,18
19,9,36,1.1102230246251565e-16,18
19,10,30,9.020562075079397e-17,18
19,11,34,1.1102230246251565e-16,18
19,12,37,1.1102230246251565e-16,18
19,13,37,1.1102230246251565e-16,18
19,14,42,9.540979117872439e-17,18
19,15,39,9.71445146547012e-17,18
19,16,37,9.8879238130678e-17,18
19,17,47,9.71445146547012e-17,18
19,18,41,1.1102230246251565e-16,18
19,19,37,9.71445146547012e-17,18
19,20,41,9.540979117872439e-17,18
20,1,36,9.367506770274758e-17,19
20,2,46,9.71445146547012e-17,19
20,3,43,9.8879238130678e-17,19
20,4,42,1.1102230246251565e-16,19
20,5,38,1.1102230246251565e-16,19
20,6,45,1.1102230246251565e-16,19
20,7,37,1.1102230246251565e-16,19
20,8,41,1.1102230246251565e-16,19
20,9,36,9.80118763926896e-17,19
20,10,31,1.1102230246251565e-16,19
20,11,35,8.760353553682876e-17,19
20,12,37,1.1102230246251565e-16,19
20,13,37,1.1102230246251565e-16,19
20,14,43,9.974659986866641e-17,19
20,15,39,9.367506770274758e-17,19
20,16,37,9.71445146547012e-17,19
20,17,47,9.71445146547012e-17,19
20,18,41,1.1102230246251565e-16,19
20,19,38,9.71445146547012e-17,19
20,20,41,9.540979117872439e-17,19
21,1,36,9.71445146547012e-17,20
21,2,47,9.8879238130678e-17,20
21,3,43,9.367506770274758e-17,20
21,4,42,1.1102230246251565e-16,20
21,5,38,9.80118763926896e-17,20
21,6,46,9.80118763926896e-17,20
21,7,37,9.020562075079397e-17,20
21,8,42,1.1102230246251565e-16,20
21,9,36,1.1102230246251565e-16,20
21,10,31,9.367506770274758e-17,20
21,11,35,1.1102230246251565e-16,20
21,12,37,1.1102230246251565e-16,20
21,13,38,1.1102230246251565e-16,20
21,14,43,8.326672684688674e-17,20
21,15,39,9.80118763926896e-17,20
21,16,37,9.71445146547012e-17,20
21,17,47,8.760353553682876e-17,20
21,18,41,9.540979117872439e-17,20
21,19,39,9.71445146547012e-17,20
21,20,41,9.974659986866641e-17,20
22,1,36,9.367506770274758e-17,21
22,2,47,1.1102230246251565e-16,21
22,3,43,9.71445146547012e-17,21
22,4,42,1.1102230246251565e-16,21
22,5,39,1.1102230246251565e-16,21
22,6,46,9.367506770274758e-17,21
22,7,36,9.71445146547012e-17,21
22,8,43,1.1102230246251565e-16,21
22,9,36,9.020562075079397e-17,21
22,10,31,1.1102230246251565e-16,21
22,11,36,1.1102230246251565e-16,21
22,12,37,9.107298248878237e-17,21
22,13,39,1.1102230246251565e-16,21
22,14,43,9.540979117872439e-17,21
22,15,39,9.020562075079397e-17,21
22,16,37,9.71445146547012e-17,21
22,17,47,9.194034422677078e-17,21
22,18,42,1.1102230246251565e-16,21
22,19,39,9.71445146547012e-17,21
22,20,41,9.8879238130678e-17,21
23,1,36,9.194034422677078e-17,22
23,2,47,1.1102230246251565e-16,22
23,3,43,9.80118763926896e-17,22
23,4,43,1.1102230246251565e-16,22
23,5,39,1.1102230246251565e-16,22
23,6,46,9.020562075079397e-17,22
23,7,37,9.194034422677078e-17,22
23,8,42,1.1102230246251565e-16,22
23,9,36,1.1102230246251565e-16,22
23,10,31,1.1102230246251565e-16,22
23,11,36,8.413408858487514e-17,22
23,12,37,1.1102230246251565e-16,22
23,13,40,8.673617379884035e-17,22
23,14,43,9.107298248878237e-17,22
23,15,39,8.933825901280557e-17,22
23,16,37,1.1102230246251565e-16,22
23,17,48,1.1102230246251565e-16,22
23,18,42,9.71445146547012e-17,22
23,19,40,9.71445146547012e-17,22
23,20,41,9.8879238130678e-17,22
24,1,36,9.71445146547012e-17,23
24,2,49,1.1102230246251565e-16,23
24,3,44,9.71445146547012e-17,23
24,4,45,1.1102230246251565e-16,23
24,5,40,9.71445146547012e-17,23
24,6,47,1.1102230246251565e-16,23
24,7,37,1.1102230246251565e-16,23
24,8,42,9.627715291671279e-17,23
24,9,36,9.8879238130678e-17,23
24,10,31,9.71445146547012e-17,23
24,11,36,1.1102230246251565e-16,23
24,12,37,9.80118763926896e-17,23
24,13,39,9.71445146547012e-17,23
24,14,43,9.020562075079397e-17,23
24,15,39,9.71445146547012e-17,23
24,16,37,1.1102230246251565e-16,23
24,17,48,1.1102230246251565e-16,23
24,18,44,1.1102230246251565e-16,23
24,19,39,9.8879238130678e-17,23
24,20,42,8.847089727481716e-17,23
25,1,36,9.367506770274758e-17,24
25,2,48,1.1102230246251565e-16,24
25,3,44,9.8879238130678e-17,24
25,4,45,1.1102230246251565e-16,24
25,5,40,1.1102230246251565e-16,24
25,6,47,1.1102230246251565e-16,24
25,7,36,9.194034422677078e-17,24
25,8,44,1.1102230246251565e-16,24
25,9,37,1.1102230246251565e-16,24
25,10,31,9.71445146547012e-17,24
25,11,36,1.1102230246251565e-16,24
25,12,37,1.1102230246251565e-16,24
25,13,38,1.1102230246251565e-16,24
25,14,43,9.71445146547012e-17,24
25,15,39,9.71445146547012e-17,24
25,16,39,1.1102230246251565e-16,24
25,17,50,1.1102230246251565e-16,24
25,18,44,9.540979117872439e-17,24
25,19,40,9.80118763926896e-17,24
25,20,43,9.71445146547012e-17,24
26,1,72,1.1102230246251565e-16,25
26,2,48,1.1102230246251565e-16,25
26,3,44,9.367506770274758e-17,25
26,4,45,1.1102230246251565e-16,25
26,5,40,9.71445146547012e-17,25
26,6,47,9.71445146547012e-17,25
26,7,36,1.1102230246251565e-16,25
26,8,44,1.1102230246251565e-16,25
26,9,37,1.1102230246251565e-16,25
26,10,31,9.627715291671279e-17,25
26,11,36,1.1102230246251565e-16,25
26,12,37,1.1102230246251565e-16,25
26,13,38,9.71445146547012e-17,25
26,14,43,9.8879238130678e-17,25
26,15,39,9.71445146547012e-17,25
26,16,39,1.1102230246251565e-16,25
26,17,50,9.71445146547012e-17,25
26,18,44,9.454242944073599e-17,25
26,19,40,9.194034422677078e-17,25
26,20,86,9.71445146547012e-17,25
27,1,36,9.71445146547012e-17,27
27,2,48,1.1102230246251565e-16,26
27,3,44,9.71445146547012e-17,26
27,4,45,1.1102230246251565e-16,26
27,5,40,1.1102230246251565e-16,26
27,6,47,9.80118763926896e-17,26
27,7,36,1.1102230246251565e-16,26
27,8,44,1.1102230246251565e-16,26
27,9,37,9.8879238130678e-17,26
27,10,31,1.1102230246251565e-16,26
27,11,36,1.1102230246251565e-16,26
27,12,37,1.1102230246251565e-16,26
27,13,38,1.1102230246251565e-16,26
27,14,43,9.71445146547012e-17,26
27,15,39,9.454242944073599e-17,26
27,16,39,9.80118763926896e-17,26
27,17,50,1.1102230246251565e-16,26
27,18,45,1.1102230246251565e-16,26
27,19,40,1.1102230246251565e-16,26
27,20,43,9.71445146547012e-17,27
28,1,36,9.71445146547012e-17,28
28,2,48,1.1102230246251565e-16,27
28,3,44,9.8879238130678e-17,27
28,4,45,1.1102230246251565e-16,27
28,5,41,1.1102230246251565e-16,27
28,6,47,9.540979117872439e-17,27
28,7,36,9.974659986866641e-17,27
28,8,44,1.1102230246251565e-16,27
28,9,37,1.1102230246251565e-16,27
28,10,31,1.1102230246251565e-16,27
28,11,36,8.933825901280557e-17,27
28,12,37,1.1102230246251565e-16,27
28,13,38,9.974659986866641e-17,27
28,14,43,9.367506770274758e-17,27
28,15,39,9.71445146547012e-17,27
28,16,39,9.367506770274758e-17,27
28,17,50,1.1102230246251565e-16,27
28,18,45,9.71445146547012e-17,27
28,19,40,9.80118763926896e-17,27
28,20,43,9.80118763926896e-17,28
29,1,36,9.80118763926896e-17,29
29,2,48,1.1102230246251565e-16,28
29,3,45,9.974659986866641e-17,28
29,4,45,1.1102230246251565e-16,28
29,5,41,1.1102230246251565e-16,28
29,6,47,9.194034422677078e-17,28
29,7,36,9.80118763926896e-17,28
29,8,44,1.1102230246251565e-16,28
29,9,37,1.1102230246251565e-16,28
29,10,31,1.1102230246251565e-16,28
29,11,36,1.1102230246251565e-16,28
29,12,37,1.1102230246251565e-16,28
29,13,38,1.1102230246251565e-16,28
29,14,43,9.020562075079397e-17,28
29,15,39,9.71445146547012e-17,28
29,16,39,1.1102230246251565e-16,28
29,17,50,9.71445146547012e-17,28
29,18,45,9.974659986866641e-17,28
29,19,40,9.540979117872439e-17,28
29,20,43,9.71445146547012e-17,29
30,1,36,1.1102230246251565e-16,30
30,2,48,1.1102230246251565e-16,29
30,3,45,9.8879238130678e-17,29
30,4,45,9.71445146547012e-17,29
30,5,41,9.71445146547012e-17,29
30,6,47,9.8879238130678e-17,29
30,7,36,9.454242944073599e-17,29
30,8,44,9.80118763926896e-17,29
30,9,37,1.1102230246251565e-16,29
30,10,31,9.194034422677078e-17,29
30,11,36,9.71445146547012e-17,29
30,12,37,1.1102230246251565e-16,29
30,13,38,9.71445146547012e-17,29
30,14,43,9.194034422677078e-17,29
30,15,39,9.71445146547012e-17,29
30,16,39,1.1102230246251565e-16,29
30,17,52,1.1102230246251565e-16,29
30,18,45,9.71445146547012e-17,29
30,19,40,1.1102230246251565e-16,29
30,20,43,9.71445146547012e-17,30
31,2,48,1.1102230246251565e-16,30
31,3,45,9.8879238130678e-17,30
31,4,45,1.1102230246251565e-16,30
31,5,43,1.1102230246251565e-16,30
31,6,47,9.71445146547012e-17,30
31,7,36,9.71445146547012e-17,30
31,9,37,9.71445146547012e-17,30
31,10,31,9.71445146547012e-17,30
31,11,36,1.1102230246251565e-16,30
31,12,37,1.1102230246251565e-16,30
31,14,43,9.71445146547012e-17,30
31,15,39,9.8879238130678e-17,30
31,16,39,1.1102230246251565e-16,30
31,17,52,9.71445146547012e-17,30
31,18,45,9.540979117872439e-17,30
31,19,41,9.71445146547012e-17,30
32,1,36,1.1102230246251565e-16,31
32,2,48,1.1102230246251565e-16,31
32,3,45,9.8879238130678e-17,31
32,4,45,1.1102230246251565e-16,31
32,5,44,1.1102230246251565e-16,31
32,6,47,8.326672684688674e-17,31
32,7,36,9.71445146547012e-17,31
32,8,44,1.1102230246251565e-16,30
32,9,37,1.1102230246251565e-16,31
32,10,31,1.1102230246251565e-16,31
32,11,36,9.540979117872439e-17,31
32,12,37,1.1102230246251565e-16,31
32,13,38,1.1102230246251565e-16,30
32,14,43,9.454242944073599e-17,31
32,15,39,9.020562075079397e-17,31
32,16,39,9.8879238130678e-17,31
32,17,52,1.1102230246251565e-16,31
32,18,45,9.367506770274758e-17,31
32,19,41,9.540979117872439e-17,31
32,20,43,9.71445146547012e-17,31
33,1,36,1.1102230246251565e-16,32
33,2,48,1.1102230246251565e-16,32
33,3,90,9.71445146547012e-17,32
33,4,90,1.1102230246251565e-16,32
33,5,44,9.71445146547012e-17,32
33,6,94,9.71445146547012e-17,32
33,7,74,9.71445146547012e-17,32
33,8,44,1.1102230246251565e-16,31
33,9,37,1.1102230246251565e-16,32
33,10,31,1.1102230246251565e-16,32
33,11,72,9.71445146547012e-17,32
33,12,37,1.1102230246251565e-16,32
33,13,76,1.1102230246251565e-16,31
33,14,44,9.8879238130678e-17,32
33,15,39,1.1102230246251565e-16,32
33,16,39,9.71445146547012e-17,32
33,17,52,1.1102230246251565e-16,32
33,18,45,9.80118763926896e-17,32
33,19,41,9.71445146547012e-17,32
33,20,44,9.71445146547012e-17,32
34,1,36,9.80118763926896e-17,33
34,2,48,1.1102230246251565e-16,33
34,5,44,1.1102230246251565e-16,33
34,8,44,1.1102230246251565e-16,32
34,9,37,1.1102230246251565e-16,33
34,10,31,9.71445146547012e-17,33
34,12,38,9.8879238130678e-17,33
34,14,44,9.627715291671279e-17,33
34,15,39,1.1102230246251565e-16,33
34,16,39,9.71445146547012e-17,33
34,17,52,9.020562075079397e-17,33
34,18,45,9.367506770274758e-17,33
34,19,41,9.71445146547012e-17,33
34,20,44,9.627715291671279e-17,33
35,1,36,9.71445146547012e-17,34
35,2,48,1.1102230246251565e-16,34
35,3,45,9.71445146547012e-17,34
35,4,45,1.1102230246251565e-16,34
35,5,44,1.1102230246251565e-16,34
35,6,47,1.1102230246251565e-16,34
35,7,37,9.8879238130678e-17,34
35,8,44,1.1102230246251565e-16,33
35,9,37,1.1102230246251565e-16,34
35,10,31,9.194034422677078e-17,34
35,11,36,9.71445146547012e-17,34
35,12,39,9.627715291671279e-17,34
35,13,38,9.80118763926896e-17,33
35,14,44,9.71445146547012e-17,34
35,15,39,9.71445146547012e-17,34
35,16,39,1.1102230246251565e-16,34
35,17,52,9.020562075079397e-17,34
35,18,45,9.020562075079397e-17,34
35,19,41,9.194034422677078e-17,34
35,20,45,9.8879238130678e-17,34
36,1,36,8.673617379884035e-17,35
36,2,48,1.1102230246251565e-16,35
36,3,45,9.71445146547012e-17,35
36,4,45,9.71445146547012e-17,35
36,5,44,9.80118763926896e-17,35
36,6,47,9.6710833785707e-17,35
36,7,39,9.454242944073599e-17,35
36,8,88,1.1102230246251565e-16,34
36,9,37,1.1102230246251565e-16,35
36,10,31,1.1102230246251565e-16,35
36,11,38,1.1102230246251565e-16,35
36,12,39,9.80118763926896e-17,35
36,13,76,9.71445146547012e-17,34
36,14,44,9.71445146547012e-17,35
36,15,39,9.71445146547012e-17,35
36,16,41,1.1102230246251565e-16,35
36,17,52,9.80118763926896e-17,35
36,18,45,9.71445146547012e-17,35
36,19,41,9.8879238130678e-17,35
36,20,45,9.540979117872439e-17,35
37,1,36,9.8879238130678e-17,36
37,2,48,1.1102230246251565e-16,36
37,3,45,9.71445146547012e-17,36
37,4,45,1.1102230246251565e-16,36
37,5,44,9.627715291671279e-17,36
37,6,47,1.1102230246251565e-16,36
37,7,40,9.454242944073599e-17,36
37,8,44,1.1102230246251565e-16,36
37,9,37,9.71445146547012e-17,36
37,10,31,9.80118763926896e-17,36
37,11,39,1.1102230246251565e-16,36
37,12,39,1.1102230246251565e-16,36
37,13,38,9.71445146547012e-17,36
37,14,44,8.847089727481716e-17,36
37,15,39,9.71445146547012e-17,36
37,16,41,9.71445146547012e-17,36
37,17,52,1.1102230246251565e-16,36
37,18,45,9.71445146547012e-17,36
37,19,41,9.454242944073599e-17,36
37,20,45,9.627715291671279e-17,36
38,1,36,9.280770596475918e-17,37
38,2,48,1.1102230246251565e-16,37
38,3,45,9.71445146547012e-17,37
38,4,45,1.1102230246251565e-16,37
38,5,44,1.1102230246251565e-16,37
38,6,47,1.1102230246251565e-16,37
38,7,40,9.8879238130678e-17,37
38,8,44,1.1102230246251565e-16,37
38,9,37,1.1102230246251565e-16,37
38,10,31,9.540979117872439e-17,37
38,11,39,1.1102230246251565e-16,37
38,12,39,1.1102230246251565e-16,37
38,13,38,1.1102230246251565e-16,37
38,14,44,8.586881206085195e-17,37
38,15,39,1.1102230246251565e-16,37
38,16,42,9.80118763926896e-17,37
38,17,52,1.1102230246251565e-16,37
38,18,45,9.71445146547012e-17,37
38,19,41,9.71445146547012e-17,37
38,20,45,9.540979117872439e-17,37
