gw,variant,n,brier,log_loss,xmins_mae,xmins_rmse
22,role_control,799,0.08688389932681523,0.2746305470306871,12.687795809559395,24.02594347826858
22,workload_start,799,0.0826662472910994,0.26353947833144553,12.485090577669139,23.58133645141427
22,role_decomposition,799,0.08688389932681523,0.2746305470306871,13.453682341406376,23.890653315882858
22,workload_decomposition,799,0.0826662472910994,0.26353947833144553,13.083711781055575,23.45817885147028
22,pl_only_start,799,0.08455551685385664,0.26864934805964674,12.892547210924178,23.854349600022736
23,role_control,803,0.06550119375767736,0.2225099056551337,11.22813627947889,20.58907796379335
23,workload_start,803,0.06397099819767409,0.21459977866088356,10.781502068807951,20.16299778008649
23,role_decomposition,803,0.06550119375767736,0.2225099056551337,11.90393381524561,20.544076144089203
23,workload_decomposition,803,0.06397099819767409,0.21459977866088356,11.349790966675291,19.958026197790193
23,pl_only_start,803,0.06643095299390792,0.22497377202410743,11.268137792473986,20.322712555149938
24,role_control,811,0.0771893289719197,0.25581283571023244,12.077845768173054,21.781235842790714
24,workload_start,811,0.07366895093593157,0.24405792292467662,11.242596308442005,21.274851689756925
24,role_decomposition,811,0.0771893289719197,0.25581283571023244,12.693376499832079,21.723342688025543
24,workload_decomposition,811,0.07366895093593157,0.24405792292467662,11.653939878620175,21.101182438395686
24,pl_only_start,811,0.0750528121143953,0.24785726565603797,11.461925932219442,21.48792973253124
25,role_control,817,0.07290931095469788,0.24669515028505867,11.302837984289193,20.85907343216527
25,workload_start,817,0.07138517614587031,0.24849381355873124,10.749620896750496,20.66293155612651
25,role_decomposition,817,0.07290931095469788,0.24669515028505867,12.015470374486648,20.97249827168406
25,workload_decomposition,817,0.07138517614587031,0.24849381355873124,11.428932894350597,20.838333842277347
25,pl_only_start,817,0.07258284227864914,0.25376398492170854,10.840806420552164,20.792560064095685
26,role_control,896,0.07363900005691679,0.24792265925438356,11.332632893230924,20.940545450306995
26,workload_start,896,0.0720828856630924,0.2349298581317027,11.010088975424038,20.63082882641998
26,role_decomposition,896,0.07363900005691679,0.24792265925438356,12.238287269367271,21.03491522806992
26,workload_decomposition,896,0.0720828856630924,0.2349298581317027,11.777702587490634,20.756486695298776
26,pl_only_start,896,0.07326768271167687,0.24014107920587274,11.345577659104801,20.76630619818279
27,role_control,818,0.06077155147107069,0.20884589586310118,10.974131127773367,19.805950247411356
27,workload_start,818,0.059857836228100855,0.20655878053599436,10.759073065132007,19.42026354373041
27,role_decomposition,818,0.06077155147107069,0.20884589586310118,11.48274179666756,19.369643145559856
27,workload_decomposition,818,0.059857836228100855,0.20655878053599436,11.278432191148267,19.263441639986894
27,pl_only_start,818,0.0608334490548919,0.20952340243635503,10.9403163336444,19.589406644923226
28,role_control,819,0.06227964625479466,0.2126595446555156,10.597311004179156,19.82673638233101
28,workload_start,819,0.06042934120975394,0.2055664215748821,10.30732844356252,19.614373629671565
28,role_decomposition,819,0.06227964625479466,0.2126595446555156,11.410869426954669,19.959879965985806
28,workload_decomposition,819,0.06042934120975394,0.2055664215748821,10.846584283918121,19.54382137825558
28,pl_only_start,819,0.0610441230197093,0.21109805198847809,10.71158802254022,19.68914952384257
29,role_control,820,0.07588250572426385,0.25045951205360356,11.505083240575043,21.47511864094294
29,workload_start,820,0.0750003352662253,0.24682645456956362,11.073562402395662,21.35962221222826
29,role_decomposition,820,0.07588250572426385,0.25045951205360356,12.170807425233438,21.423996697559865
29,workload_decomposition,820,0.0750003352662253,0.24682645456956362,11.529782562459637,21.225268712159814
29,pl_only_start,820,0.07498093103643454,0.24705396810038044,11.265764744246303,21.301165665713164
30,role_control,822,0.09585293165522947,0.29804785515117194,13.418256943440099,24.352197561736276
30,workload_start,822,0.09408589419752379,0.2865748436675921,13.185434424710557,23.935937003630336
30,role_decomposition,822,0.09585293165522947,0.29804785515117194,13.89916925946132,23.840511894702857
30,workload_decomposition,822,0.09408589419752379,0.2865748436675921,13.638006208988038,23.62195382669173
30,pl_only_start,822,0.09409885683219223,0.2888627603601751,13.30772102921392,23.9860231243505
31,role_control,664,0.06501290392299482,0.21535879218647758,11.004407050838665,20.36293005704224
31,workload_start,664,0.06530459302621393,0.2149300122155487,10.772210244279792,20.218010205980534
31,role_decomposition,664,0.06501290392299482,0.21535879218647758,11.501255424937824,19.97945134981852
31,workload_decomposition,664,0.06530459302621393,0.2149300122155487,11.23679752727052,19.920465936189316
31,pl_only_start,664,0.06596246674899954,0.2182120632757566,11.167828007703642,20.210743388043646
32,role_control,826,0.0914569201297251,0.28752513669976876,13.11942595952537,24.12354255123292
32,workload_start,826,0.08821201358064513,0.2785617952125067,14.026781259734621,23.451057326508884
32,role_decomposition,826,0.0914569201297251,0.28752513669976876,13.602069667909527,23.783193748588285
32,workload_decomposition,826,0.08821201358064513,0.2785617952125067,14.83803387335721,23.403677643202272
32,pl_only_start,826,0.08895019765306114,0.2815527658663496,14.10364324252243,23.46118861633934
33,role_control,1077,0.06309409825555366,0.21412024867269494,10.903981876171802,19.932992416273702
33,workload_start,1077,0.0626413144485371,0.21070310504468714,10.388230566310224,19.90892866564485
33,role_decomposition,1077,0.06309409825555366,0.21412024867269494,11.5938710829301,19.96230962165838
33,workload_decomposition,1077,0.0626413144485371,0.21070310504468714,10.967706303486853,19.935680514263847
33,pl_only_start,1077,0.06251944408342172,0.20981044494498577,10.476750446766681,19.80990786436076
34,role_control,582,0.06877271523127146,0.22356057900402626,11.25978334482809,20.748179715296835
34,workload_start,582,0.06620637409110734,0.2109642139828971,10.185331559781076,20.166231666405093
34,role_decomposition,582,0.06877271523127146,0.22356057900402626,12.10724845847439,21.14425757830966
34,workload_decomposition,582,0.06620637409110734,0.2109642139828971,10.90037504053775,20.546137962462005
34,pl_only_start,582,0.06691091449148134,0.21188392082363655,10.240480784522564,20.2271860686354
35,role_control,832,0.08596476144556224,0.27862281429764113,12.10756922582932,22.204099804864317
35,workload_start,832,0.08494981334809053,0.27341713624232883,11.491786189400194,22.136943192752923
35,role_decomposition,832,0.08596476144556224,0.27862281429764113,12.813723068135582,22.32269203503835
35,workload_decomposition,832,0.08494981334809053,0.27341713624232883,12.15838306153594,22.275444815945804
35,pl_only_start,832,0.08520934530297411,0.2734098767090575,11.543539336554014,22.136411718925963
36,role_control,920,0.08226131502728423,0.2666389953139477,12.504831209684856,23.115515563021532
36,workload_start,920,0.08111481718022061,0.25653584227455956,12.0727404615783,22.94636243187707
36,role_decomposition,920,0.08226131502728423,0.2666389953139477,13.04881121161764,22.816476070370964
36,workload_decomposition,920,0.08111481718022061,0.25653584227455956,12.536409099784317,22.620106262206814
36,pl_only_start,920,0.0807944104489459,0.257455823111056,12.263416571271684,22.88647885608856
37,role_control,840,0.06502912433338964,0.2153069282687314,10.69969506279337,19.655877663298543
37,workload_start,840,0.06513465444544805,0.2105012254596745,10.205317992785767,19.73994819841766
37,role_decomposition,840,0.06502912433338964,0.2153069282687314,11.457160780121272,19.629633926663832
37,workload_decomposition,840,0.06513465444544805,0.2105012254596745,10.809220863746694,19.6284074787568
37,pl_only_start,840,0.06533709257618148,0.21148258884957183,10.368355087844419,19.764023102832173
38,role_control,841,0.10893823311047339,0.34684975146175445,14.166981933746667,26.238914894270366
38,workload_start,841,0.10695395378219412,0.33753253214597456,13.796190951422,25.957707496444876
38,role_decomposition,841,0.10893823311047339,0.34684975146175445,14.509364975369854,25.691980586426673
38,workload_decomposition,841,0.10695395378219412,0.33753253214597456,14.084156922632484,25.453577351577685
38,pl_only_start,841,0.10662302010855897,0.3392599672088609,13.967442680072862,25.900746312924195
