group,component,n,mean_mae_contribution,whole_cohort_weighted_mae_contribution,mean_mse_contribution
all,start_duration,13987,0.294945011516131,0.294945011516131,-3.9830593500132205
all,sub_probability,13987,0.28186855254093685,0.28186855254093685,1.2864149515396273
all,sub_duration,13987,0.07007612868891466,0.07007612868891466,-2.9381830556317263
actual_start,start_duration,3740,0.4109853304305402,0.10989383969473228,-32.07166807967336
actual_start,sub_probability,3740,0.33525334889009145,0.08964377814034045,20.56621973293372
actual_start,sub_duration,3740,0.09252364753424824,0.024740004416821938,-1.2449519377459835
actual_sub,start_duration,1377,0.39347807353339787,0.038737349485628715,-2.8516207350466285
actual_sub,sub_probability,1377,-0.5524811323211081,-0.0543909715597459,-26.07413880479853
actual_sub,sub_duration,1377,-0.13701270729295612,-0.013488703649274368,-18.607106911894654
no_appearance,start_duration,8870,0.23072056741943803,0.14631382233577,7.6847428682641095
no_appearance,sub_probability,8870,0.3888855060594484,0.24661574596034225,-2.5953198128274826
no_appearance,sub_duration,8870,0.0927601880649562,0.05882482792136709,-1.2196459903350663
high_role_impact,start_duration,1994,0.31267866078863005,0.044575766755739495,-5.546482935631005
high_role_impact,sub_probability,1994,-0.02795412148551596,-0.0039851661001014385,2.612329080691285
high_role_impact,sub_duration,1994,0.10009506549559916,0.014269647572619198,-0.29488269911592835
