slice,arm,n,brier,log_loss,xmins_mae,xmins_rmse,xmins_bias
all,v4,13987,0.07506270559863747,0.24438059424582695,11.473758971438937,21.5831631959939,-0.19095020583008251
all,v4rc,13987,0.07506270559863747,0.24438059424582695,11.473758971438937,21.5831631959939,-0.19095020583008251
v4_pstart_0.20_to_0.80,v4,2536,0.2186438755381162,0.6275512215176358,29.63344555527681,34.58791799550061,-1.2284624867248506
v4_pstart_0.20_to_0.80,v4rc,2536,0.2186438755381162,0.6275512215176358,29.63344555527681,34.58791799550061,-1.2284624867248506
known_role,v4,7618,0.13138362979406992,0.41639688642383094,19.687042196814637,28.521500339195747,-0.44494923382698726
known_role,v4rc,7618,0.13138362979406992,0.41639688642383094,19.687042196814637,28.521500339195747,-0.44494923382698726
POSTHOC_actual_substitute,v4,1377,0.17531044177537464,0.518372199491332,20.347459026031384,27.1921363768105,11.344907006045155
POSTHOC_actual_substitute,v4rc,1377,0.17531044177537464,0.518372199491332,20.347459026031384,27.1921363768105,11.344907006045155
POSTHOC_actual_starter,v4,3740,0.14178299474843511,0.47096461600960604,21.612624083569358,29.888734907934943,-18.69694092470356
POSTHOC_actual_starter,v4rc,3740,0.14178299474843511,0.47096461600960604,21.612624083569358,29.888734907934943,-18.69694092470356
POSTHOC_did_not_play,v4,8870,0.031367664546144744,0.10630723665624472,5.821172669912262,15.591878167455187,5.821172669912262
POSTHOC_did_not_play,v4rc,8870,0.031367664546144744,0.10630723665624472,5.821172669912262,15.591878167455187,5.821172669912262
